[{"family":"MaterialIcons","fonts":[{"asset":"fonts/MaterialIcons-Regular.otf"}]},{"family":"Rubik","fonts":[{"asset":"assets/fonts/Rubik/Rubik-Regular.ttf"},{"weight":700,"asset":"assets/fonts/Rubik/Rubik-Bold.ttf"},{"weight":700,"style":"italic","asset":"assets/fonts/Rubik/Rubik-BoldItalic.ttf"},{"weight":900,"asset":"assets/fonts/Rubik/Rubik-ExtraBold.ttf"},{"weight":500,"asset":"assets/fonts/Rubik/Rubik-Medium.ttf"},{"weight":200,"asset":"assets/fonts/Rubik/Rubik-Light.ttf"}]},{"family":"packages/cupertino_icons/CupertinoIcons","fonts":[{"asset":"packages/cupertino_icons/assets/CupertinoIcons.ttf"}]}]