[1,["4fL2aIfVZAc4v98pR+hqfs@f9941","319l+8zwBFUIUJ1C6a/Q6a@6c48a","97JD5bF7xG9JdkjQFb/xl1@f9941","97L/4LtgtCKZk/DFBD4YxS@f9941","319l+8zwBFUIUJ1C6a/Q6a@f9941","890rfm7y1GMows7izoyvdM@f9941","a5WJcnSsZLraazgmWXm1MA@f9941","20g1ukYUVPvKWKBRznAKo+@f9941","54TknWPwVPqJqeCR+Y/Czo@f9941","95EkngnxZFbYuFpsqVTaFr@f9941","6c/HBr90hLZpQ2IziJmkxC@f9941","890rfm7y1GMows7izoyvdM@6c48a","97L/4LtgtCKZk/DFBD4YxS@6c48a","a5WJcnSsZLraazgmWXm1MA@6c48a"],["node","_spriteFrame","_textureSource","_target","_parent","root","spIcon","wgMenu","nodeCarParent","data","_normalSprite","_hoverSprite","_pressedSprite","_disabledSprite"],[["cc.Node",["_name","_layer","_components","_prefab","_parent","_lpos","_children","_lscale","_lrot","_euler"],1,9,4,1,5,2,5,5,5],["cc.Widget",["_alignFlags","_alignMode","_originalWidth","_left","_originalHeight","_bottom","_right","_top","_name","node","__prefab"],-6,1,4],["cc.Sprite",["_isTrimmedMode","_sizeMode","_type","node","__prefab","_spriteFrame","_color"],0,1,4,6,5],"cc.SpriteFrame",["cc.Button",["_transition","_zoomScale","_name","node","__prefab","_normalColor","clickEvents","_target","_normalSprite","_hoverSprite","_pressedSprite","_disabledSprite"],0,1,4,5,9,1,6,6,6,6],["cc.Label",["_string","_actualFontSize","_fontSize","_name","_horizontalAlign","_lineHeight","_enableWrapText","_isBold","node","__prefab","_color"],-5,1,4,5],["cc.Node",["_name","_layer","_active","_parent","_components","_prefab","_lpos","_children"],0,1,12,4,5,2],["cc.UITransform",["_name","node","__prefab","_contentSize"],2,1,4,5],["cc.Prefab",["_name"],2],["cc.CompPrefabInfo",["fileId"],2],["ec04bogempOHrQhVVHVqSZV",["node","__prefab","nodeCarParent","wgMenu","spIcon"],3,1,4,1,1,1],["cc.PrefabInfo",["fileId","instance","targetOverrides","nestedPrefabInstanceRoots","root","asset"],-1,1,1],["cc.ClickEvent",["_componentId","handler","target"],1,1],["f130br9GwZGkJEkRGonhXxR",["node","__prefab"],3,1,4],["c4c1axXN+NL4oYQEr2M4qn2",["_dataID","node","__prefab"],2,1,4],["cc.Layout",["_resizeMode","_layoutType","_spacingY","node","__prefab"],0,1,4]],[[9,0,2],[11,0,1,2,3,4,5,5],[7,1,2,3,1],[14,0,1,2,2],[0,0,1,4,6,2,3,5,3],[0,0,1,4,2,3,3],[0,0,1,4,2,3,5,3],[1,0,2,4,1,9,10,5],[1,0,5,1,9,10,4],[2,1,0,3,4,5,3],[12,0,1,2,3],[13,0,1,1],[8,0,2],[0,0,1,6,2,3,3],[0,0,1,6,2,3,5,3],[0,0,1,2,3,5,3],[0,0,1,4,6,2,3,3],[0,0,1,4,2,3,5,8,7,9,3],[0,0,1,4,2,3,7,3],[6,0,1,3,7,4,5,6,3],[6,0,2,1,3,4,5,6,4],[7,0,1,2,3,2],[1,8,0,3,1,9,10,5],[1,0,3,6,2,1,9,10,6],[1,0,7,1,9,10,4],[1,0,3,6,7,5,2,4,1,9,10,9],[10,0,1,2,3,4,1],[4,3,4,5,1],[4,0,1,3,4,6,5,7,8,9,10,11,3],[4,2,0,1,3,4,6,5,7,4],[2,2,0,3,4,5,3],[2,2,1,3,4,5,3],[2,1,0,3,4,6,5,3],[2,2,1,0,3,4,5,4],[2,1,0,3,4,3],[5,3,0,4,1,2,8,9,10,6],[5,0,1,5,8,9,10,4],[5,0,1,2,6,7,8,9,10,6],[15,0,1,2,3,4,4]],[[[{"name":"commonTitle01","rect":{"x":0,"y":0,"width":262,"height":72},"offset":{"x":0,"y":0},"originalSize":{"width":262,"height":72},"rotated":false,"capInsets":[0,0,0,0],"vertices":{"rawPosition":[-131,-36,0,131,-36,0,-131,36,0,131,36,0],"indexes":[0,1,2,2,1,3],"uv":[0,72,262,72,0,0,262,0],"nuv":[0,0,1,0,0,1,1,1],"minPos":{"x":-131,"y":-36,"z":0},"maxPos":{"x":131,"y":36,"z":0}},"packable":true,"pixelsToUnit":100,"pivot":{"x":0.5,"y":0.5},"meshType":0}],[3],0,[0],[2],[1]],[[[12,"invincible"],[13,"invincible",33554432,[-9,-10,-11],[[2,-2,[0,"42AKl1mwNDrZqG+o/N7PWr"],[5,720,1280]],[7,45,100,100,1,-3,[0,"e3VxkRmENHoa67GqZKDFsu"]],[26,-7,[0,"87ODeZ9hZLG67Efhfepj4o"],-6,-5,-4],[27,-8,[0,"45d9/Czd5DEp5sXxyjIq2J"],[4,4292269782]]],[1,"3eeCHJYJxOu6puQ0hGBZr6",null,null,null,-1,0]],[14,"btnOK",33554432,[-18,-19],[[2,-12,[0,"e1pMCDzq9Ok6K8SWXF1RKd"],[5,208,88]],[30,1,false,-13,[0,"d8/9Lt8O1HZKIFoKl+EvB1"],5],[28,3,0.85,-15,[0,"f6vKYQFoZFxriIKmihRFbu"],[[10,"ec04bogempOHrQhVVHVqSZV","onBtnOKClick",1]],[4,4292269782],-14,6,7,8,9],[8,4,70.4,1,-16,[0,"ecs8o4yK9Jp4kD58Cjfqyk"]],[11,-17,[0,"cfGiHppNZGxbG14/2Vk3G1"]]],[1,"2d2fcCMEdPHYln6oCVHKop",null,null,null,1,0],[1,0,35.2,0]],[15,"btnClose",33554432,[[21,"btnNormal<UITransform>",-20,[0,"ea57LbSVJJE7o9Ddu7l3zw"],[5,60,50.4]],[35,"btnNormal<Label>","关闭",0,30,30,-21,[0,"ecw75B8OVAiYibs7haHHAj"],[4,4289374632]],[29,"btnNormal<Button>",3,0.85,-23,[0,"28eM7pY4ZCD5ZF8OUZzVtX"],[[10,"ec04bogempOHrQhVVHVqSZV","onBtnCloseClick",1]],[4,4292269782],-22],[22,"btnNormal<Widget>",4,300,1,-24,[0,"02x6JRGvJE6IHcCOYaPHlg"]],[11,-25,[0,"3fN8LmYRJD8oCuWKkReE7a"]],[3,"invinceible.close",-26,[0,"abrotruN5BmrBU+4ZEwP4I"]]],[1,"fb7YGkU35EdL64/ca6YrVF",null,null,null,1,0],[1,0,-54,0]],[4,"frame",33554432,1,[-30,-31,-32],[[2,-27,[0,"fdE7LPnmFPprHMET7gYDRQ"],[5,580,415]],[31,1,0,-28,[0,"b09M+T2DZMkrFvaI9Xu5Dk"],4],[23,40,70,70,100,1,-29,[0,"fbkVq1Kn1IJIuqr3lPBq9e"]]],[1,"3bz6BVNchOd5541UJfYIYW",null,null,null,1,0],[1,0,137,0]],[19,"menu",33554432,1,[2,3],[[[2,-33,[0,"506qRGwJ9Jo5X57ks07p4E"],[5,200,158.4]],[38,1,2,20,-34,[0,"d1oSNpV/hCxJRvY6IE17cJ"]],-35],4,4,1],[1,"4caLINAWpGIY2di93ralii",null,null,null,1,0],[1,0,-292,0]],[4,"title",33554432,4,[-39],[[2,-36,[0,"ec6GzxZHpKCIAgRarPzker"],[5,262,72]],[9,2,false,-37,[0,"9b51tuHxxHl4yjXsJKdJsD"],2],[24,1,-71,1,-38,[0,"cfw8FJ/7VAcp1EK/VgFwwz"]]],[1,"494aLCIjZJlLDvt/30mnoT",null,null,null,1,0],[1,-1.556,242.5,0]],[5,"bg",33554432,1,[[2,-40,[0,"9cxSrtB9tB14Jk5zyu01Ep"],[5,720,1280]],[32,0,false,-41,[0,"8aH/fcQWxLkbQMWQqZTTh+"],[4,3372220415],0],[7,45,100,100,1,-42,[0,"52Ev/phA9J1po1V9v0zaj1"]]],[1,"5bN8QAi59IZrbJJcaeUPBW",null,null,null,1,0]],[5,"bg",33554432,4,[[2,-43,[0,"a2sDOxdTlLW5mZmfvUvGM0"],[5,540,375]],[33,1,0,false,-44,[0,"6bWOGcTv9LS7sece2YxaZT"],1],[25,45,20,20,20,20,100,100,1,-45,[0,"3di4UroEhMhq+O5VIgXwl/"]]],[1,"04JlOhVgxLwpqN1mdK6+kR",null,null,null,1,0]],[6,"txt",33554432,6,[[2,-46,[0,"79+n2dRQpHvqpM8PljCp1e"],[5,160,60.48]],[36,"无敌开局",40,48,-47,[0,"49JRMcV2dCR5Lf/X8n0fwQ"],[4,4293327615]],[3,"invinceible.title",-48,[0,"f3ab37kShNloneKuhpdeeF"]]],[1,"09OTTCS1RHLqOrA+cjIjol",null,null,null,1,0],[1,0,-5,0]],[16,"carShow",33554432,4,[-50,-51],[[2,-49,[0,"3d9Mk0o5VIP4GdzUX4XCDg"],[5,320,320]]],[1,"a24gbwkdFKB6QENAPfgAia",null,null,null,1,0]],[6,"txt",33554432,2,[[2,-52,[0,"73YShWNkZM/b03b28nnirE"],[5,82,50.4]],[37,"确 认",36,36,false,true,-53,[0,"59CdX8VlBKEZ0V7tfOWQ16"],[4,4279976099]],[3,"invinceible.confirm",-54,[0,"15lgFT8MhJnoHH069NMcR9"]]],[1,"7c9dJJe39ED7QNYgKkSON1",null,null,null,1,0],[1,-0.561,1.836,0]],[17,"car",33554432,10,[[2,-55,[0,"1900Ija0ZEeZiFxszgFp3F"],[5,320,320]]],[1,"16KpemNklHXYWhmNtF5P8e",null,null,null,1,0],[1,0,-30,40],[3,0.3826834323650898,0,0,0.9238795325112867],[1,2,2,2],[1,45,0,0]],[18,"img",33554432,10,[[2,-56,[0,"d53JPKTxxG6qoxfFuvQjdO"],[5,189,198]],[9,2,false,-57,[0,"c6WEBBLVhDZ64MH5Anbgh9"],3]],[1,"4aKk3eSzFOyqZl8hzts6+0",null,null,null,1,0],[1,2,2,2]],[20,"icon",false,33554432,2,[[[2,-58,[0,"a3zzo4pkFOhLd/8WTf5ifj"],[5,58,40]],-59],4,1],[1,"d3jRc/LnlGboaKNnIjBMGW",null,null,null,1,0],[1,-51,0,0]],[34,2,false,14,[0,"58xQy1dZFBFq3UUa154Ns7"]],[8,4,268.8,1,5,[0,"d8u7Xu51xHYa4YzIFXuBkx"]]],0,[0,5,1,0,0,1,0,0,1,0,6,15,0,7,16,0,8,12,0,0,1,0,0,1,0,-1,7,0,-2,4,0,-3,5,0,0,2,0,0,2,0,3,2,0,0,2,0,0,2,0,0,2,0,-1,14,0,-2,11,0,0,3,0,0,3,0,3,3,0,0,3,0,0,3,0,0,3,0,0,3,0,0,4,0,0,4,0,0,4,0,-1,8,0,-2,6,0,-3,10,0,0,5,0,0,5,0,-3,16,0,0,6,0,0,6,0,0,6,0,-1,9,0,0,7,0,0,7,0,0,7,0,0,8,0,0,8,0,0,8,0,0,9,0,0,9,0,0,9,0,0,10,0,-1,12,0,-2,13,0,0,11,0,0,11,0,0,11,0,0,12,0,0,13,0,0,13,0,0,14,0,-2,15,0,9,1,2,4,5,3,4,5,59],[0,0,0,0,0,0,0,0,0,0,15],[1,1,1,1,1,1,10,11,12,13,1],[2,3,4,5,6,0,0,7,8,9,10]],[[{"name":"fightShieldImg01","rect":{"x":1,"y":1,"width":186,"height":195},"offset":{"x":-0.5,"y":0.5},"originalSize":{"width":189,"height":198},"rotated":false,"capInsets":[0,0,0,0],"vertices":{"rawPosition":[-93,-97.5,0,93,-97.5,0,-93,97.5,0,93,97.5,0],"indexes":[0,1,2,2,1,3],"uv":[1,197,187,197,1,2,187,2],"nuv":[0.005291005291005291,0.010101010101010102,0.9894179894179894,0.010101010101010102,0.005291005291005291,0.9949494949494949,0.9894179894179894,0.9949494949494949],"minPos":{"x":-93,"y":-97.5,"z":0},"maxPos":{"x":93,"y":97.5,"z":0}},"packable":true,"pixelsToUnit":100,"pivot":{"x":0.5,"y":0.5},"meshType":0}],[3],0,[0],[2],[11]],[[{"name":"fightShieldImg02","rect":{"x":1,"y":1,"width":310,"height":213},"offset":{"x":0,"y":0},"originalSize":{"width":312,"height":215},"rotated":false,"capInsets":[0,0,0,0],"vertices":{"rawPosition":[-155,-106.5,0,155,-106.5,0,-155,106.5,0,155,106.5,0],"indexes":[0,1,2,2,1,3],"uv":[1,214,311,214,1,1,311,1],"nuv":[0.003205128205128205,0.004651162790697674,0.9967948717948718,0.004651162790697674,0.003205128205128205,0.9953488372093023,0.9967948717948718,0.9953488372093023],"minPos":{"x":-155,"y":-106.5,"z":0},"maxPos":{"x":155,"y":106.5,"z":0}},"packable":true,"pixelsToUnit":100,"pivot":{"x":0.5,"y":0.5},"meshType":0}],[3],0,[0],[2],[12]],[[{"name":"commonRectangle1","rect":{"x":0,"y":0,"width":120,"height":120},"offset":{"x":0,"y":0},"originalSize":{"width":120,"height":120},"rotated":false,"capInsets":[46,49,40,56],"vertices":{"rawPosition":[-60,-60,0,60,-60,0,-60,60,0,60,60,0],"indexes":[0,1,2,2,1,3],"uv":[0,120,120,120,0,0,120,0],"nuv":[0,0,1,0,0,1,1,1],"minPos":{"x":-60,"y":-60,"z":0},"maxPos":{"x":60,"y":60,"z":0}},"packable":true,"pixelsToUnit":100,"pivot":{"x":0.5,"y":0.5},"meshType":0}],[3],0,[0],[2],[13]]]]
