[1,["ecpdLyjvZBwrvm+cedCcQy","89d6TWwlNAop6oKltHmdUL","97fP6bIcdJjrBgVBgAURqL","e97GVMl6JHh5Ml5qEDdSGa","29FYIk+N1GYaeWH/q1NxQO","71VhFCTINJM6/Ky3oX9nBT","a9zz1vsAxLtreFNyyln8U/","f7OoSrRZ9GZJPiy8uJpRqz","f0BIwQ8D5Ml7nTNQbh1YlS","b4P/PCArtIdIH38t6mlw8Y","e8Ueib+qJEhL6mXAHdnwbi","30Pd7KorRGX5dgSy9k6uwP"],["node","_textureSetter","_spriteFrame","_N$file","_N$target","_N$normalSprite","_N$pressedSprite","_N$hoverSprite","_N$disabledSprite","scene","_parent"],[["cc.Node",["_name","_opacity","_id","_components","_contentSize","_parent","_trs","_color","_children"],0,9,5,1,7,5,2],"cc.SpriteFrame",["cc.Widget",["_alignFlags","_top","_originalWidth","_originalHeight","_left","_bottom","node"],-3,1],["cc.Label",["_string","_fontSize","_isSystemFontUsed","_N$verticalAlign","_N$horizontalAlign","_enableWrapText","_N$overflow","node","_materials","_N$file"],-4,1,3,6],["cc.Sprite",["_sizeMode","_type","node","_materials","_spriteFrame"],1,1,3,6],["cc.SceneAsset",["_name","asyncLoadAssets"],1],["cc.Canvas",["node","_designResolution"],3,1,5],["dde99Ej+EJB747LAg1IAdNO",["node"],3,1],["cc.Button",["zoomScale","_N$transition","node","clickEvents","_N$pressedColor","_N$disabledColor","_N$target","_N$normalSprite","_N$pressedSprite","_N$hoverSprite","_N$disabledSprite"],1,1,9,5,5,1,6,6,6,6],["cc.ClickEvent",["component","handler","target"],1,1],["cc.Scene",["_name","_children","_anchorPoint","_trs"],2,2,5,7],["cc.Camera",["_clearFlags","_depth","node"],1,1]],[[2,0,1,6,3],[0,0,5,8,3,4,6,2],[0,0,5,3,7,4,2],[2,0,6,2],[4,1,0,2,3,4,3],[4,0,2,3,4,2],[8,0,1,2,3,4,5,6,7,8,9,10,3],[9,0,1,2,3],[3,0,1,5,2,4,3,6,7,8,9,8],[5,0,1,3],[0,0,2,8,3,4,6,3],[0,0,1,5,3,7,4,3],[0,0,5,3,4,6,2],[0,0,5,3,7,4,6,2],[0,0,1,5,3,7,4,6,3],[0,0,5,3,6,2],[6,0,1,1],[7,0,1],[2,0,2,3,6,4],[2,0,4,5,6,4],[3,0,1,2,4,3,7,8,9,6],[3,0,1,2,3,7,8,9,5],[10,0,1,2,3,2],[11,0,1,2,3]],[[[{"name":"default_btn_disabled","rect":[0,0,40,40],"offset":[0,0],"originalSize":[40,40],"capInsets":[12,12,12,12]}],[1],0,[0],[1],[5]],[[{"name":"skysc_bg","rect":[0,0,1,1],"offset":[0,0],"originalSize":[1,1],"capInsets":[0,0,0,0]}],[1],0,[0],[1],[6]],[[[9,"skyscraper_start",null],[10,"Canvas","0bejnvKZ1EjKhwPRn/M4S8",[-4,-5,-6,-7,-8,-9,-10],[[16,-1,[5,375,750]],[17,-2],[3,45,-3]],[5,375,750],[187.5,375,0,0,0,0,1,1,1,1]],[1,"skyscBack",1,[-15],[[4,1,0,-11,[6],7],[6,0.9,3,-13,[[7,"skysc_start","backTheGameList",1]],[4,4294967295],[4,4294967295],-12,8,9,10,11],[0,17,340,-14]],[5,150,40],[0,15,0,0,0,0,1,1,1,1]],[1,"skyscGameStart",1,[-20],[[4,1,0,-16,[14],15],[6,0.95,3,-18,[[7,"skysc_start","startGame",1]],[4,4294967295],[4,4294967295],-17,16,17,18,19],[0,17,280,-19]],[5,150,40],[0,75,0,0,0,0,1,1,1,1]],[11,"skyscStratBg",193,1,[[5,0,-21,[0],1],[18,45,1,1,-22]],[4,4286673992],[5,375,750]],[12,"buildBg",1,[[5,0,-23,[2],3],[3,20,-24]],[5,800,424],[0,-163,0,0,0,0,1,1,1,1]],[13,"gameName",1,[[20,"SKYSCRAPER ~ simple",25,false,1,1,-25,[20],21],[0,1,120,-26]],[4,4294179400],[5,263.19,40],[-4,235,0,0,0,0,1,1,1,1]],[14,"skyscTips",188,1,[[21,"Click the Start button to start.",12,false,1,-27,[22],23],[19,12,10,5,-28]],[4,4294955452],[5,165,40],[-95,-350,0,0,0,0,1,1,1,1]],[22,"New Node",[1],[0,0,0],[0,0,0,0,0,0,1,1,1,1]],[15,"Main Camera",1,[[23,7,-1,-29]],[0,0,530.0075471160765,0,0,0,1,1,1,1]],[2,"Label",2,[[8,"BACK",20,false,false,1,1,1,-30,[4],5]],[4,4294953336],[5,150,40]],[2,"Label",3,[[8,"START",20,false,false,1,1,1,-31,[12],13]],[4,4294953336],[5,150,40]]],0,[0,0,1,0,0,1,0,0,1,0,-1,9,0,-2,4,0,-3,5,0,-4,2,0,-5,3,0,-6,6,0,-7,7,0,0,2,0,4,2,0,0,2,0,0,2,0,-1,10,0,0,3,0,4,3,0,0,3,0,0,3,0,-1,11,0,0,4,0,0,4,0,0,5,0,0,5,0,0,6,0,0,6,0,0,7,0,0,7,0,0,9,0,0,10,0,0,11,0,9,8,1,10,8,31],[0,0,0,0,0,0,0,0,0,0,0,0,0,0,0,0,0,0,0,0,0,0,0,0],[-1,2,-1,2,-1,3,-1,2,5,6,7,8,-1,3,-1,2,5,6,7,8,-1,3,-1,3],[0,1,0,7,0,2,0,1,8,3,3,4,0,2,0,1,1,3,3,4,0,2,0,2]],[[{"name":"default_btn_pressed","rect":[0,0,40,40],"offset":[0,0],"originalSize":[40,40],"capInsets":[12,12,12,12]}],[1],0,[0],[1],[9]],[[{"name":"default_btn_normal","rect":[0,0,40,40],"offset":[0,0],"originalSize":[40,40],"capInsets":[12,12,12,12]}],[1],0,[0],[1],[10]],[[{"name":"build_env","rect":[0,44,949,504],"offset":[0,-22],"originalSize":[949,548],"capInsets":[0,0,0,0]}],[1],0,[0],[1],[11]]]]