[1,["e97GVMl6JHh5Ml5qEDdSGa","ecpdLyjvZBwrvm+cedCcQy","97fP6bIcdJjrBgVBgAURqL","29FYIk+N1GYaeWH/q1NxQO","f0BIwQ8D5Ml7nTNQbh1YlS","a2MjXRFdtLlYQ5ouAFv/+R","6552s2GCRNpL2OKW1B7+UZ","0aDMLqCChFMaN3WMbBopOx","6fgBCSDDdPMInvyNlggls2","99uCtiW/pHiL7t41qn333i","71VhFCTINJM6/Ky3oX9nBT","27Zmo6sIVEqoKvPtsdVayJ","02delMVqdBD70a/HSD99FK","b4P/PCArtIdIH38t6mlw8Y","e8Ueib+qJEhL6mXAHdnwbi"],["node","_spriteFrame","_textureSetter","_N$target","_N$file","_N$pressedSprite","_N$hoverSprite","_N$disabledSprite","_N$normalSprite","levelBtnLevelTxt","levelModeMask","scene","_parent"],[["cc.Node",["_name","_id","_active","_opacity","_components","_contentSize","_parent","_children","_trs","_color","_anchorPoint"],-1,9,5,1,2,7,5,5],"cc.SpriteFrame",["cc.Widget",["_alignFlags","_left","_top","_originalWidth","_right","_horizontalCenter","_originalHeight","node","_target"],-4,1,1],["cc.Sprite",["_sizeMode","_type","node","_spriteFrame","_materials"],1,1,6,3],["cc.Button",["zoomScale","_N$transition","node","clickEvents","_N$pressedColor","_N$disabledColor","_N$target","_N$pressedSprite","_N$hoverSprite","_N$disabledSprite","_N$normalSprite","_N$hoverColor"],1,1,9,5,5,1,6,6,6,6,5],["cc.Label",["_string","_fontSize","_enableWrapText","_isSystemFontUsed","_N$horizontalAlign","_N$verticalAlign","_N$overflow","node","_N$file","_materials"],-4,1,6,3],["cc.SceneAsset",["_name","asyncLoadAssets"],1],["cc.Node",["_name","_parent","_components","_color","_contentSize"],2,1,2,5,5],["cc.Canvas",["node","_designResolution"],3,1,5],["9b71d3kBf9IQKtD0FfvVopm",["node","levelModeMask","levelBtnLevelTxt"],3,1,1,1],["cc.ClickEvent",["_componentId","handler","target"],1,1],["ce92bwO2b9O7YhkkPUw9i/i",["circlesNum","node"],2,1],["cc.Graphics",["_lineWidth","node","_materials","_fillColor"],2,1,3,5],["cc.Scene",["_name","autoReleaseAssets","_children","_anchorPoint","_trs"],1,2,5,7],["cc.Camera",["_clearFlags","_depth","node"],1,1]],[[2,0,7,2],[10,0,1,2,3],[0,0,6,7,4,5,8,2],[3,1,0,2,4,3,3],[5,0,1,2,3,4,5,6,7,9,8,8],[0,0,6,4,5,2],[0,0,6,4,9,5,2],[2,0,3,6,7,4],[4,0,1,2,3,4,5,6,10,7,8,9,3],[4,0,1,2,3,4,5,6,7,8,9,3],[6,0,1,3],[0,0,1,7,4,5,8,3],[0,0,2,6,7,4,9,5,3],[0,0,6,7,4,5,2],[0,0,6,7,4,5,10,8,2],[0,0,6,4,5,10,2],[0,0,6,4,5,8,2],[0,0,3,6,4,9,5,3],[0,0,6,4,8,2],[7,0,1,2,3,4,2],[8,0,1,1],[9,0,1,2,1],[2,0,1,4,2,3,7,6],[2,0,2,7,8,3],[2,0,1,7,3],[2,0,5,7,3],[3,1,0,2,3,3],[3,1,0,2,3],[3,0,2,4,3,2],[3,0,2,3,2],[4,0,1,2,3,4,11,5,6,10,7,8,9,3],[11,0,1,2],[12,0,1,2,3,2],[13,0,1,2,3,4,3],[14,0,1,2,3],[5,0,1,2,3,4,5,6,7,8],[5,0,1,2,3,4,5,6,7,8,8]],[[[[10,"game_needles_start",null],[11,"Canvas","457uJDy91In5+LILvVv3n5",[-6,-7,-8,-9,-10,-11],[[20,-1,[5,375,750]],[21,-4,-3,-2],[0,45,-5]],[5,375,750],[187.5,375,0,0,0,0,1,1,1,1]],[2,"freeMode",1,[-16],[[3,1,0,-12,[5],6],[30,0.95,3,-14,[[1,"9b71d3kBf9IQKtD0FfvVopm","freeMode",1]],[4,4294967295],[4,16777215],[4,33554431],-13,7,8,9,10],[22,17,111.5,113.5,294.5,150,-15]],[5,150,35],[0,63,0,0,0,0,1,1,1,1]],[2,"levelMode",1,[-21],[[3,1,0,-17,[13],14],[8,0.95,3,-19,[[1,"9b71d3kBf9IQKtD0FfvVopm","levelModeMaskOpen",1]],[4,4294967295],[4,4294967295],-18,15,16,17,18],[23,17,387.5,-20,1]],[5,150,35],[0,-30,0,0,0,0,1,1,1,1]],[2,"backList",1,[-26],[[3,1,0,-22,[21],22],[9,0.95,3,-24,[[1,"9b71d3kBf9IQKtD0FfvVopm","backList",1]],[4,4294967295],[4,4294967295],-23,23,24,25],[24,12,10,-25]],[5,65,50],[-145,-350,0,0,0,0,1,1,1,1]],[12,"levelModeMask",false,1,[-28,-29,-30],[[0,45,-27]],[4,4283453520],[5,375,750]],[13,"levelNumGo",5,[-35],[[26,1,0,-31,27],[8,0.95,3,-33,[[1,"9b71d3kBf9IQKtD0FfvVopm","levelModePlay",1]],[4,4294967295],[4,4294967295],-32,28,29,30,31],[0,18,-34]],[5,150,35]],[2,"close",5,[-40],[[27,1,0,-36],[9,0.95,3,-38,[[1,"9b71d3kBf9IQKtD0FfvVopm","levelModeMaskClose",1]],[4,4294967295],[4,4294967295],-37,33,34,35],[25,12,159,-39]],[5,75,50],[-150,-350,0,0,0,0,1,1,1,1]],[14,"drawBg",1,[-42,-43],[[0,45,-41]],[5,375,750],[0,0,0],[-187.5,-375,0,0,0,0,1,1,1,1]],[15,"graphicContent",8,[[0,45,-44],[31,15,-45],[32,1,-46,[2],[4,2896405411]]],[5,375,750],[0,0,0]],[16,"whiteBg",8,[[28,0,-47,[0],1],[7,45,100,100,-48]],[5,375,750],[187.5,375,0,0,0,0,1,1,1,1]],[17,"maskBg",225,5,[[29,0,-49,26],[7,45,100,100,-50]],[4,4278190080],[5,375,750]],[33,"New Node",true,[1],[0,0,0],[0,0,0,0,0,0,1,1,1,1]],[18,"Main Camera",1,[[34,7,-1,-51]],[0,0,530.0075471160765,0,0,0,1,1,1,1]],[5,"Label",2,[[4,"FREE MODE",18,false,false,1,1,1,-52,[3],4]],[5,150,35]],[5,"Label",3,[[4,"LEVEL MODE",18,false,false,1,1,1,-53,[11],12]],[5,150,35]],[6,"Label",4,[[4,"BACK",20,false,false,1,1,1,-54,[19],20]],[4,4288914339],[5,65,50]],[19,"Label",6,[-55],[4,4286151033],[5,150,35]],[35,"level 1 play",18,false,false,1,1,1,17],[6,"Label",7,[[36,"CLOSE",20,false,false,1,1,1,-56,32]],[4,4294901503],[5,70,50]]],0,[0,0,1,0,9,18,0,10,5,0,0,1,0,0,1,0,-1,13,0,-2,8,0,-3,2,0,-4,3,0,-5,4,0,-6,5,0,0,2,0,3,2,0,0,2,0,0,2,0,-1,14,0,0,3,0,3,3,0,0,3,0,0,3,0,-1,15,0,0,4,0,3,4,0,0,4,0,0,4,0,-1,16,0,0,5,0,-1,11,0,-2,6,0,-3,7,0,0,6,0,3,6,0,0,6,0,0,6,0,-1,17,0,0,7,0,3,7,0,0,7,0,0,7,0,-1,19,0,0,8,0,-1,10,0,-2,9,0,0,9,0,0,9,0,0,9,0,0,10,0,0,10,0,0,11,0,0,11,0,0,13,0,0,14,0,0,15,0,0,16,0,-1,18,0,0,19,0,11,12,1,12,12,56],[0,0,0,0,0,0,0,0,0,0,0,0,0,0,0,0,0,0,0,0,0,0,0,0,0,0,0,0,0,0,0,0,0,0,0,0,18],[-1,1,-1,-1,4,-1,1,8,5,6,7,-1,4,-1,1,8,5,6,7,-1,4,-1,1,5,6,7,1,1,8,5,6,7,4,5,6,7,4],[1,5,8,1,2,1,6,4,0,0,3,1,2,1,6,4,0,0,3,1,2,1,7,0,0,3,5,7,4,0,0,3,2,0,0,3,2]],[[{"name":"needle_game_bg","rect":[0,0,50,50],"offset":[0,0],"originalSize":[50,50],"capInsets":[0,0,0,0]}],[1],0,[0],[2],[9]],[[{"name":"default_btn_disabled","rect":[0,0,40,40],"offset":[0,0],"originalSize":[40,40],"capInsets":[12,12,12,12]}],[1],0,[0],[2],[10]],[[{"name":"needle_mask_bg","rect":[0,0,30,30],"offset":[0,0],"originalSize":[30,30],"capInsets":[0,0,0,0]}],[1],0,[0],[2],[11]],[[{"name":"default_sprite_splash","rect":[0,0,2,2],"offset":[0,0],"originalSize":[2,2],"capInsets":[0,0,0,0]}],[1],0,[0],[2],[12]],[[{"name":"default_btn_pressed","rect":[0,0,40,40],"offset":[0,0],"originalSize":[40,40],"capInsets":[12,12,12,12]}],[1],0,[0],[2],[13]],[[{"name":"default_btn_normal","rect":[0,0,40,40],"offset":[0,0],"originalSize":[40,40],"capInsets":[12,12,12,12]}],[1],0,[0],[2],[14]]]]