[1,["ecpdLyjvZBwrvm+cedCcQy","97fP6bIcdJjrBgVBgAURqL","e97GVMl6JHh5Ml5qEDdSGa","06mphrxddEkoLGpjXe4sL2","6fgBCSDDdPMInvyNlggls2","29FYIk+N1GYaeWH/q1NxQO","01AkSCNSFDsqYIA3Ji1iAg","a2MjXRFdtLlYQ5ouAFv/+R","71VhFCTINJM6/Ky3oX9nBT","02delMVqdBD70a/HSD99FK","b4P/PCArtIdIH38t6mlw8Y"],["node","_N$file","_textureSetter","_spriteFrame","_N$target","_N$pressedSprite","_N$hoverSprite","_N$disabledSprite","previewBlock","bestScoreLabel","overScoreLabel","gameOverInfo","scoreLabel","theBoard","scene","_parent"],[["cc.Node",["_name","_id","_active","_opacity","_components","_parent","_contentSize","_trs","_children","_anchorPoint","_color"],-1,9,1,5,7,2,5,5],["cc.Widget",["_alignFlags","_left","_right","_top","_originalWidth","_bottom","_originalHeight","node"],-4,1],"cc.SpriteFrame",["cc.Label",["_string","_fontSize","_isSystemFontUsed","_N$verticalAlign","_N$horizontalAlign","_lineHeight","_enableWrapText","_N$overflow","node","_materials","_N$file"],-5,1,3,6],["cc.Node",["_name","_parent","_components","_contentSize","_trs","_anchorPoint"],2,1,12,5,7,5],["cc.Sprite",["_sizeMode","_type","node","_materials","_spriteFrame"],1,1,3,6],["cc.SceneAsset",["_name","asyncLoadAssets"],1],["cc.Canvas",["node","_designResolution"],3,1,5],["dca63G0W+lGhZB5wMAKnzti",["node","theBoard","scoreLabel","gameOverInfo","overScoreLabel","bestScoreLabel","previewBlock"],3,1,1,1,1,1,1,1],["cc.Button",["zoomScale","_N$transition","node","clickEvents","_N$pressedColor","_N$disabledColor","_N$target","_N$pressedSprite","_N$hoverSprite","_N$disabledSprite"],1,1,9,5,5,1,6,6,6],["cc.ClickEvent",["_componentId","handler","target"],1,1],["cc.Graphics",["_lineWidth","_lineCap","_miterLimit","node","_materials","_strokeColor"],0,1,3,5],["cc.Scene",["_name","_children","_anchorPoint","_trs"],2,2,5,7],["cc.Camera",["_clearFlags","_depth","node"],1,1]],[[1,0,4,6,7,4],[5,0,2,3,4,2],[0,0,5,8,4,6,7,2],[0,0,5,4,10,6,2],[4,0,1,2,3,4,2],[1,0,7,2],[1,0,1,7,3],[1,0,3,7,3],[5,1,0,2,3,3],[9,0,1,2,3,4,5,6,7,8,9,3],[10,0,1,2,3],[11,0,1,2,3,4,5,4],[3,0,1,2,4,3,8,9,6],[3,0,1,6,2,4,3,7,8,9,10,8],[6,0,1,3],[0,0,1,8,4,6,7,3],[0,0,5,8,4,6,9,7,2],[0,0,2,5,8,4,6,3],[0,0,5,4,6,9,7,2],[0,0,5,8,4,6,2],[0,0,5,4,6,2],[0,0,5,4,2],[0,0,5,4,6,7,2],[0,0,3,5,4,10,6,3],[0,0,5,4,7,2],[4,0,1,2,3,5,4,2],[7,0,1,1],[8,0,1,2,3,4,5,6,1],[1,0,1,2,7,4],[1,0,1,2,3,5,4,6,7,8],[1,0,2,3,5,7,5],[1,0,1,2,3,4,7,6],[12,0,1,2,3,2],[13,0,1,2,3],[3,0,1,5,2,3,8,9,6]],[[[{"name":"snake_bg","rect":[0,0,50,50],"offset":[0,0],"originalSize":[50,50],"capInsets":[0,0,0,0]}],[2],0,[0],[2],[6]],[[[14,"tetris",null],[15,"Canvas","61P06dsGFH1KTt4ZrSuA7n",[-10,-11,-12,-13,-14,-15,-16],[[26,-1,[5,375,750]],[27,-8,-7,-6,-5,-4,-3,-2],[5,45,-9]],[5,375,750],[187.5,375,0,0,0,0,1,1,1,1]],[2,"backList",1,[-21],[[8,1,0,-17,[13]],[9,0.95,3,-19,[[10,"dca63G0W+lGhZB5wMAKnzti","backList",1]],[4,4294967295],[4,4294967295],-18,14,15,16],[6,12,10,-20]],[5,64,50],[-145.5,-350,0,0,0,0,1,1,1,1]],[2,"newGame",1,[-26],[[8,1,0,-22,[19]],[9,0.95,3,-24,[[10,"dca63G0W+lGhZB5wMAKnzti","newGame",1]],[4,4294967295],[4,4294967295],-23,20,21,22],[28,36,-20,10,-25]],[5,116,50],[119.5,-350,0,0,0,0,1,1,1,1]],[16,"board",1,[-28,-29,-30],[[29,18,97.5,97.5,195,195,180,360,-27]],[5,202,382],[0,0,0],[-101,-191,0,0,0,0,1,1,1,1]],[17,"gameOverInfo",false,1,[-32,-33],[[0,45,375,750,-31]],[5,375,750]],[18,"previewBlock",4,[[30,12,101,-427,-90,-34],[11,1,1,5,-35,[5],[4,4280427043]]],[5,80,80],[0,0,0],[0,-90,0,0,0,0,1,1,1,1]],[19,"overScore",5,[-37,-38],[[5,42,-36]],[5,375,80]],[20,"bgImg",1,[[1,0,-39,[0],1],[0,45,375,54,-40]],[5,375,750]],[21,"blockContainer",4,[[11,0,1,5,-41,[2],[4,4280427043]]]],[22,"maskTop",4,[[7,41,-90,-42],[1,0,-43,[3],4]],[5,202,90],[101,427,0,0,0,0,1,1,1,1]],[25,"score",1,[[-44,[6,9,5,-45]],1,4],[5,102.67,46],[0,0,0],[-182.5,329,0,0,0,0,1,1,1,1]],[23,"overMaskBg",190,5,[[1,0,-46,[7],8],[0,45,100,100,-47]],[4,4278190080],[5,375,750]],[4,"nowScore",7,[[-48,[31,17,133.5,143.5,10,98,-49]],1,4],[5,91.67,40],[0,10,0,0,0,0,1,1,1,1]],[4,"bestSCore",7,[[-50,[7,17,41.67,-51]],1,4],[5,127.72,40],[0,-21.67,0,0,0,0,1,1,1,1]],[32,"New Node",[1],[0,0,0],[0,0,0,0,0,0,1,1,1,1]],[24,"Main Camera",1,[[33,7,-1,-52]],[0,0,530.0075471160765,0,0,0,1,1,1,1]],[34,"score: 0",28,46,false,1,11,[6]],[12,"score: 0",25,false,1,1,13,[9]],[12,"best score: 0",22,false,1,1,14,[10]],[3,"Label",2,[[13,"BACK",20,false,false,1,1,1,-53,[11],12]],[4,4281903801],[5,64,50]],[3,"Label",3,[[13,"NEW GAME",20,false,false,1,1,1,-54,[17],18]],[4,4280274919],[5,116,50]]],0,[0,0,1,0,8,6,0,9,19,0,10,18,0,11,5,0,12,17,0,13,9,0,0,1,0,0,1,0,-1,16,0,-2,8,0,-3,4,0,-4,11,0,-5,5,0,-6,2,0,-7,3,0,0,2,0,4,2,0,0,2,0,0,2,0,-1,20,0,0,3,0,4,3,0,0,3,0,0,3,0,-1,21,0,0,4,0,-1,9,0,-2,10,0,-3,6,0,0,5,0,-1,12,0,-2,7,0,0,6,0,0,6,0,0,7,0,-1,13,0,-2,14,0,0,8,0,0,8,0,0,9,0,0,10,0,0,10,0,-1,17,0,0,11,0,0,12,0,0,12,0,-1,18,0,0,13,0,-1,19,0,0,14,0,0,16,0,0,20,0,0,21,0,14,15,1,15,15,54],[0,0,0,0,0,0,0,0,0,0,0,0,0,0,0,0,0,0,0,0,0,0,0,17,18,19],[-1,3,-1,-1,3,-1,-1,-1,3,-1,-1,-1,1,-1,5,6,7,-1,1,-1,5,6,7,1,1,1],[0,3,4,0,3,4,0,0,7,0,0,0,1,0,2,2,5,0,1,0,2,2,5,1,1,1]],[[{"name":"default_btn_disabled","rect":[0,0,40,40],"offset":[0,0],"originalSize":[40,40],"capInsets":[12,12,12,12]}],[2],0,[0],[2],[8]],[[{"name":"default_sprite_splash","rect":[0,0,2,2],"offset":[0,0],"originalSize":[2,2],"capInsets":[0,0,0,0]}],[2],0,[0],[2],[9]],[[{"name":"default_btn_pressed","rect":[0,0,40,40],"offset":[0,0],"originalSize":[40,40],"capInsets":[12,12,12,12]}],[2],0,[0],[2],[10]]]]