[1,["43nNvCIcVNq4ZczyG5JvCx@6c48a"],["_textureSource"],["cc.SpriteFrame"],0,[{"name":"car111","rect":{"x":2,"y":24,"width":156,"height":116},"offset":{"x":0,"y":-2},"originalSize":{"width":160,"height":160},"rotated":false,"capInsets":[0,0,0,0],"vertices":{"rawPosition":[-78,-58,0,78,-58,0,-78,58,0,78,58,0],"indexes":[0,1,2,2,1,3],"uv":[2,136,158,136,2,20,158,20],"nuv":[0.0125,0.125,0.9875,0.125,0.0125,0.85,0.9875,0.85],"minPos":{"x":-78,"y":-58,"z":0},"maxPos":{"x":78,"y":58,"z":0}},"packable":true,"pixelsToUnit":100,"pivot":{"x":0.5,"y":0.5},"meshType":0}],[0],0,[0],[0],[0]]
