[1,["ecpdLyjvZBwrvm+cedCcQy","baT+TbMTRNy5Q0iSQSwtKy","a6qDMYo/ZBmrFnDLhBTdY5","a8kGHn1LlArqWi8X/xeoKo","9cFMHw33ZJO7BllbGKipSZ","65ole+5mVNVrNIxuDnLM8G","e5QmTUTBdFBLeaAnml2Jld","d9ZF3HUv1CTrUenk+/lh+e","36KA7z1UREg5+/jliItJEh","651pVADjVBpp2BcUVFgGAg"],["node","_spriteFrame","_textureSetter","loginButton","loadingBar","scene","_parent","worldSceneBGM"],["cc.SpriteFrame",["cc.Node",["_name","_id","_components","_contentSize","_trs","_parent","_children"],1,9,5,7,1,2],["cc.Sprite",["_sizeMode","_fillRange","_type","node","_spriteFrame","_materials"],0,1,6,3],["cc.Node",["_name","_active","_parent","_components","_contentSize","_trs","_children"],1,1,12,5,7,2],["cc.SceneAsset",["_name","asyncLoadAssets"],1],["cc.Node",["_name","_parent","_components","_contentSize","_anchorPoint","_trs"],2,1,2,5,5,7],["cc.Canvas",["_fitWidth","_fitHeight","node","_designResolution"],1,1,5],["5f4845Bus5AQoZakK7KAXht",["node","loadingBar","loginButton","worldSceneBGM"],3,1,1,1,6],["cc.Widget",["_alignFlags","node"],2,1],["cc.Scene",["_name","_children","_anchorPoint","_trs"],2,2,5,7],["cc.Camera",["_clearFlags","_depth","node"],1,1],["cc.Button",["node","clickEvents","_N$normalColor","_N$target"],3,1,9,5,1],["cc.ClickEvent",["component","handler","target"],1,1],["cc.Label",["_fontSize","_lineHeight","_N$horizontalAlign","_N$verticalAlign","node"],-1,1],["cc.ProgressBar",["_N$totalLength","node","_N$barSprite"],2,1,1],["cc.AudioClip",["_name","_native","duration"],0]],[[2,3,5,4,1],[4,0,1,3],[1,0,1,6,2,3,4,3],[1,0,5,2,4,2],[1,0,5,2,3,2],[1,0,5,2,3,4,2],[3,0,1,2,6,3,4,5,3],[3,0,2,3,4,5,2],[5,0,1,2,3,4,5,2],[6,0,1,2,3,3],[7,0,1,2,3,1],[8,0,1,2],[2,0,1,3,4,3],[2,2,0,1,3,4],[9,0,1,2,3,2],[10,0,1,2,3],[11,0,1,2,3,1],[12,0,1,2,3],[13,0,1,2,3,4,5],[14,0,1,2,2],[15,0,1,2,4]],[[[[1,"Login",null],[2,"Canvas","c70Gu0MzlBTJQPrzgPzVgf",[-6,-7,-8,-9],[[9,true,false,-1,[5,640,1136]],[10,-4,-3,-2,5],[11,45,-5]],[5,640,1136],[320,568,0,0,0,0,1,1,1,1]],[6,"loadingProgress",false,1,[-12,-13],[[[12,0,1,-10,4],-11],4,1],[5,300,55],[1,-304.162,0,0,0,0,1,1,1,1]],[7,"loginButton",1,[[[0,-14,[2],3],-15],4,1],[5,276,134],[0,-306,0,0,0,0,1,1,1,1]],[14,"New Node",[1],[0,0,0],[0,0,0,0,0,0,1,1,1,1]],[3,"Main Camera",1,[[15,7,-1,-16]],[0,0,518.7492168668788,0,0,0,1,1,1,1]],[4,"background",1,[[0,-17,[0],1]],[5,640,1136]],[16,3,[[17,"LoginController","onLogin",1]],[4,4292269782],3],[8,"bar",2,[-18],[5,300,53],[0,0,0.5],[-150,0,0,0,0,0,1,1,1,1]],[13,3,0,1,8],[5,"tip",2,[[18,30,30,1,1,-19]],[5,240,30],[-2,2,0,0,0,0,1,1,1,1]],[19,300,2,9]],0,[0,0,1,0,3,7,0,4,11,0,0,1,0,0,1,0,-1,5,0,-2,6,0,-3,3,0,-4,2,0,0,2,0,-2,11,0,-1,8,0,-2,10,0,0,3,0,-2,7,0,0,5,0,0,6,0,-1,9,0,0,10,0,5,4,1,6,4,19],[0,0,0,0,0,0,9],[-1,1,-1,1,1,7,1],[0,1,0,2,3,4,5]],[[{"name":"loading","rect":[0,0,300,53],"offset":[0,0],"originalSize":[300,53],"capInsets":[0,0,0,0]}],[0],0,[0],[2],[6]],[[[20,"worldscenebgm",".mp3",34.416],-1],0,0,[],[],[]],[[{"name":"loginButton","rect":[0,0,276,134],"offset":[0,0],"originalSize":[276,134],"capInsets":[0,0,0,0]}],[0],0,[0],[2],[7]],[[{"name":"loading_bg","rect":[0,0,300,53],"offset":[0,0],"originalSize":[300,53],"capInsets":[0,0,0,0]}],[0],0,[0],[2],[8]],[[{"name":"login","rect":[0,0,640,1136],"offset":[0,0],"originalSize":[640,1136],"capInsets":[0,0,0,0]}],[0],0,[0],[2],[9]]]]