[1,["b3I5NmKRhKS5GXub8xmgfr@f9941","6ekIpZwFdEirxVZISCfzqC@f9941","6c/HBr90hLZpQ2IziJmkxC@f9941","e3WXWFh01Eab6MPd54dTQH@f9941","07/eygSVpOOr9qQ6BXRTVu@f9941","dalZGJyN5JupenyqsE7Tce@f9941","f8bCQfayxKea3sJwQ/Rr8G@f9941","86q8hmXqNAWpxbjRH9zgzG","76Mko1gSlLwJI7IatA3aRn@f9941","07/eygSVpOOr9qQ6BXRTVu@6c48a","78GcJMY1dAe4BtK8q+mgCS@6c48a","b3I5NmKRhKS5GXub8xmgfr@6c48a","97JD5bF7xG9JdkjQFb/xl1@f9941","319l+8zwBFUIUJ1C6a/Q6a@f9941","a5WJcnSsZLraazgmWXm1MA@f9941","00XoO0H6ZFkaSVFwc70RTX@f9941","59j67kw3ZEn5QZQlMy3QZ7@f9941","d2stADz7VLaYZmla8wy2+b","faPYTrEk1Jh5zFEKnLSZ+f@f9941","daFy1bQkVEGb8+YQz12xcz@f9941","78GcJMY1dAe4BtK8q+mgCS@f9941","daFy1bQkVEGb8+YQz12xcz@6c48a"],["node","_spriteFrame","_target","_parent","_normalSprite","_textureSource","root","data","spReceiveBtnIcon","spDoubleBtnIcon","ndBtnNotYet","ndBtnClose","ndReceiveIconn","ndBtnReceive","ndBtnDouble","ndBtnNormal","sfBlue","sfGray","sfVideo","sfShare","pbSignInItem","lbValue","nodeLight","lbDayIndex","nodeBtnAfterFillSign","nodeBtnFillSign","nodeTick","spReward","_defaultClip","sfBgBlue","sfYellow","sfGold"],[["cc.Sprite",["_sizeMode","_name","_type","_isTrimmedMode","_enabled","node","__prefab","_spriteFrame","_color"],-2,1,4,6,5],["cc.Node",["_name","_layer","_active","_components","_prefab","_parent","_children","_lpos","_lrot","_euler"],0,9,4,1,2,5,5,5],["cc.Widget",["_alignFlags","_alignMode","_name","_bottom","_left","_top","_originalWidth","_originalHeight","_right","_isAbsTop","node","__prefab"],-7,1,4],["cc.Label",["_string","_actualFontSize","_horizontalAlign","_fontSize","_name","_verticalAlign","_lineHeight","_isBold","node","__prefab","_color"],-5,1,4,5],["cc.Button",["_transition","_name","_zoomScale","node","__prefab","_normalColor","clickEvents","_target","_normalSprite"],0,1,4,5,9,1,6],"cc.SpriteFrame",["cc.Node",["_name","_layer","_active","_parent","_components","_prefab","_lpos"],0,1,12,4,5],["cc.UITransform",["_name","node","__prefab","_contentSize","_anchorPoint"],2,1,4,5,5],["cc.Layout",["_resizeMode","_layoutType","_spacingX","_isAlign","_name","_paddingLeft","_paddingRight","_spacingY","node","__prefab"],-5,1,4],["f130br9GwZGkJEkRGonhXxR",["_name","node","__prefab"],2,1,4],["c4c1axXN+NL4oYQEr2M4qn2",["_dataID","_name","node","__prefab"],1,1,4],["cc.Prefab",["_name"],2],["cc.CompPrefabInfo",["fileId"],2],["9d016bBiB5J1prtR6VcBPd4",["node","__prefab","ndBtnNormal","ndBtnDouble","ndBtnReceive","ndReceiveIconn","ndBtnClose","ndBtnNotYet","spDoubleBtnIcon","spReceiveBtnIcon","arrNodeDay","sfBlue","sfGray","sfVideo","sfShare","pbSignInItem"],3,1,4,1,1,1,1,1,1,1,1,2,6,6,6,6,6],["cc.PrefabInfo",["fileId","instance","targetOverrides","nestedPrefabInstanceRoots","root","asset"],-1,1,1],["cc.ClickEvent",["_componentId","handler","target"],1,1],["8a6efh8jF9Js7ZZXyAL57KG",["_name","node","__prefab","spReward","nodeTick","nodeBtnFillSign","nodeBtnAfterFillSign","lbDayIndex","nodeLight","lbValue","sfBgBlue","sfYellow","sfGold"],2,1,4,1,1,1,1,1,1,1,6,6,6],["cc.Animation",["_name","node","__prefab","_clips","_defaultClip"],2,1,4,3,6],["cc.LabelOutline",["_name","node","__prefab","_color"],2,1,4,5]],[[12,0,2],[14,0,1,2,3,4,5,5],[7,0,1,2,3,2],[7,1,2,3,1],[1,0,1,5,3,4,7,3],[15,0,1,2,3],[1,0,1,5,3,4,3],[0,0,5,6,7,2],[9,1,2,1],[1,0,1,6,3,4,7,3],[2,2,0,4,8,5,3,6,7,1,10,11,10],[2,2,0,3,1,10,11,5],[4,1,0,2,3,4,6,5,7,8,4],[10,1,0,2,3,3],[1,0,1,5,6,3,4,7,3],[1,0,1,5,3,4,7,8,9,3],[2,2,0,6,7,1,10,11,6],[0,1,2,0,5,6,7,4],[0,1,0,5,6,3],[10,0,2,3,2],[11,0,2],[1,0,2,1,6,3,4,7,4],[6,0,2,1,3,4,5,6,4],[6,0,1,3,4,5,6,3],[2,2,0,4,3,1,10,11,6],[2,2,0,1,10,11,4],[4,1,0,2,3,4,6,5,7,4],[0,1,4,2,0,5,6,7,5],[0,1,0,5,6,7,3],[8,0,1,2,3,8,9,5],[8,0,1,8,9,3],[3,4,0,2,1,3,8,9,10,6],[3,0,1,3,7,8,9,10,5],[3,0,2,1,3,8,9,5],[1,0,1,5,6,3,4,3],[1,0,1,6,3,4,3],[1,0,2,1,5,6,3,4,7,4],[1,0,1,5,3,4,8,9,3],[6,0,1,3,4,5,3],[7,0,1,2,3,4,2],[2,2,0,5,3,9,6,7,1,10,11,9],[2,2,0,4,5,3,1,10,11,7],[2,0,3,1,10,11,4],[2,2,0,8,3,1,10,11,6],[2,2,0,4,5,1,10,11,6],[13,0,1,2,3,4,5,6,7,8,9,10,11,12,13,14,15,1],[4,3,4,5,1],[4,0,3,4,6,5,2],[4,1,0,3,4,6,5,7,8,3],[0,1,2,0,3,5,6,7,5],[0,1,0,3,5,6,7,4],[0,5,6,7,1],[0,1,4,0,5,6,7,4],[0,1,0,5,6,8,7,3],[0,2,0,5,6,7,3],[8,4,0,1,5,6,2,7,3,8,9,9],[9,0,1,2,2],[3,0,2,5,1,6,8,9,6],[3,4,0,1,3,8,9,5],[3,4,0,2,1,8,9,5],[16,0,1,2,3,4,5,6,7,8,9,10,11,12,2],[17,0,1,2,3,4,2],[18,0,1,2,3,2]],[[[{"name":"dailyBtn01","rect":{"x":0,"y":0,"width":164,"height":54},"offset":{"x":0,"y":0},"originalSize":{"width":164,"height":54},"rotated":false,"capInsets":[66,21,69,25],"vertices":{"rawPosition":[-82,-27,0,82,-27,0,-82,27,0,82,27,0],"indexes":[0,1,2,2,1,3],"uv":[0,54,164,54,0,0,164,0],"nuv":[0,0,1,0,0,1,1,1],"minPos":{"x":-82,"y":-27,"z":0},"maxPos":{"x":82,"y":27,"z":0}},"packable":true,"pixelsToUnit":100,"pivot":{"x":0.5,"y":0.5},"meshType":0}],[5],0,[0],[5],[9]],[[{"name":"dailyImg02","rect":{"x":0,"y":0,"width":590,"height":154},"offset":{"x":0,"y":0},"originalSize":{"width":590,"height":154},"rotated":false,"capInsets":[0,0,0,0],"vertices":{"rawPosition":[-295,-77,0,295,-77,0,-295,77,0,295,77,0],"indexes":[0,1,2,2,1,3],"uv":[0,154,590,154,0,0,590,0],"nuv":[0,0,1,0,0,1,1,1],"minPos":{"x":-295,"y":-77,"z":0},"maxPos":{"x":295,"y":77,"z":0}},"packable":true,"pixelsToUnit":100,"pivot":{"x":0.5,"y":0.5},"meshType":0}],[5],0,[0],[5],[10]],[[{"name":"dailyImg03","rect":{"x":0,"y":0,"width":70,"height":54},"offset":{"x":0,"y":0},"originalSize":{"width":70,"height":54},"rotated":false,"capInsets":[0,0,0,0],"vertices":{"rawPosition":[-35,-27,0,35,-27,0,-35,27,0,35,27,0],"indexes":[0,1,2,2,1,3],"uv":[0,54,70,54,0,0,70,0],"nuv":[0,0,1,0,0,1,1,1],"minPos":{"x":-35,"y":-27,"z":0},"maxPos":{"x":35,"y":27,"z":0}},"packable":true,"pixelsToUnit":100,"pivot":{"x":0.5,"y":0.5},"meshType":0}],[5],0,[0],[5],[11]],[[[20,"signIn"],[9,"signIn",33554432,[-21,-22,-23,-24,-25],[[2,"balance<UITransform>",-2,[0,"59vvPEZfxKrKpZzxj8xMtn"],[5,720,1280]],[16,"balance<Widget>",45,100,100,1,-3,[0,"c8C6onVGpBlLC/miJHAIgB"]],[45,-19,[0,"9833rOEUVG/7R9kM/TmvJT"],-18,-17,-16,-15,-14,-13,-12,-11,[-4,-5,-6,-7,-8,-9,-10],17,18,19,20,21],[46,-20,[0,"d4bPVVIG5LsKLM9zYG6OO7"],[4,4292269782]]],[1,"26BQ70JbxKKrH/BadLuLZB",null,null,null,-1,0],[1,0,0,1]],[9,"dayList",33554432,[-29,-30,-31,-32,-33,-34,-35],[[2,"dayList<UITransform>",-26,[0,"f7pxsaDSxKJaK7Yev+CuJl"],[5,630,772.7265325862069]],[17,"dayList<Sprite>",1,0,-27,[0,"8bSytX2JVGq4KRQ4eu/OiU"],9],[10,"dayList<Widget>",45,10,10,18,112,630,770,1,-28,[0,"b1QvYs++JHmoRpBtZceYjI"]]],[1,"3fDPSnUZVCP6IV0Jh6wsiW",null,null,null,1,0],[1,0,47,0]],[9,"btnDouble",33554432,[-43,-44],[[2,"btnDouble<UITransform>",-36,[0,"27EcI/IuhOu6uZkOdmBn3S"],[5,148,88]],[49,"btnDouble<Sprite>",1,0,false,-37,[0,"9bmniEG8pAeocErLKROcah"],10],[55,"btnDouble<Layout>",1,1,10,10,20,5,true,-38,[0,"63WS0m5epNur+3xCopZCyb"]],[12,"btnDouble<Button>",3,0.85,-40,[0,"1bX6nqQ8ZHe4oud3PObVHJ"],[[5,"9d016bBiB5J1prtR6VcBPd4","onBtnDoubleClick",1]],[4,4292269782],-39,11],[11,"btnDouble<Widget>",4,11,1,-41,[0,"78Q4WvuStCzpQbWmPvK0+r"]],[56,"btnDouble<btnAdapter>",-42,[0,"3dhE5Cs7lAiot1641JyAAZ"]]],[1,"ca/KcdX2pNG6MpaldbpyZL",null,null,null,1,0],[1,0,-396.36326629310344,0]],[21,"lineGroup",false,33554432,[-48,-49,-50,-51,-52,-53],[[2,"lineGroup<UITransform>",-45,[0,"c5Zcy6izVJ47If1/ReMUq5"],[5,630,772.7265325862069]],[10,"lineGroup<Widget>",45,10,10,18,112,630,770,1,-46,[0,"356C057mJI7p5M0DskG6fQ"]],[27,"lineGroup<Sprite>",false,1,0,-47,[0,"4b3ULre+BEYqev8FcudKzW"],8]],[1,"07EC5OU21HqZwxoPjeZYO7",null,null,null,1,0],[1,0,47,0]],[21,"btnReceive",false,33554432,[-60],[[2,"btnReceive<UITransform>",-54,[0,"3b29m0E3FBTL19y09eisrr"],[5,249.6,105.6]],[50,"btnReceive<Sprite>",0,false,-55,[0,"2bpMLEVw9E6KOcJVGmhXB/"],12],[12,"btnReceive<Button>",3,0.85,-57,[0,"9aTUS6Bp5Fr6jfozIObDUc"],[[5,"9d016bBiB5J1prtR6VcBPd4","onBtnReceiveClick",1]],[4,4292269782],-56,13],[11,"btnReceive<Widget>",4,2.200000000000003,1,-58,[0,"bexBjDRLNOEoQWmig30L+3"]],[8,-59,[0,"9eymAgrkNNRKPV1JihyLL1"]]],[1,"18l5r/9BxKBKUJR04ZfgGF",null,null,null,1,0],[1,0,-396.36326629310344,0]],[4,"btnNormal",33554432,1,[[2,"btnNormal<UITransform>",-61,[0,"94xXf4oKpJC7pXu8+0stC1"],[5,120,50.4]],[31,"btnNormal<Label>","普通领取",0,30,30,-62,[0,"44Xg3KmmxAgKC/rK4lU49q"],[4,4289374632]],[26,"btnNormal<Button>",3,0.85,-64,[0,"5f0Kja1FtPoJkRZEoa4e9t"],[[5,"9d016bBiB5J1prtR6VcBPd4","onBtnNormalClick",1]],[4,4292269782],-63],[24,"btnNormal<Widget>",4,300,200,1,-65,[0,"9fu7PEw+ZP+J0a+QZXhm8b"]],[8,-66,[0,"21h9jUQ+NA1J1WDgX7IEo0"]],[13,"btnReceive<LocalizedLabel>","signin.normalReceive",-67,[0,"ccYF/iGOZEhIbwEFCnMoW8"]]],[1,"5eNA+Q+MZLNYmzXGhuOLKP",null,null,null,1,0],[1,0,-414.8,0]],[4,"btnNotYet",33554432,1,[[2,"btnNormal<UITransform>",-68,[0,"1c74PnRYpNTZUBWf4ZbbiA"],[5,120,50.4]],[31,"btnNormal<Label>","暂不领取",0,30,30,-69,[0,"85ss2DAZJFmKWodyxzfWVu"],[4,4289374632]],[26,"btnNormal<Button>",3,0.85,-71,[0,"adh+sJsaBFm5tv4+WpSuMD"],[[5,"9d016bBiB5J1prtR6VcBPd4","onBtnCloseClick",1]],[4,4292269782],-70],[24,"btnNormal<Widget>",4,300,200,1,-72,[0,"15evUzP81Ghr6Dc78aG1NO"]],[8,-73,[0,"bd03hcOeZJ9qzfaVW44wmO"]],[13,"btnReceive<LocalizedLabel>","signin.notYet",-74,[0,"99LF4u0kpHm4GHpCaG89EQ"]]],[1,"caQZ+a4JFBTq0kb9TnNXNi",null,null,null,1,0],[1,0,-414.8,0]],[9,"content",33554432,[4,2,3,5],[[2,"mainBg<UITransform>",-75,[0,"65HTESzTJGQITyHzMCaJWi"],[5,650,902.7265325862069]],[27,"mainBg<Sprite>",false,1,0,-76,[0,"f57ZmiOONEXIOoVxdhSszP"],14],[40,"mainBg<Widget>",45,0.000033833524904214535,-2.7569827586206905,false,660,890,1,-77,[0,"e0ooNIPP1KbI+7hUikujzw"]]],[1,"94VwCHYVFCfp1zMxNvZZld",null,null,null,1,0],[1,0,-1.3937164655172296,1]],[4,"btnClose",33554432,1,[[2,"btnNormal<UITransform>",-78,[0,"2eiFUSh7JATL8aRs05qlb/"],[5,61,61]],[12,"btnNormal<Button>",3,0.85,-80,[0,"cdYsSVUpdGBYvtixUpPi2T"],[[5,"9d016bBiB5J1prtR6VcBPd4","onBtnCloseClick",1]],[4,4292269782],-79,15],[41,"btnNormal<Widget>",9,20,88,1164.3899999999999,1,-81,[0,"5d+OiF3INEF4EwHcxXXyUv"]],[8,-82,[0,"b0L2o5CxdA9YH4fA+IwwX6"]],[51,-83,[0,"4fZHilT+JG7qmxmP42D+KC"],16]],[1,"c4MrBHnqxPt4jo583OEn9U",null,null,null,1,0],[1,-309.5,521.5,0]],[34,"content",33554432,5,[-87,-88],[[3,-84,[0,"c4HDvvgwJNv76v+iLbN7/V"],[5,72.89,100]],[29,1,1,15,true,-85,[0,"93GulwTlpAErCXzyrCbWTQ"]],[29,1,1,10,true,-86,[0,"3ct3nqG5BMZLxJU7rLExbt"]]],[1,"6aBghRle1Kx5l8MHFEgXi3",null,null,null,1,0]],[14,"main",33554432,1,[-91,8],[[2,"main<UITransform>",-89,[0,"41NeyOOgVCub0CVaq/hBWk"],[5,650,900]],[10,"main<Widget>",40,35,35,113.78800000000001,266.212,650,900,1,-90,[0,"00NtCgOlBEwbVhqiBYkGFe"]]],[1,"b0d/7sNv9GvpwYmiXzP+3C",null,null,null,1,0],[1,0,60,-1]],[14,"title",33554432,11,[-95],[[2,"title<UITransform>",-92,[0,"68cIryf6pG6KHR2YvxQ1Nz"],[5,270,80]],[52,"title<Sprite>",false,0,-93,[0,"0dykyN8O5Hc4Aw3sqSJrZQ"],1],[10,"title<Widget>",1,193.648,186.352,-69.52699999999999,885.315,270,80,1,-94,[0,"0c56TyIy5FlbjHnlOoXv/P"]]],[1,"5fDc4VUj1Mi4nN3ElUfwro",null,null,null,1,0],[1,3.648,479.52700000000004,1]],[6,"bg",33554432,1,[[2,"bg<UITransform>",-96,[0,"4eaJ2vY71JGqNaxDvLJ/5w"],[5,720,1280]],[53,"bg<Sprite>",0,-97,[0,"91RnzQ8ytFsZ679giCjH0u"],[4,3355443200],0],[16,"bg<Widget>",45,100,100,1,-98,[0,"f1hzo9f6RMvKBDKR7bDcTQ"]]],[1,"64P9L+oANBrK0H4XsEBrqE",null,null,null,1,0]],[4,"txt",33554432,12,[[3,-99,[0,"47fZpipbdK5oehrUxz0Vut"],[5,160,63]],[57,"七日登录",0,0,40,50,-100,[0,"aeUHBW7QBGVZu2v5oDTroi"]],[13,"btnReceive<LocalizedLabel>","signin.title",-101,[0,"2aADTOLrtN8bauO5yT1/ct"]]],[1,"f4vBgmFq5OM4y5Iqw6AKBm",null,null,null,1,0],[1,-1.836,-9.174,0]],[6,"txt",33554432,3,[[3,-102,[0,"31Es3gj25OHa2gFL1iD2JR"],[5,128,50.4]],[32,"双倍领取",32,32,true,-103,[0,"58Shz4SU9IZKaaWFIQwNtJ"],[4,4287781120]],[19,"signin.doubleReceive",-104,[0,"eaHB5X9/FIV6DxpWpfT2eG"]]],[1,"58MTVqmf1H942s24/1qpVX",null,null,null,1,0]],[22,"icon",false,33554432,10,[[[2,"icon<UITransform>",-105,[0,"31iWmvmJtEXLYBvMgCDDdY"],[5,70,50]],-106],4,1],[1,"a94LiQQOtIJK64Nt4tTLpS",null,null,null,1,0],[1,-41.44499999999999,0,0]],[6,"txt",33554432,10,[[3,-107,[0,"84xFtRlcNO0od2n62bkRWA"],[5,72.89,50.4]],[32,"领 取",32,32,true,-108,[0,"d2PUVuiIlLDZXUp7sHEK5x"],[4,4287781120]],[13,"btnReceive<LocalizedLabel>","signin.receive",-109,[0,"77ZH6AJ/hHW7SG8jRZNE+j"]]],[1,"37UqyI9tlObZQtbRDyJe1V",null,null,null,1,0]],[4,"line01",33554432,4,[[3,-110,[0,"f5lKpMg7hDG55z5ls17H8j"],[5,100,55]],[7,0,-111,[0,"37qkvKVFpESJQf274aXDBz"],2]],[1,"e2Qd+4zOBJsrOA+NSNC4Z8",null,null,null,1,0],[1,-90.213,282.784,0]],[15,"line02",33554432,4,[[3,-112,[0,"17Q/3doPhHfITc1GP4URw5"],[5,90,50]],[7,0,-113,[0,"a2ImR4nNxN5ZpM9QM8II03"],3]],[1,"d3GHQEJbhPU53nhqhrTWfe",null,null,null,1,0],[1,106.622,162.992,0],[3,0,0,-0.7071067811865475,0.7071067811865476],[1,0,0,-90]],[4,"line03",33554432,4,[[3,-114,[0,"6fmXd86otJa7DGTiwd8ZF7"],[5,100,50]],[7,0,-115,[0,"99FoprejhA47DWvcbVH29s"],4]],[1,"3dEbfRZKlGj6bpciO3YuJE",null,null,null,1,0],[1,-84.07100000000003,73.981,0]],[15,"line04",33554432,4,[[3,-116,[0,"a2dQVqisNF0bKWk5jqkZgW"],[5,90,45]],[7,0,-117,[0,"2206VU1lpHvod+nWxQgG1n"],5]],[1,"16RzETbhtONYuh4KIBh5uU",null,null,null,1,0],[1,-194.423,-3.966,0],[3,0,0,-0.7071067811865475,0.7071067811865476],[1,0,0,-90]],[4,"line05",33554432,4,[[3,-118,[0,"bbzHUaHShChLCF7hkgJifv"],[5,100,55]],[7,0,-119,[0,"69/jp8fslOCYExKr36NzjH"],6]],[1,"f7g9uhhYhIuYa2rkxiFJkG",null,null,null,1,0],[1,90.595,-93.408,0]],[15,"line06",33554432,4,[[3,-120,[0,"45wticHa5NNZEIqMdKrWbD"],[5,90,45]],[7,0,-121,[0,"04IN1+nOtKzY4wQ3QUXrRk"],7]],[1,"fcbNkKRshMkoTgBwsQiP+0",null,null,null,1,0],[1,198.593,-174.138,0],[3,0,0,-0.7071067811865475,0.7071067811865476],[1,0,0,-90]],[4,"day01",33554432,2,[[3,-122,[0,"e2rF2JQ2tDeI+GlYwidKC+"],[5,185,130]]],[1,"59qLB6gQhN9paw/qepB/9O",null,null,null,1,0],[1,-206.154,294.299,0]],[4,"day02",33554432,2,[[3,-123,[0,"b6bkhW/rxLJ431Wuq6Fzrf"],[5,370,180]]],[1,"6fxan3gzFEU4UFsb+ReSXg",null,null,null,1,0],[1,113.801,268.68,0]],[4,"day03",33554432,2,[[3,-124,[0,"6dcS7zTOJIS49bDQKoT0L4"],[5,360,115]]],[1,"411461bp1BBqxBEhQuJKVA",null,null,null,1,0],[1,110.287,75.854,0]],[4,"day04",33554432,2,[[3,-125,[0,"6e++j8mItILq1ZKbhRhtZq"],[5,190,180]]],[1,"411461bp1BBqxBEhQuJKVA",null,null,null,1,0],[1,-197.409,100.496,0]],[4,"day05",33554432,2,[[3,-126,[0,"13lXWLm+1MGq+Tylg473sd"],[5,365,130]]],[1,"ac0px9z1FPcZLLpd3D2rBO",null,null,null,1,0],[1,-110.232,-92.118,0]],[4,"day06",33554432,2,[[3,-127,[0,"8dmtAqAkVAS7VS+A5fGlTP"],[5,180,145]]],[1,"bbdrtGf+1NnYZ/v9Scd32h",null,null,null,1,0],[1,201.197,-86.342,0]],[4,"day07",33554432,2,[[3,-128,[0,"0cFiazFGRMDY5zd8jJCok1"],[5,585,150]]],[1,"e7J4EvPy1Ajp19a34ks9g4",null,null,null,1,0],[1,-1.913,-278.384,0]],[22,"icon",false,33554432,3,[[[2,"icon<UITransform>",-129,[0,"53a7i+Ub9EOrwOQodr9Y/u"],[5,70,50]],-130],4,1],[1,"3a2G5tsHBGd4FHXVXeDFhV",null,null,null,1,0],[1,-69,0,0]],[18,"icon<Sprite>",0,31,[0,"3c9N6JFr5J05Tu24gdI3VC"]],[18,"icon<Sprite>",0,16,[0,"22iPiwB5lHVaRLdsHM3wPv"]]],0,[0,6,1,0,0,1,0,0,1,0,-1,24,0,-2,25,0,-3,26,0,-4,27,0,-5,28,0,-6,29,0,-7,30,0,8,33,0,9,32,0,10,7,0,11,9,0,12,16,0,13,5,0,14,3,0,15,6,0,0,1,0,0,1,0,-1,13,0,-2,11,0,-3,6,0,-4,9,0,-5,7,0,0,2,0,0,2,0,0,2,0,-1,24,0,-2,25,0,-3,26,0,-4,27,0,-5,28,0,-6,29,0,-7,30,0,0,3,0,0,3,0,0,3,0,2,3,0,0,3,0,0,3,0,0,3,0,-1,31,0,-2,15,0,0,4,0,0,4,0,0,4,0,-1,18,0,-2,19,0,-3,20,0,-4,21,0,-5,22,0,-6,23,0,0,5,0,0,5,0,2,5,0,0,5,0,0,5,0,0,5,0,-1,10,0,0,6,0,0,6,0,2,6,0,0,6,0,0,6,0,0,6,0,0,6,0,0,7,0,0,7,0,2,7,0,0,7,0,0,7,0,0,7,0,0,7,0,0,8,0,0,8,0,0,8,0,0,9,0,2,9,0,0,9,0,0,9,0,0,9,0,0,9,0,0,10,0,0,10,0,0,10,0,-1,16,0,-2,17,0,0,11,0,0,11,0,-1,12,0,0,12,0,0,12,0,0,12,0,-1,14,0,0,13,0,0,13,0,0,13,0,0,14,0,0,14,0,0,14,0,0,15,0,0,15,0,0,15,0,0,16,0,-2,33,0,0,17,0,0,17,0,0,17,0,0,18,0,0,18,0,0,19,0,0,19,0,0,20,0,0,20,0,0,21,0,0,21,0,0,22,0,0,22,0,0,23,0,0,23,0,0,24,0,0,25,0,0,26,0,0,27,0,0,28,0,0,29,0,0,30,0,0,31,0,-2,32,0,7,1,2,3,8,3,3,8,4,3,8,5,3,8,8,3,11,130],[0,0,0,0,0,0,0,0,0,0,0,0,0,0,0,0,0,0,0,0,0,0,32,33],[1,1,1,1,1,1,1,1,1,1,1,4,1,4,1,4,1,16,17,18,19,20,1,1],[12,13,0,0,0,0,0,0,5,5,1,1,1,1,14,6,6,1,15,2,16,17,2,2]],[[[20,"signInItem"],[35,"signInItem",1082130432,[-13,-14,-15,-16,-17,-18,-19],[[2,"signInItem<UITransform>",-2,[0,"efqNE2udtOGICfEHudubcb"],[5,720,1280]],[17,"signInItem<Sprite>",1,0,-3,[0,"75QZTUrKNI6IMO4+2o6dVZ"],8],[60,"signInItem<signInItem>",-11,[0,"6d/mWWJEBJ37pfYfPAr7Jn"],-10,-9,-8,-7,-6,-5,-4,9,10,11],[16,"signInItem<Widget>",45,185,130,1,-12,[0,"37O4ZkbZVCDYOVVqgk4cTt"]]],[1,"59qLB6gQhN9paw/qepB/9O",null,null,null,-1,0]],[14,"fillSign",1082130432,1,[-27],[[2,"fillSign<UITransform>",-20,[0,"2bW6v1crpE4LYNpkGr2QOt"],[5,90,50]],[17,"fillSign<Sprite>",1,0,-21,[0,"4744vItoVG0Z5oNEOwudT2"],5],[12,"fillSign<Button>",3,0.85,-23,[0,"e4HcaQ7JFFQKmy8a636yjR"],[[5,"8a6efh8jF9Js7ZZXyAL57KG","onBtnFillSignInClick",1]],[4,4292269782],-22,6],[11,"fillSign<Widget>",20,-25,1,-24,[0,"e7OFs8DRZLaIc4dNduF4fW"]],[8,-25,[0,"117tQLF8pBML6wlAReY2zc"]],[30,1,1,-26,[0,"b3yMPzc6FF04Xv3XE/ur2J"]]],[1,"2br3wtrZxH9YdauKebYPE5",null,null,null,1,0],[1,0,-640,0]],[36,"afterFillSign",false,1082130432,1,[-33],[[3,-28,[0,"ablvZgOjRHS4Cly2JilIBQ"],[5,90,50]],[54,1,0,-29,[0,"ed0KIW1MdCG7gozXWr2vF/"],7],[47,3,-30,[0,"2eYsmkVPhMtphau+Pj9Vij"],[[5,"8a6efh8jF9Js7ZZXyAL57KG","onBtnAfterFillSignClick",1]],[4,4292269782]],[42,20,-25.221999999999994,1,-31,[0,"3cnWJ55BdFdaO47iqAihpl"]],[30,1,1,-32,[0,"72dNlD8PVIgaNKsDv9Hnt6"]]],[1,"61OTXTwlFOG7rHhQJa122B",null,null,null,1,0],[1,0,-640.222,0]],[37,"light",1082130432,1,[[2,"light<UITransform>",-34,[0,"f0Pm+d5IZMe7V31T7Mdr7v"],[5,250,250]],[28,"light<Sprite>",0,-35,[0,"09O7aiuelGZacqwIXaO18a"],0],[25,"light<Widget>",18,1,-36,[0,"3bdwcpsOZF8o9uvidVVNkG"]],[61,"light<Animation>",-37,[0,"08gFQrP4FOpa3QYvqQ1IIu"],[1],2]],[1,"12qNaG0htHLY96qe+m6hMJ",null,null,null,1,0],[3,0,0,0.3077842540634165,0.9514561750026252],[1,0,0,35.851499950513244]],[38,"reward",1082130432,1,[[[2,"award<UITransform>",-38,[0,"12g/yeC2hDpow7XUOAOoai"],[5,140,100]],-39,[48,"award<Button>",3,-41,[0,"03H/QEaCtH0pQCU6IY8ew8"],[[5,"8a6efh8jF9Js7ZZXyAL57KG","onBtnAfterFillSignClick",1]],[4,4292269782],-40,3],[25,"award<Widget>",18,1,-42,[0,"6e4h+tDoxEmL4NMXh0AFtb"]]],4,1,4,4],[1,"47H0tKqjFAXr09E3bvkijr",null,null,null,1,0]],[23,"value",1082130432,1,[[[39,"value<UITransform>",-43,[0,"1a+2npHz9FdKp85qIg+nCb"],[5,70.74,50.4],[0,1,0.5]],-44,[62,"value<LabelOutline>",-45,[0,"29RupdPZVL66T/45PgV+uH"],[4,4278321407]],[43,"value<Widget>",36,7.001999999999995,14.152999999999999,1,-46,[0,"1bLKdbABJBwY5xono0TRP1"]]],4,1,4,4],[1,"15SmHDGgVFVb+jwd2xfQIj",null,null,null,1,0],[1,352.998,-600.6469999999999,0]],[6,"ok",1082130432,1,[[2,"ok<UITransform>",-47,[0,"a09yyKMxhLtamkhiaPUKjD"],[5,100,80]],[28,"ok<Sprite>",0,-48,[0,"1aIjybrmRJy4wSal+4/SLz"],4],[11,"ok<Widget>",18,30,1,-49,[0,"a2GlE9IklAhq8eP9hrUOc7"]]],[1,"0eq2bWrQZFcpE+dLsPT0I+",null,null,null,1,0]],[23,"dayNum",1082130432,1,[[[2,"dayNum<UITransform>",-50,[0,"8eQ/e8a65BxbwgDHUdJNWJ"],[5,19.47,50.4]],-51,[44,"dayNum<Widget>",9,15.466999999999999,7.405999999999999,1,-52,[0,"c3g1DVpx5L1IH5oP4sgCYi"]]],4,1,4],[1,"16l+L4DCFM0Lu3oozhIu4C",null,null,null,1,0],[1,-334.798,607.394,0]],[6,"txt",1082130432,2,[[3,-53,[0,"4a3YTaQZ5APZuQxa8vCpQw"],[5,70,50.4]],[33,"补签",0,35,35,-54,[0,"4drtbMoN9MC7TJhkAVMF+z"]],[19,"signin.fillSignin",-55,[0,"9aKgEASjhF+Icx/QBsJ1CQ"]]],[1,"2aFbJlTOVL9bIVIRoqzke0",null,null,null,1,0]],[6,"txt",1082130432,3,[[3,-56,[0,"b5n2H/BnBHOaaDFrhKtbP0"],[5,70,50.4]],[33,"领取",0,35,35,-57,[0,"ecOpjF/M5EAoYyZ0Akr+Bd"]],[19,"signin.receive",-58,[0,"30imXhM3xF96HLk+cBsN0X"]]],[1,"8f3Nmjoi5A7oiXMyZKDchT",null,null,null,1,0]],[58,"dayNum<Label>","1",35,35,8,[0,"60GfyvffhPcqcGdRUZIRuq"]],[18,"award<Sprite>",0,5,[0,"beAIr9qhZIA44EpU2XvdXX"]],[59,"value<Label>","100",2,40,6,[0,"529NL30dBNMprDJ+1PuClj"]]],0,[0,6,1,0,0,1,0,0,1,0,21,13,0,22,4,0,23,11,0,24,3,0,25,2,0,26,7,0,27,12,0,0,1,0,0,1,0,-1,8,0,-2,4,0,-3,5,0,-4,6,0,-5,7,0,-6,2,0,-7,3,0,0,2,0,0,2,0,2,2,0,0,2,0,0,2,0,0,2,0,0,2,0,-1,9,0,0,3,0,0,3,0,0,3,0,0,3,0,0,3,0,-1,10,0,0,4,0,0,4,0,0,4,0,0,4,0,0,5,0,-2,12,0,2,5,0,0,5,0,0,5,0,0,6,0,-2,13,0,0,6,0,0,6,0,0,7,0,0,7,0,0,7,0,0,8,0,-2,11,0,0,8,0,0,9,0,0,9,0,0,9,0,0,10,0,0,10,0,0,10,0,7,1,58],[0,0,0,0,0,0,0,0,0,0,0,0,12],[1,-1,28,4,1,1,4,1,1,29,30,31,1],[18,7,7,3,19,4,4,4,8,20,8,3,3]],[[{"name":"dailyImgGet","rect":{"x":0,"y":0,"width":93,"height":75},"offset":{"x":0,"y":0},"originalSize":{"width":93,"height":75},"rotated":false,"capInsets":[0,0,0,0],"vertices":{"rawPosition":[-46.5,-37.5,0,46.5,-37.5,0,-46.5,37.5,0,46.5,37.5,0],"indexes":[0,1,2,2,1,3],"uv":[0,75,93,75,0,0,93,0],"nuv":[0,0,1,0,0,1,1,1],"minPos":{"x":-46.5,"y":-37.5,"z":0},"maxPos":{"x":46.5,"y":37.5,"z":0}},"packable":true,"pixelsToUnit":100,"pivot":{"x":0.5,"y":0.5},"meshType":0}],[5],0,[0],[5],[21]]]]
