[1,["1br9i5dT9C3Y5Sr6AqhdxR","eaig+Fa6RFrqmXg/SCQd7n@6c48a","d1NGQ2rJZCcbhjH0/erZWw","d03hjf4uRLMJ5/KTA3buPM@c6160"],["mainTexture","_effectAsset","root","node","_particleSystem","data","_mesh"],[["cc.CurveRange",["mode","constantMax","constantMin","constant"],-1],["cc.Node",["_name","_prefab","_children","_parent","_components","_lscale","_euler"],2,4,2,1,9,5,5],["cc.GradientRange",["_mode","colorMin","colorMax"],2,5,5],["cc.Material",["_name","_techIdx","_states","_defines","_props"],-1,12],["cc.Prefab",["_name"],2],["cc.Node",["_name","_parent","_components","_prefab"],2,1,2,4],["cc.PrefabInfo",["fileId","instance","targetOverrides","nestedPrefabInstanceRoots","root","asset"],-1,1,1],["cc.MeshRenderer",["node","__prefab","_materials","bakeSettings"],3,1,4,3,4],["cc.CompPrefabInfo",["fileId"],2],["cc.ModelBakeSettings",[],3],["cc.ParticleSystem",["_name","scaleSpace","duration","loop","_capacity","_simulationSpace","node","__prefab","_materials","startColor","startSizeX","startSizeY","startSizeZ","startSpeed","startRotationX","startRotationY","startRotationZ","startDelay","startLifetime","gravityModifier","rateOverTime","rateOverDistance","_colorOverLifetimeModule","_shapeModule","_sizeOvertimeModule","_velocityOvertimeModule","_forceOvertimeModule","_limitVelocityOvertimeModule","_rotationOvertimeModule","_textureAnimationModule","_trailModule","renderer"],-3,1,4,12,4,4,4,4,4,4,4,4,4,4,4,4,4,4,4,4,4,4,4,4,4,4,4],["cc.ColorOvertimeModule",["color"],3,4],["cc.ShapeModule",["_enable","radius","radiusThickness","arcSpread","length","_angle","arcSpeed","_rotation"],-3,4,5],["cc.SizeOvertimeModule",["_enable","separateAxes","size","x","y","z"],1,4,4,4,4],["cc.VelocityOvertimeModule",["x","y","z","speedModifier"],3,4,4,4,4],["cc.ForceOvertimeModule",["x","y","z"],3,4,4,4],["cc.LimitVelocityOvertimeModule",["limitX","limitY","limitZ","limit"],3,4,4,4,4],["cc.RotationOvertimeModule",["_enable","_separateAxes","x","y","z"],1,4,4,4],["cc.TextureAnimationModule",["frameOverTime","startFrame"],3,4,4],["cc.TrailModule",["lifeTime","widthRatio","colorOverTrail","colorOvertime","_particleSystem"],3,4,4,4,4,1],["cc.ParticleSystemRenderer",["_renderMode","_lengthScale","_mesh"],1,6],["cc.Mesh",["_native","_hash","_struct"],1,11]],[[0,1],[0,3,2],[6,0,1,2,3,4,5,5],[2,1],[8,0,2],[0,0,2,1,4],[0,0,1,3],[3,0,1,2,3,4,5],[4,0,2],[1,0,2,1,2],[1,0,3,2,1,2],[1,0,3,4,1,5,6,2],[5,0,1,2,3,2],[7,0,1,2,3,1],[9,1],[10,0,1,2,3,4,5,6,7,8,9,10,11,12,13,14,15,16,17,18,19,20,21,22,23,24,25,26,27,28,29,30,31,7],[2,0,1,2,2],[11,0,1],[12,0,1,2,3,4,5,6,7,7],[13,0,1,2,3,4,5,3],[14,0,1,2,3,1],[15,0,1,2,1],[16,0,1,2,3,1],[17,0,1,2,3,4,3],[18,0,1,1],[19,0,1,2,3,4,1],[20,0,1,2,3],[21,0,1,2,3]],[[[[7,"coin","1",[{"blendState":{"targets":[{}]},"depthStencilState":{},"rasterizerState":{}}],[{}],[[[{},"tintColor",8,[4,4294967295],"mainTexture",6,0]],11]]],0,0,[0,0],[0,1],[1,2]],[[[8,"coin"],[9,"coin",[-2,-3],[2,"Node.129",null,null,null,-1,0]],[10,"RootNode",1,[-4],[2,"Node.130",null,null,null,1,0]],[11,"Cylinder001",2,[[13,-5,[4,"b8LMPkxKlI56mSz7Lt1pRT"],[0],[14]]],[2,"Node.131",null,null,null,1,0],[1,2.53999996185303,2.53999996185303,2.53999996185303],[1,0.00000250447806548767,0,0]],[12,"coin",1,[-6],[2,"80IxAQX8NCNool8Bna3NQj",null,null,null,1,0]],[15,"coin<ParticleSystem>",0,1,false,35,0,4,[4,"ecv6Z9NxlMdptNu5rjs//2"],[[1,null],6,0],[16,2,[4,4286754757],[4,4284587709]],[5,3,4,6],[0],[0],[1,8],[0],[0],[5,3,10,180],[0],[1,1.5],[1,1.8],[1,30],[0],[17,[3]],[18,true,0.4,2,8,2,0.3141592653589793,[0],[1,90,0,0]],[19,true,true,[0],[1,1],[1,1],[1,5]],[20,[0],[0],[0],[1,1]],[21,[0],[0],[0]],[22,[0],[0],[0],[0]],[23,true,true,[6,3,15],[6,3,15],[1,15]],[24,[0],[0]],[25,[1,1],[0],[3],[3],-7],[26,4,10,2]]],0,[0,2,1,0,-1,2,0,-2,4,0,-1,3,0,3,3,0,-1,5,0,4,5,0,5,1,7],[0,0,0],[-1,-1,6],[0,0,3]],[[[27,".bin",1912832476,[{"primitives":[{"primitiveMode":7,"vertexBundelIndices":[0],"indexView":{"offset":2240,"length":360,"count":180,"stride":2}}],"vertexBundles":[{"view":{"offset":0,"length":2240,"count":70,"stride":32},"attributes":[{"name":"a_position","format":32,"isNormalized":false},{"name":"a_normal","format":32,"isNormalized":false},{"name":"a_texCoord","format":21,"isNormalized":false}]}]},"minPosition",8,[1,-0.03893991559743881,-0.009842519648373127,-0.039154402911663055],"maxPosition",8,[1,0.03893991559743881,0.009842519648373127,0.039154402911663055]]],-1],0,0,[],[],[]]]]
