[1,["92iMREIR1LU5pn/BYG4UN5","9fjsiEhC9Do53nHxihuVpZ","35CveP3JpNc4BnWq+IcKte","f0AUecqgdPSZ4NkZXPQtcn","b55lpZI7dK1bHImnJCelVN","1cvlD/ZLlGb4fRYQLk+q4v","2dmXNepIREQ74BKXvqDvCF","154+VFQrxCVbEXFAClhy+Y","5cD6I4W2RNYr5GNE1hwAy8","0d38aVvKJNGq55L6u7vvOu","fcJGFcaHVGgpJLEIM1Zhka","e2Rq6IXZRHRaaX2g7LFImB","58hslKDa1IkLpyUyB5mJ4z","62iL8pS+ZI/75BY0JZ8IIk","f7jDyKlUxP/Jx4AWZ/6699","56oWJu42xMwLMLcSDeT4TC"],["_textureSetter","background","bird1","bird2","bird3","bottom_pipe","game_name","gameover","getready","ground","medal_gold","medal_silver","result_board","start","tap","top_pipe"],["cc.SpriteFrame",["cc.SpriteAtlas",["_name","_spriteFrames"],2,11]],[[1,0,1,2]],[[[{"name":"ground","rect":[1,1,840,281],"offset":[0,0],"originalSize":[840,281],"rotated":1,"capInsets":[0,0,0,0]}],[0],0,[0],[0],[0]],[[{"name":"gameover","rect":[1828,469,500,136],"offset":[3,-2],"originalSize":[508,158],"rotated":1,"capInsets":[0,0,0,0]}],[0],0,[0],[0],[0]],[[{"name":"bottom_pipe","rect":[284,1,129,801],"offset":[0,0],"originalSize":[129,801],"capInsets":[0,0,0,0]}],[0],0,[0],[0],[0]],[[{"name":"game_name","rect":[1828,1,466,140],"offset":[-7,9],"originalSize":[508,158],"rotated":1,"capInsets":[0,0,0,0]}],[0],0,[0],[0],[0]],[[{"name":"bird1","rect":[289,950,86,60],"offset":[0,0],"originalSize":[86,60],"capInsets":[0,0,0,0]}],[0],0,[0],[0],[0]],[[{"name":"top_pipe","rect":[415,1,129,801],"offset":[0,0],"originalSize":[129,801],"capInsets":[0,0,0,0]}],[0],0,[0],[0],[0]],[[{"name":"result_board","rect":[799,723,590,298],"offset":[0,0],"originalSize":[590,298],"capInsets":[0,0,0,0]}],[0],0,[0],[0],[0]],[[{"name":"getready","rect":[289,804,508,144],"offset":[0,-7],"originalSize":[508,158],"capInsets":[0,0,0,0]}],[0],0,[0],[0],[0]],[[{"name":"start","rect":[1,843,286,166],"offset":[2,5],"originalSize":[290,176],"capInsets":[0,0,0,0]}],[0],0,[0],[0],[0]],[[{"name":"background","rect":[546,1,720,1280],"offset":[0,0],"originalSize":[720,1280],"rotated":1,"capInsets":[0,0,0,0]}],[0],0,[0],[0],[0]],[[{"name":"bird3","rect":[465,950,86,60],"offset":[0,0],"originalSize":[86,60],"capInsets":[0,0,0,0]}],[0],0,[0],[0],[0]],[[[0,"res_bundle.plist",[{},"background",6,0,"bird1",6,1,"bird2",6,2,"bird3",6,3,"bottom_pipe",6,4,"game_name",6,5,"gameover",6,6,"getready",6,7,"ground",6,8,"medal_gold",6,9,"medal_silver",6,10,"result_board",6,11,"start",6,12,"tap",6,13,"top_pipe",6,14]]],0,0,[0,0,0,0,0,0,0,0,0,0,0,0,0,0,0],[1,2,3,4,5,6,7,8,9,10,11,12,13,14,15],[1,2,3,4,5,6,7,8,9,10,11,12,13,14,15]],[[{"name":"medal_silver","rect":[1639,723,123,113],"offset":[0,0],"originalSize":[123,113],"capInsets":[0,0,0,0]}],[0],0,[0],[0],[0]],[[{"name":"bird2","rect":[377,950,86,60],"offset":[0,0],"originalSize":[86,60],"capInsets":[0,0,0,0]}],[0],0,[0],[0],[0]],[[{"name":"tap","rect":[1391,723,286,246],"offset":[0,0],"originalSize":[286,246],"rotated":1,"capInsets":[0,0,0,0]}],[0],0,[0],[0],[0]],[[{"name":"medal_gold","rect":[1639,838,113,111],"offset":[5,1],"originalSize":[123,113],"rotated":1,"capInsets":[0,0,0,0]}],[0],0,[0],[0],[0]]]]