[1,["ecpdLyjvZBwrvm+cedCcQy","93LeSSxpBNTL7cXOawia9I","97fP6bIcdJjrBgVBgAURqL","01AkSCNSFDsqYIA3Ji1iAg","93wo261M5Oo4h4jJl7rFsr","c9o0ZkotdMeLtdCrUUsgj4","988TeRfJlEEbdXViUfZgfA","02delMVqdBD70a/HSD99FK","06mphrxddEkoLGpjXe4sL2","45yzFyoq9D2bneqvl2J/lW","7d9VqzEhxDCp4igM94ZKXV","05MIKUXIVLYowWsE0d86hh","4a+MyBQ19II6ZBewAv4cBH","a2MjXRFdtLlYQ5ouAFv/+R","e97GVMl6JHh5Ml5qEDdSGa","b4P/PCArtIdIH38t6mlw8Y"],["node","_textureSetter","_spriteFrame","_N$file","root","data","_N$target","_N$normalSprite","_N$pressedSprite","gameInfo","gameContainer","bestScore","scoreLabel","btn1","currScore","scene","_parent","snakebody","snakeHead","obstaclePfb","foodPrefab","_N$hoverSprite","_N$disabledSprite"],[["cc.Node",["_name","_id","_active","_opacity","_components","_contentSize","_parent","_children","_trs","_prefab","_anchorPoint","_color"],-1,9,5,1,2,7,4,5,5],"cc.SpriteFrame",["cc.Widget",["_alignFlags","_originalWidth","_originalHeight","alignMode","_top","_left","node"],-3,1],["cc.Label",["_string","_isSystemFontUsed","_N$verticalAlign","_fontSize","_N$horizontalAlign","_enableWrapText","_N$overflow","node","_materials","_N$file"],-4,1,3,6],["cc.Graphics",["_lineWidth","_miterLimit","_lineCap","node","_strokeColor","_fillColor"],0,1,5,5],["cc.Node",["_name","_opacity","_parent","_components","_contentSize","_trs","_anchorPoint","_color"],1,1,12,5,7,5,5],["cc.Sprite",["_sizeMode","_type","node","_materials","_spriteFrame"],1,1,3,6],["cc.Button",["zoomScale","_N$transition","_N$enableAutoGrayEffect","node","_N$pressedColor","_N$disabledColor","_N$target","_N$normalSprite","_N$pressedSprite","_N$hoverSprite","_N$disabledSprite","clickEvents"],0,1,5,5,1,6,6,6,6,9],["cc.Prefab",["_name"],2],["c7a33uqHoVKobpqpjjMbZ1/",["node"],3,1],["cc.BoxCollider",["node","_offset","_size"],3,1,5,5],["cc.PrefabInfo",["fileId","root"],2,1],["cc.ParticleSystem",["_custom","_stopped","life","angle","angleVar","startSize","_positionType","speed","speedVar","tangentialAccel","endRadius","node","_startColor","_startColorVar","_endColor","_endColorVar","_spriteFrame"],-8,1,8,8,8,8,6],["8717dbyOB5KjJwuNzAHNLMC",["node"],3,1],["cc.SceneAsset",["_name","asyncLoadAssets"],1],["cc.Canvas",["node","_designResolution"],3,1,5],["280c3rsZJJKnZ9RqbALVwtK",["node","gameContainer","gameInfo"],3,1,1,1],["30e8fslMy9BWZzIAtJXBIZD",["node","canvas","btn1","scoreLabel","bestScore"],3,1,1,1,1,1],["26a8elULspEsJ3DRYvRGkOH",["node","canvas","currScore","snakebody","snakeHead"],3,1,1,1,6,6],["e1966IPmbNFrrPSrBLrog4/",["obstacleCount","node","obstaclePfb"],2,1,6],["b65a211UR1BfLsipP6pCQAb",["node","foodPrefab"],3,1,6],["cc.ClickEvent",["component","handler","target"],1,1],["cc.Scene",["_name","autoReleaseAssets","_children","_anchorPoint","_trs"],1,2,5,7],["cc.Camera",["_clearFlags","_depth","node"],1,1]],[[11,0,1,2],[8,0,2],[9,0,1],[2,0,4,6,3],[0,0,4,9,5,10,2],[0,0,6,7,4,5,8,2],[0,0,6,4,5,2],[0,0,6,4,11,5,2],[5,0,2,3,7,4,5,2],[4,0,1,3,4,5,3],[10,0,1,2,1],[2,3,0,1,2,6,5],[2,0,1,2,6,4],[6,1,0,2,3,4,3],[6,0,2,3,4,2],[3,0,3,5,1,4,2,6,7,8,9,8],[0,0,7,4,9,5,10,2],[0,0,6,4,9,8,2],[0,0,1,7,4,5,8,3],[0,0,2,6,7,4,5,3],[0,0,3,6,4,11,5,3],[0,0,6,4,8,2],[5,0,1,2,3,4,6,5,3],[4,0,3,4,5,2],[4,0,2,1,3,4,5,4],[12,0,1,2,3,4,5,6,7,8,9,10,11,12,13,14,15,16,12],[13,0,1],[14,0,1,3],[15,0,1,1],[16,0,1,2,1],[2,0,6,2],[2,0,5,6,3],[17,0,1,2,3,4,1],[7,0,2,1,3,4,5,6,7,8,9,10,4],[7,0,1,3,11,4,5,6,7,8,3],[18,0,1,2,3,4,1],[19,0,1,2,2],[20,0,1,1],[21,0,1,2,3],[22,0,1,2,3,4,3],[23,0,1,2,3],[3,0,3,1,2,7,8,5],[3,0,1,4,2,7,8,5],[3,0,3,1,4,2,7,8,6]],[[[[1,"obstacle"],[4,"obstacle",[[2,-2],[23,0.5,-3,[4,4287330413],[4,4284958775]],[10,-4,[0,7.5,7.5],[5,14,14]]],[0,"9eIQ0bOcxN5aZLzrmtnOV/",-1],[5,15,15],[0,0,0]]],0,[0,4,1,0,0,1,0,0,1,0,0,1,0,5,1,4],[],[],[]],[[{"name":"snake_bg","rect":[0,0,50,50],"offset":[0,0],"originalSize":[50,50],"capInsets":[0,0,0,0]}],[1],0,[0],[1],[3]],[[[1,"snakeBody"],[4,"snakeBody",[[9,0.5,5,-2,[4,4294967295],[4,4251937387]],[2,-3]],[0,"9eCojJxzNEeJ45gyGpV7QH",-1],[5,15,15],[0,0,0]]],0,[0,4,1,0,0,1,0,0,1,0,5,1,3],[],[],[]],[[[1,"food"],[16,"food",[-4],[[24,0.5,1,4,-2,[4,4294967295],[4,4278222848]],[2,-3]],[0,"8akUNQvoFAeopqJs7DvhL5",-1],[5,15,15],[0,0,0]],[17,"particlesystem",1,[[25,true,false,0.5,360,360,15,1,20,20,0,20,-5,[4,3053518592],[4,3053518602],[4,3054173952],[4,3053518602],0]],[0,"06VxcLhHhIG5rjjWwXwsDc",1],[7.5,7.5,0,0,0,0,1,1,1,1]]],0,[0,4,1,0,0,1,0,0,1,0,-1,2,0,0,2,0,5,1,5],[0],[2],[4]],[[[1,"snakeHead"],[4,"snakeHead",[[9,0.5,4,-2,[4,4294309375],[4,4282192615]],[2,-3],[10,-4,[0,7.5,7.5],[5,15,15]],[26,-5]],[0,"52SqCEu+VHroPv2JcXvzXP",-1],[5,15,15],[0,0,0]]],0,[0,4,1,0,0,1,0,0,1,0,0,1,0,0,1,0,5,1,5],[],[],[]],[[{"name":"white_btn_bg","rect":[0,0,49,49],"offset":[0,0],"originalSize":[49,49],"capInsets":[0,0,0,0]}],[1],0,[0],[1],[5]],[[{"name":"white_bg_3","rect":[0,0,10,10],"offset":[0,0],"originalSize":[10,10],"capInsets":[0,0,0,0]}],[1],0,[0],[1],[6]],[[{"name":"default_sprite_splash","rect":[0,0,2,2],"offset":[0,0],"originalSize":[2,2],"capInsets":[0,0,0,0]}],[1],0,[0],[1],[7]],[[[27,"snake",null],[18,"Canvas","1e0jjyfQxA6ZrDo024ZoH0",[-6,-7,-8,-9,-10],[[28,-1,[5,375,750]],[29,-4,-3,-2],[30,45,-5]],[5,375,750],[187.5,375,0,0,0,0,1,1,1,1]],[19,"gameInfo",false,1,[-16,-17,-18,-19,-20],[[32,-14,1,-13,-12,-11],[11,0,45,375,750,-15]],[5,375,750]],[5,"btn",2,[-25],[[13,1,0,-21,[11],12],[33,0.95,true,3,-23,[4,4294967295],[4,4294967295],-22,13,14,15,16],[3,17,330,-24]],[5,130,40],[0,25,0,0,0,0,1,1,1,1]],[6,"gameContainer",1,[[35,-27,1,-26,2,3],[36,20,-28,5],[37,-29,6],[11,0,45,375,750,-30]],[5,375,750]],[5,"button",2,[-35],[[13,1,0,-31,[19],20],[34,0.95,3,-33,[[38,"game_info","backToList",2]],[4,4294967295],[4,4294967295],-32,21,22],[3,17,395,-34]],[5,130,40],[0,-40,0,0,0,0,1,1,1,1]],[6,"bg1",1,[[14,0,-36,[0],1],[12,45,679,931,-37]],[5,375,750]],[22,"currScore",91.8,1,[[-38,[31,9,10,-39]],1,4],[5,73.33,40],[0,1,1],[-104.17,375,0,0,0,0,1,1,1,1]],[20,"maskBg",190,2,[[14,0,-40,[7],8],[12,45,100,100,-41]],[4,4278190080],[5,375,750]],[8,"score",2,[[-42,[3,17,149.78,-43]],1,4],[4,4285398880],[5,138.89,40],[0,205.22,0,0,0,0,1,1,1,1]],[8,"snakeBestScore",2,[[-44,[3,17,223.665,-45]],1,4],[4,4294967155],[5,73.33,40],[0,131.335,0,0,0,0,1,1,1,1]],[39,"New Node",true,[1],[0,0,0],[0,0,0,0,0,0,1,1,1,1]],[21,"Main Camera",1,[[40,7,-1,-46]],[0,0,530.0075471160765,0,0,0,1,1,1,1]],[41,"score: 0",20,false,1,7,[4]],[7,"Label",3,[[15,"RESTART",20,false,false,1,1,1,-47,[9],10]],[4,4278862320],[5,130,40]],[7,"Label",5,[[15,"BACK",20,false,false,1,1,1,-48,[17],18]],[4,4278862320],[5,130,40]],[42,"score:0",false,1,1,9,[23]],[43,"best:0",24,false,1,1,10,[24]]],0,[0,0,1,0,9,2,0,10,4,0,0,1,0,0,1,0,-1,12,0,-2,6,0,-3,4,0,-4,7,0,-5,2,0,11,17,0,12,16,0,13,3,0,0,2,0,0,2,0,-1,8,0,-2,3,0,-3,5,0,-4,9,0,-5,10,0,0,3,0,6,3,0,0,3,0,0,3,0,-1,14,0,14,13,0,0,4,0,0,4,0,0,4,0,0,4,0,0,5,0,6,5,0,0,5,0,0,5,0,-1,15,0,0,6,0,0,6,0,-1,13,0,0,7,0,0,8,0,0,8,0,-1,16,0,0,9,0,-1,17,0,0,10,0,0,12,0,0,14,0,0,15,0,15,11,1,16,11,48],[0,0,0,0,0,0,0,0,0,0,0,0,0,0,0,0,0,0,0,0,0,0,0,0,0,13,16,17],[-1,2,17,18,-1,19,20,-1,2,-1,3,-1,2,7,8,21,22,-1,3,-1,2,7,8,-1,-1,3,3,3],[0,8,9,10,0,11,12,0,13,0,2,0,1,1,1,1,1,0,2,0,1,1,14,0,0,2,2,2]],[[{"name":"default_btn_pressed","rect":[0,0,40,40],"offset":[0,0],"originalSize":[40,40],"capInsets":[12,12,12,12]}],[1],0,[0],[1],[15]]]]