[1,["ecpdLyjvZBwrvm+cedCcQy","97fP6bIcdJjrBgVBgAURqL","a2MjXRFdtLlYQ5ouAFv/+R","5f5dyqtRNNxaFmVzYns6FZ","e97GVMl6JHh5Ml5qEDdSGa","5cO7kybDxGj4ipyMYdRYZB","71VhFCTINJM6/Ky3oX9nBT","d608qFRoFHwbXd0Dap056i","61cyPdEfRN047sDK9rO0W5","cf73jxyN9Jt47QTJU6ziYh","99FwsL0hBG8bITfZ4/IwmK","b2RAEADp9DSJXq2PZAZ9xE","02delMVqdBD70a/HSD99FK","99rPGrwEdESrhhiUeV8AJ5","d6ywBE3A1M8qdptE41Qs9/","b4P/PCArtIdIH38t6mlw8Y","e8Ueib+qJEhL6mXAHdnwbi","6fgBCSDDdPMInvyNlggls2","9f/OJXf05A7IMOXg5oT8Mm","8855/VlrRKd6H0MSRnFxAU","f0BIwQ8D5Ml7nTNQbh1YlS","29FYIk+N1GYaeWH/q1NxQO","cdtITIZqxMGZgIp+rHg+wo","675ovJ2tVK2aLYfgPUWOMv"],["node","_textureSetter","_spriteFrame","_N$file","_N$target","target","_N$handle","_scrollView","_parent","root","label","data","text","progress","scene","gameBtnPfb","_N$normalSprite","_N$pressedSprite","_N$hoverSprite","_N$disabledSprite"],[["cc.Node",["_name","_opacity","_id","_active","_components","_contentSize","_parent","_trs","_children","_anchorPoint","_color","_prefab"],-1,9,5,1,7,2,5,5,4],["cc.Widget",["_alignFlags","_originalWidth","_originalHeight","_left","_bottom","_top","_right","alignMode","_horizontalCenter","_isAbsTop","node","_target"],-7,1,1],"cc.SpriteFrame",["cc.Node",["_name","_id","_parent","_components","_contentSize","_color","_children","_trs","_prefab"],1,1,12,5,5,2,7,4],["cc.Sprite",["_sizeMode","_type","node","_materials","_spriteFrame"],1,1,3,6],["cc.Label",["_string","_fontSize","_isSystemFontUsed","_N$verticalAlign","_lineHeight","_enableWrapText","_N$overflow","_N$horizontalAlign","_spacingX","node","_materials","_N$file"],-6,1,3,6],["cc.Node",["_name","_opacity","_objFlags","_parent","_components","_color","_contentSize","_anchorPoint","_trs"],0,1,2,5,5,5,7],["cc.Button",["zoomScale","_N$transition","node","clickEvents","_N$pressedColor","_N$disabledColor","_N$target","_N$normalSprite","_N$pressedSprite","_N$hoverSprite","_N$disabledSprite"],1,1,9,5,5,1,6,6,6,6],["cc.Prefab",["_name"],2],["cc.ClickEvent",["_componentId","handler","target"],1,1],["95c8eVM+91PqZe8TEbXZnz4",["node","label"],3,1,1],["cc.PrefabInfo",["fileId","root"],2,1],["cc.SceneAsset",["_name","asyncLoadAssets"],1],["cc.Scene",["_name","_active","autoReleaseAssets","_children","_anchorPoint","_trs"],0,2,5,7],["cc.Canvas",["node","_designResolution"],3,1,5],["cc.Scrollbar",["_N$direction","node","_scrollView","_N$handle"],2,1,1,1],["ce92bwO2b9O7YhkkPUw9i/i",["circlesNum","node"],2,1],["cc.Graphics",["_lineWidth","node","_materials","_fillColor"],2,1,3,5],["cc.Mask",["_N$alphaThreshold","node","_materials"],2,1,3],["afc2dQHtItCX4XFZCnu2PdY",["node","content","noticePic","bottBanner","loadMask","progress","text","gameBtnPfb"],3,1,1,1,1,1,1,1,6],["cc.Camera",["_clearFlags","_depth","node"],1,1],["cc.ScrollView",["horizontal","brake","bounceDuration","_N$horizontalScrollBar","_N$verticalScrollBar","node","_N$content"],-2,1,1],["cc.ProgressBar",["_N$totalLength","_N$progress","node","_N$barSprite"],1,1,1],["35fe2mm+OVPpramB1QEvyTF",["node"],3,1]],[[4,1,0,2,3,3],[1,0,10,2],[4,0,2,3,4,2],[4,1,0,2,3,4,3],[1,0,1,10,3],[0,0,2,6,8,4,5,7,3],[0,0,6,4,5,9,2],[0,0,6,8,4,5,2],[0,0,2,6,4,3],[9,0,1,2,3],[1,7,0,3,2,10,5],[11,0,1,2],[15,0,1,2,3,2],[18,0,1,2,2],[21,0,1,2,3,4,5,6,6],[8,0,2],[0,0,1,8,4,11,5,7,3],[0,0,8,4,5,9,7,2],[0,0,6,8,4,5,7,2],[0,0,3,2,6,8,4,5,7,4],[0,0,6,8,4,5,9,7,2],[0,0,1,6,8,4,10,5,9,7,3],[0,0,6,8,4,10,5,9,7,2],[0,0,4,5,9,2],[0,0,6,4,5,7,2],[0,0,1,6,4,10,5,9,7,3],[0,0,6,4,10,5,7,2],[0,0,1,6,4,10,5,3],[0,0,6,4,7,2],[0,0,6,4,10,5,2],[3,0,2,3,8,5,4,2],[3,0,1,2,6,3,5,4,7,3],[3,0,2,6,3,5,4,7,2],[3,0,2,6,3,4,2],[3,0,2,3,4,7,2],[6,0,1,3,4,5,6,7,3],[6,0,3,4,5,6,7,2],[6,0,2,3,4,5,6,7,8,3],[4,1,0,2,4,3],[4,2,3,1],[7,0,1,2,3,4,5,6,3],[7,0,1,2,3,4,5,6,7,8,9,10,3],[10,0,1,1],[1,0,3,6,1,10,5],[1,7,0,4,8,1,2,10,7],[1,0,5,4,2,10,5],[1,0,3,6,5,1,10,6],[1,7,0,1,10,4],[1,7,0,1,2,10,5],[1,0,3,6,5,4,1,2,10,8],[1,0,4,1,2,10,11,5],[1,0,3,5,4,10,5],[1,0,3,5,10,4],[1,0,1,2,10,4],[1,0,3,6,5,4,9,1,2,10,9],[5,0,1,4,5,2,8,3,6,9,9],[5,0,1,2,9,10,11,4],[5,0,1,4,2,3,9,10,11,6],[5,0,1,5,2,7,3,6,9,10,11,8],[5,0,1,2,7,3,9,10,6],[12,0,1,3],[13,0,1,2,3,4,5,4],[14,0,1,1],[16,0,1,2],[17,0,1,2,3,2],[19,0,1,2,3,4,5,6,7,1],[20,0,1,2,3],[22,0,1,2,3,3],[23,0,1]],[[[{"name":"default_btn_disabled","rect":[0,0,40,40],"offset":[0,0],"originalSize":[40,40],"capInsets":[12,12,12,12]}],[2],0,[0],[1],[6]],[[{"name":"default_scrollbar_vertical","rect":[0,0,15,30],"offset":[0,0],"originalSize":[15,30],"capInsets":[4,10,4,10]}],[2],0,[0],[1],[7]],[[{"name":"default_scrollbar_vertical_bg","rect":[0,0,15,30],"offset":[0,0],"originalSize":[15,30],"capInsets":[4,10,4,10]}],[2],0,[0],[1],[8]],[[{"name":"default_progressbar","rect":[0,0,30,15],"offset":[0,0],"originalSize":[30,15],"capInsets":[10,4,10,4]}],[2],0,[0],[1],[9]],[[{"name":"default_progressbar_bg","rect":[0,0,60,15],"offset":[0,0],"originalSize":[60,15],"capInsets":[10,4,10,4]}],[2],0,[0],[1],[10]],[[[15,"btnPrefab"],[16,"btnPrefab",250,[-9],[[38,1,0,-2,0],[40,0.98,3,-5,[[9,"95c8eVM+91PqZe8TEbXZnz4","loadGame",-4]],[4,4294967295],[4,4294967295],-3],[42,-7,-6],[43,40,15,15,350,-8]],[11,"33aCdQvutPs6qYXKZyS56R",-1],[5,345,50],[187.5,-10,0,0,0,0,1,1,1,1]],[30,"gameBtnTxt",1,[[-10,[4,40,350,-11]],1,4],[11,"99ElFOUJVJcrhZJ7lvxLyb",1],[4,4280345855],[5,345,50]],[55," snake",23,50,false,false,2,1,1,2]],0,[0,9,1,0,0,1,0,4,1,0,5,1,0,0,1,0,10,3,0,0,1,0,0,1,0,-1,2,0,-1,3,0,0,2,0,11,1,11],[0,3],[2,3],[11,1]],[[{"name":"default_sprite_splash","rect":[0,0,2,2],"offset":[0,0],"originalSize":[2,2],"capInsets":[0,0,0,0]}],[2],0,[0],[1],[12]],[[{"name":"mask_bg","rect":[0,0,30,30],"offset":[0,0],"originalSize":[30,30],"capInsets":[0,0,0,0]}],[2],0,[0],[1],[13]],[[{"name":"notice_bg","rect":[0,0,355,140],"offset":[0,0],"originalSize":[355,140],"capInsets":[0,0,0,0]}],[2],0,[0],[1],[14]],[[{"name":"default_btn_pressed","rect":[0,0,40,40],"offset":[0,0],"originalSize":[40,40],"capInsets":[12,12,12,12]}],[2],0,[0],[1],[15]],[[{"name":"default_btn_normal","rect":[0,0,40,40],"offset":[0,0],"originalSize":[40,40],"capInsets":[12,12,12,12]}],[2],0,[0],[1],[16]],[[[60,"startscene",null],[61,"New Node",false,true,[-1,-2,-3,-4,-5,-6],[0,0,0],[0,0,0,0,0,0,1,1,1,1]],[31,"scrollview","5chpph9mxDYZntGneOzOPf",1,[-10,-11],[[[0,1,0,-7,[7]],-8,[44,0,45,30,-2.2737367544323206e-13,375,600,-9]],4,1,4],[4,4290295992],[5,375,720],[187.5,390,0,0,0,0,1,1,1,1]],[5,"bottomBanner","ac5CFpdyVIC7t8bfSvCgAT",1,[-14,-15],[[45,44,610,-120,140,-12],[2,0,-13,[32],33]],[5,375,140],[187.5,-50,0,0,0,0,1,1,1,1]],[32,"scrollview",3,[-19,-20],[[[0,1,0,-16,[17]],-17,[4,44,240,-18]],4,1,4],[4,4290295992],[5,375,120],[0,-10,0,0,0,0,1,1,1,1]],[17,"content",[-22,-23,-24],[[46,41,10,10,10,220,-21]],[5,345,120],[0,0.5,1],[0,45,0,0,0,0,1,1,1,1]],[18,"noticeBtn",3,[-30],[[0,1,0,-25,[20]],[41,0.95,3,-28,[[9,"afc2dQHtItCX4XFZCnu2PdY","openNotice",-27]],[4,4294967295],[4,4294967295],-26,28,29,30,31],[1,17,-29]],[5,40,20],[0,60,0,0,0,0,1,1,1,1]],[19,"loadSceneProgress",false,"5eJ101xXxOTYexFnXOLewm",1,[-32,-33,-34],[[1,45,-31]],[5,375,750],[187.5,375,0,0,0,0,1,1,1,1]],[5,"Canvas","6coCtjXfdGnYQim0+ctypE",1,[-37,-38],[[62,-35,[5,375,750]],[1,45,-36]],[5,375,750],[187.5,375,0,0,0,0,1,1,1,1]],[20,"drawBg",8,[-40,-41],[[1,45,-39]],[5,375,750],[0,0,0],[-187.5,-375,0,0,0,0,1,1,1,1]],[21,"scrollBar",147,2,[-47],[[12,1,-44,-43,-42],[10,0,37,350.07654921020657,237,-45],[3,1,0,-46,[5],6]],[4,4293519339],[5,12,720],[0,1,0.5],[187.5,0,0,0,0,0,1,1,1,1]],[22,"scrollBar",4,[-53],[[12,1,-50,-49,-48],[10,0,37,350.07654921020657,237,-51],[3,1,0,-52,[15],16]],[4,4293122542],[5,12,120],[0,1,0.5],[187.5,0,0,0,0,0,1,1,1,1]],[33,"progressBar",7,[-57],[[[3,1,0,-54,[25],26],-55,[1,18,-56]],4,1,4],[5,300,10]],[6,"graphicContent",9,[[1,45,-58],[63,20,-59],[64,1,-60,[2],[4,2896405411]]],[5,375,750],[0,0,0]],[23,"content",[[47,0,40,375,-61]],[5,375,595],[0,0.5,1]],[7,"view",2,[14],[[13,1,-62,[4]],[48,0,45,375,750,-63]],[5,375,720]],[7,"view",4,[5],[[13,1,-64,[9]],[49,45,5,5,5,5,240,250,-65]],[5,365,110]],[6,"noticePic",5,[[39,-66,[10]],[4,41,100,-67]],[5,345,100],[0,0.5,1]],[24,"whiteBg",9,[[2,0,-68,[0],1],[50,45,-50,100,100,-69,9]],[5,375,800],[187.5,350,0,0,0,0,1,1,1,1]],[25,"version",180,5,[[56,"Version : 1.2.9",11,false,-70,[11],12],[51,9,5,5,71.455,-71]],[4,4294950831],[5,70.28,40],[0,0,0.5],[-167.5,-25,0,0,0,0,1,1,1,1]],[26,"thanksTxt",5,[[57,"thanks for play my games !\nmake better place for world!",15,28,false,1,-72,[13],14],[52,9,12.722000000000008,26.677999999999997,-73]],[4,4294311935],[5,192.5,56],[-63.52799999999999,-54.678,0,0,0,0,1,1,1,1]],[8,"startControler","e4x7WgceZFebga2vr7tVO+",1,[[65,-76,14,17,3,7,-75,-74,21]]],[27,"loadBg",250,7,[[2,0,-77,[22],23],[53,45,100,100,-78]],[4,4279045389],[5,375,750]],[34,"numPer",7,[[-79,[54,17,171.427,178.15300000000002,0.52,289.981,false,25.42,40,-80]],1,4],[5,25.42,40],[0,-35,0,0,0,0,1,1,1,1]],[28,"Main Camera",8,[[66,7,-1,-81]],[0,0,525.6774200971543,0,0,0,1,1,1,1]],[35,"bar",155,10,[-82],[4,4280624421],[5,10,30],[0,1,0]],[0,1,0,25,[3]],[14,false,0.75,0.23,null,null,2,14],[36,"bar",11,[-83],[4,4294308332],[5,10,30],[0,1,0]],[0,1,0,28,[8]],[14,false,0.75,0.23,null,null,4,5],[29,"Label",6,[[58,"OPEN",11,false,false,1,1,1,-84,[18],19]],[4,4285049855],[5,40,20]],[37,"bar",512,12,[-85],[4,4282888703],[5,0,10],[0,0,0.5],[-150,0,0,0,0,0,1,1,1,1]],[0,1,0,32,[24]],[67,300,0,12,33],[59,"0%",15,false,1,1,23,[27]],[8,"gameUser","d6SZIqG+dMEpd92aDDtyBU",1,[[68,-86]]]],0,[0,-1,8,0,-2,2,0,-3,3,0,-4,7,0,-5,36,0,-6,21,0,0,2,0,-2,27,0,0,2,0,-1,10,0,-2,15,0,0,3,0,0,3,0,-1,4,0,-2,6,0,0,4,0,-2,30,0,0,4,0,-1,11,0,-2,16,0,0,5,0,-1,17,0,-2,19,0,-3,20,0,0,6,0,4,6,0,5,21,0,0,6,0,0,6,0,-1,31,0,0,7,0,-1,22,0,-2,12,0,-3,23,0,0,8,0,0,8,0,-1,24,0,-2,9,0,0,9,0,-1,18,0,-2,13,0,6,26,0,7,27,0,0,10,0,0,10,0,0,10,0,-1,25,0,6,29,0,7,30,0,0,11,0,0,11,0,0,11,0,-1,28,0,0,12,0,-2,34,0,0,12,0,-1,32,0,0,13,0,0,13,0,0,13,0,0,14,0,0,15,0,0,15,0,0,16,0,0,16,0,0,17,0,0,17,0,0,18,0,0,18,0,0,19,0,0,19,0,0,20,0,0,20,0,12,35,0,13,34,0,0,21,0,0,22,0,0,22,0,-1,35,0,0,23,0,0,24,0,-1,26,0,-1,29,0,0,31,0,-1,33,0,0,36,0,14,1,5,8,16,14,8,15,86],[0,0,0,0,0,0,0,0,0,0,0,0,0,0,0,0,0,0,0,0,0,0,0,0,0,0,0,0,0,0,0,0,0,0,26,29,33,35],[-1,2,-1,-1,-1,-1,2,-1,-1,-1,-1,-1,3,-1,3,-1,2,-1,-1,3,-1,15,-1,2,-1,-1,2,-1,16,17,18,19,-1,2,2,2,2,3],[0,2,17,0,0,0,3,0,0,0,0,0,1,0,1,0,3,0,0,1,0,18,0,2,0,0,19,0,20,4,4,21,0,22,5,5,23,1]]]]