[1,["20g1ukYUVPvKWKBRznAKo+@f9941","54TknWPwVPqJqeCR+Y/Czo@f9941","95EkngnxZFbYuFpsqVTaFr@f9941","4fL2aIfVZAc4v98pR+hqfs@f9941","6ekIpZwFdEirxVZISCfzqC@f9941","f8bCQfayxKea3sJwQ/Rr8G@f9941","00XoO0H6ZFkaSVFwc70RTX@6c48a","27nu7+CHpD4adTV4MaQO/R@6c48a","5058hChKhIspKU/oUt2u+H@6c48a","e3WXWFh01Eab6MPd54dTQH@f9941","5058hChKhIspKU/oUt2u+H@f9941","e10Ytu2v1H2beQ2RspBYUx@6c48a","97JD5bF7xG9JdkjQFb/xl1@f9941","e10Ytu2v1H2beQ2RspBYUx@f9941","faiYWnPaJA8pBN4le9v9kd@f9941","f25PxLKkdPGIWd1KhkP77f@f9941","27nu7+CHpD4adTV4MaQO/R@f9941","93Y+8sgNtB5oJ2WgDlZxJC@f9941","869zFqTwFHVJ4FFHnatBlz","00XoO0H6ZFkaSVFwc70RTX@f9941","6c/HBr90hLZpQ2IziJmkxC@f9941","f8bCQfayxKea3sJwQ/Rr8G@6c48a","faiYWnPaJA8pBN4le9v9kd@6c48a"],["node","_spriteFrame","_textureSource","_parent","_normalSprite","_hoverSprite","_pressedSprite","_disabledSprite","root","data","_target","lbValue","spItem","imgGold","spAdBtn","spAdIcon","spLotteryBtn","lbMoney","btnAd","btnLottery","ndBtnClose","nodeTurnable","pfRewardItem","imgLotteryBtnDisable","imgLotteryBtnEnable","imgAdBtnEnable"],["cc.SpriteFrame",["cc.Sprite",["_sizeMode","_isTrimmedMode","_type","_name","node","__prefab","_spriteFrame","_color"],-1,1,4,6,5],["cc.Node",["_name","_layer","_components","_prefab","_parent","_children","_lpos","_lrot","_euler"],1,9,4,1,2,5,5,5],["cc.Label",["_string","_actualFontSize","_fontSize","_isBold","_enableWrapText","_lineHeight","_name","node","__prefab","_color"],-4,1,4,5],["cc.Node",["_name","_layer","_active","_components","_prefab","_lpos","_parent","_children"],0,12,4,5,1,2],["cc.UITransform",["_name","node","__prefab","_contentSize"],2,1,4,5],["cc.Widget",["_alignFlags","_alignMode","_originalWidth","_originalHeight","_left","_top","_bottom","node","__prefab"],-4,1,4],["cc.Button",["_transition","_zoomScale","_name","node","__prefab","_normalColor","_target","clickEvents","_normalSprite","_hoverSprite","_pressedSprite","_disabledSprite"],0,1,4,5,1,9,6,6,6,6],["f130br9GwZGkJEkRGonhXxR",["_name","node","__prefab"],2,1,4],["cc.Prefab",["_name"],2],["cc.CompPrefabInfo",["fileId"],2],["93fc8seXTpPJqvHF6Jlpios",["node","__prefab","spItem","lbValue","imgGold"],3,1,4,1,1,6],["cc.PrefabInfo",["fileId","instance","targetOverrides","nestedPrefabInstanceRoots","root","asset"],-1,1,1],["d7ed7RMvvZIvbdJyWwfIGDy",["node","__prefab","arrRewardNode","nodeTurnable","ndBtnClose","btnLottery","btnAd","lbMoney","spLotteryBtn","spAdIcon","spAdBtn","pfRewardItem","imgLotteryBtnDisable","imgLotteryBtnEnable","imgAdBtnEnable"],3,1,4,2,1,1,1,1,1,1,1,1,6,6,6,6],["cc.ClickEvent",["_componentId","handler","target"],1,1],["cc.Layout",["_layoutType","_spacingX","_spacingY","node","__prefab"],0,1,4],["c4c1axXN+NL4oYQEr2M4qn2",["_dataID","node","__prefab"],2,1,4]],[[10,0,2],[12,0,1,2,3,4,5,5],[5,1,2,3,1],[2,0,1,4,2,3,7,8,3],[5,1,2,1],[2,0,1,4,2,3,6,3],[5,0,1,2,3,2],[1,0,1,4,5,6,3],[2,0,1,5,2,3,3],[2,0,1,4,5,2,3,6,3],[14,0,1,2,3],[9,0,2],[2,0,1,4,2,3,3],[4,0,1,6,3,4,5,3],[4,0,2,1,6,3,4,5,4],[4,0,1,7,3,4,5,3],[1,3,2,0,1,4,5,5],[6,0,2,3,1,7,8,5],[7,2,0,1,3,4,7,5,6,4],[8,0,1,2,2],[16,0,1,2,2],[11,0,1,2,3,4,1],[1,0,1,4,5,3],[1,2,0,1,4,5,6,4],[1,0,4,5,7,6,2],[1,3,0,1,4,5,4],[3,0,1,2,3,7,8,9,5],[3,0,1,5,7,8,9,4],[3,6,0,1,2,4,3,7,8,9,7],[3,0,1,2,4,3,7,8,9,6],[6,0,4,5,1,7,8,5],[6,0,6,1,7,8,4],[13,0,1,2,3,4,5,6,7,8,9,10,11,12,13,14,1],[7,3,4,5,6,1],[7,0,1,3,4,7,5,6,8,9,10,11,3],[8,1,2,1],[15,0,1,2,3,4,4]],[[[{"name":"commonBtnGray","rect":{"x":0,"y":0,"width":208,"height":88},"offset":{"x":0,"y":0},"originalSize":{"width":208,"height":88},"rotated":false,"capInsets":[0,0,0,0],"vertices":{"rawPosition":[-104,-44,0,104,-44,0,-104,44,0,104,44,0],"indexes":[0,1,2,2,1,3],"uv":[0,88,208,88,0,0,208,0],"nuv":[0,0,1,0,0,1,1,1],"minPos":{"x":-104,"y":-44,"z":0},"maxPos":{"x":104,"y":44,"z":0}},"packable":true,"pixelsToUnit":100,"pivot":{"x":0.5,"y":0.5},"meshType":0}],[0],0,[0],[2],[6]],[[{"name":"lotteryImg03","rect":{"x":0,"y":0,"width":150,"height":226},"offset":{"x":0,"y":0},"originalSize":{"width":150,"height":226},"rotated":false,"capInsets":[0,0,0,0],"vertices":{"rawPosition":[-75,-113,0,75,-113,0,-75,113,0,75,113,0],"indexes":[0,1,2,2,1,3],"uv":[0,226,150,226,0,0,150,0],"nuv":[0,0,1,0,0,1,1,1],"minPos":{"x":-75,"y":-113,"z":0},"maxPos":{"x":75,"y":113,"z":0}},"packable":true,"pixelsToUnit":100,"pivot":{"x":0.5,"y":0.5},"meshType":0}],[0],0,[0],[2],[7]],[[{"name":"car101","rect":{"x":7,"y":32,"width":145,"height":95},"offset":{"x":-0.5,"y":0.5},"originalSize":{"width":160,"height":160},"rotated":false,"capInsets":[0,0,0,0],"vertices":{"rawPosition":[-72.5,-47.5,0,72.5,-47.5,0,-72.5,47.5,0,72.5,47.5,0],"indexes":[0,1,2,2,1,3],"uv":[7,128,152,128,7,33,152,33],"nuv":[0.04375,0.20625,0.95,0.20625,0.04375,0.8,0.95,0.8],"minPos":{"x":-72.5,"y":-47.5,"z":0},"maxPos":{"x":72.5,"y":47.5,"z":0}},"packable":true,"pixelsToUnit":100,"pivot":{"x":0.5,"y":0.5},"meshType":0}],[0],0,[0],[2],[8]],[[[11,"lotteryItem"],[8,"lotteryItem",1082130432,[-6,-7],[[4,-2,[0,"d1zl7WjyFOjZV0IHVX7ImF"]],[21,-5,[0,"35WzMQY3ZDSa65if1JxSs2"],-4,-3,0]],[1,"40WN4+QWpGkbuZcoB/aevm",null,null,null,-1,0]],[13,"icon",1082130432,1,[[[2,-8,[0,"c4RfHJr3JOWq5n8alwkTDe"],[5,140,140]],-9],4,1],[1,"04ILhvFcNFxqb6yXsfvnJI",null,null,null,1,0],[1,0,189.709,0]],[14,"txt",false,1082130432,1,[[[2,-10,[0,"fcnwMOhEpEqrpbXDaQH2Sq"],[5,46.72,40]],-11],4,1],[1,"f6Y2bWmnlA0aK+PSAQQ95i",null,null,null,1,0],[1,0,120.351,0]],[22,0,false,2,[0,"26Wn7E7m9MkYXH4efejF/9"]],[26,"200",28,28,true,3,[0,"1fjftU3/hIarJDarQGZppi"],[4,4283724465]]],0,[0,8,1,0,0,1,0,11,5,0,12,4,0,0,1,0,-1,2,0,-2,3,0,0,2,0,-2,4,0,0,3,0,-2,5,0,9,1,11],[0,4],[13,1],[9,10]],[[{"name":"lotteryImg02","rect":{"x":0,"y":0,"width":528,"height":528},"offset":{"x":0,"y":0},"originalSize":{"width":528,"height":528},"rotated":false,"capInsets":[0,0,0,0],"vertices":{"rawPosition":[-264,-264,0,264,-264,0,-264,264,0,264,264,0],"indexes":[0,1,2,2,1,3],"uv":[0,528,528,528,0,0,528,0],"nuv":[0,0,1,0,0,1,1,1],"minPos":{"x":-264,"y":-264,"z":0},"maxPos":{"x":264,"y":264,"z":0}},"packable":true,"pixelsToUnit":100,"pivot":{"x":0.5,"y":0.5},"meshType":0}],[0],0,[0],[2],[11]],[[[11,"lottery"],[8,"lottery",33554432,[-21,-22,-23,-24,-25,-26],[[2,-2,[0,"35t1WP6QpPrYtZmNJPagMH"],[5,720,1280]],[17,45,100,100,1,-3,[0,"ac9eS4fAlCfZ8hOxM0z2oF"]],[32,-18,[0,"7dW0sAeSxDW7TVBzaxWG4D"],[-12,-13,-14,-15,-16,-17],-11,-10,-9,-8,-7,-6,-5,-4,11,12,13,14],[33,-20,[0,"94RL83Gq9J+5mwqHKGRBeb"],[4,4292269782],-19]],[1,"a4H6WRGe5P5aZReAoWXusv",null,null,null,-1,0]],[8,"rewards",33554432,[-28,-29,-30,-31,-32,-33],[[2,-27,[0,"42Md7FaAFCF4X8fTUrLxb6"],[5,528,528]]],[1,"58h58pi1VBaLo78xUuftTp",null,null,null,1,0]],[15,"btnLottery",33554432,[-38,-39],[[[6,"btnLottery<UITransform>",-34,[0,"3faLdnHz1HE65ENcL1ki28"],[5,187.2,79.2]],-35,-36,[19,"btnLottery<btnAdapter>",-37,[0,"d2ZM4P+85LXrOvjbuovtQe"]]],4,1,1,4],[1,"adETTYIkRHoJJ9Ojk2g7hp",null,null,null,1,0],[1,0,59,0]],[15,"btnAd",33554432,[-44,-45],[[[6,"btnAd<UITransform>",-40,[0,"9cvq5rrTZA5a0LoPVOqICP"],[5,208,88]],-41,-42,[19,"btnAd<btnAdapter>",-43,[0,"c7XdGfraVGvIJArr+uodiJ"]]],4,1,1,4],[1,"e1oG5qVq5Ma6XAHiM//BOX",null,null,null,1,0],[1,0,-54.6,0]],[5,"btnClose",33554432,1,[[2,-46,[0,"fbuJFTCStFcb7ZBBxs3KHG"],[5,61,61]],[23,1,2,false,-47,[0,"38t5/stglO2p9zUJ4klVOj"],6],[34,3,0.85,-49,[0,"d6iClaYxJDaIEmTqAzT3vK"],[[10,"d7ed7RMvvZIvbdJyWwfIGDy","onBtnCloseClick",1]],[4,4292269782],-48,7,8,9,10],[35,-50,[0,"28urPihENDAJdiKdfyE+xO"]],[30,8,50,150,1,-51,[0,"5bRJgcnd1JtqE0166vR3Yg"]]],[1,"02k06QKBdJZYBDZKUKvm+z",null,null,null,1,0],[1,-279.5,492.5,0]],[9,"turnable",33554432,1,[-54,2],[[2,-52,[0,"a7vcVoFglGgKDqDlv7+/Kh"],[5,590,590]],[7,2,false,-53,[0,"28nfXXXllMRrV53Y7+mg4w"],2]],[1,"a4fj5YkvdLGK/ZRy0Jv+WF",null,null,null,1,0],[1,0,104,0]],[9,"btns",33554432,1,[3,4],[[2,-55,[0,"1ezflik/JC+q8sm82tXHQP"],[5,555,197.2]],[36,2,55,30,-56,[0,"9eZ0v4bpFFMYHkUgTjSbTO"]],[31,4,178.8,1,-57,[0,"8e2FvMqeFERI/afYYl0N/X"]]],[1,"2cyaReUW1KIrTE0yEQ9n0N",null,null,null,1,0],[1,0,-362.6,0]],[12,"bg",33554432,1,[[2,-58,[0,"e3C/92T0JFmqYTaIBjVIxQ"],[5,720,1280]],[24,0,-59,[0,"8c6LXGDIpHz4gNu5PcERBP"],[4,3372220415],0],[17,45,100,100,1,-60,[0,"f4CQMUWbJPILAFoF45FKig"]]],[1,"17N6wsPnJPU5fRu794PbPr",null,null,null,1,0]],[9,"title",33554432,1,[-63],[[2,-61,[0,"2ax7YJ0pVOZr2MmlP3aRIt"],[5,482,124]],[7,2,false,-62,[0,"acxtyOVpJDB5ze25Fv9x42"],3]],[1,"e1/XqYf3NLxKJX6IDPTo/K",null,null,null,1,0],[1,0,392.572,0]],[5,"txt",33554432,9,[[2,-64,[0,"16D40HShRE2JNd7fh1F4Il"],[5,200,75.6]],[27,"幸运大转盘",40,60,-65,[0,"40rq/dVONJO67i6LAYoSUJ"],[4,4288798975]],[20,"lottery.title",-66,[0,"57m7Zi2LZOa5FcAAiO2TGE"]]],[1,"f1RYqIYPdFIpnoio6JIPDt",null,null,null,1,0],[1,0,11,0]],[5,"Label",33554432,4,[[6,"Label<UITransform>",-67,[0,"08GI6LidlCe6Q1tlAYY5//"],[5,72,50.4]],[28,"Label<Label>","免费",36,36,false,true,-68,[0,"8f80UTO65LvK9M9wGWnY4R"],[4,4287781120]],[20,"lottery.free",-69,[0,"e4ANY5bE5GpY9BV+8Ogb3K"]]],[1,"1duCoItelJ/YdOBZdF53SY",null,null,null,1,0],[1,-1.07,4.796,0]],[12,"fg",33554432,6,[[2,-70,[0,"41RuHN29tB1IyeaVhNKPbR"],[5,528,528]],[7,2,false,-71,[0,"db6c1VxN5FTbrnhzKGuNG3"],1]],[1,"eaZbsCrzlOEIrkr+g7tCgG",null,null,null,1,0]],[3,"item1",33554432,2,[[6,"item1<UITransform>",-72,[0,"92/WTSb0RKup6HPyTqtt1j"],[5,0,0]]],[1,"f81hHkERRN0bPj/5ie4zRb",null,null,null,1,0],[3,0,0,-0.25881904510252074,0.9659258262890683],[1,0,0,-30]],[3,"item2",33554432,2,[[4,-73,[0,"e3IdwR3TdMD685FloT62/I"]]],[1,"96xcYK7d1NBKTdPZHMod9i",null,null,null,1,0],[3,0,0,-0.7071067811865475,0.7071067811865476],[1,0,0,-90]],[3,"item3",33554432,2,[[4,-74,[0,"05zyu7G99CKrObU8QhGIMy"]]],[1,"a6MIXVaN1AqomWAL56ak5z",null,null,null,1,0],[3,0,0,-0.9659258262890683,0.25881904510252074],[1,0,0,-150]],[3,"item4",33554432,2,[[4,-75,[0,"96mz5H/CNFGosozQjFASKr"]]],[1,"a50ZE8vS9LCLuREINku/4L",null,null,null,1,0],[3,0,0,-0.9659258262890683,-0.25881904510252085],[1,0,0,-210]],[3,"item5",33554432,2,[[4,-76,[0,"1fwja83lJNU4gpSnLul/ac"]]],[1,"50p+nfmDxGE4be4b9Vf33I",null,null,null,1,0],[3,0,0,-0.7071067811865476,-0.7071067811865475],[1,0,0,-270]],[3,"item6",33554432,2,[[4,-77,[0,"60pqX+wyJIqa/0GoiKbFJv"]]],[1,"ebHqpze5ZDO7XUrqridvmk",null,null,null,1,0],[3,0,0,0.25881904510252074,0.9659258262890683],[1,0,0,30]],[5,"point",33554432,1,[[2,-78,[0,"56c4LH7OROB5G7X99TpZ8C"],[5,150,226]],[7,2,false,-79,[0,"12U9nwuPFPRoT1EtPDa2u8"],4]],[1,"9fFjyFDVJIVJmzw+H2qZKq",null,null,null,1,0],[1,0,140,0]],[5,"icon",33554432,3,[[2,-80,[0,"3b40oSYodNz5Z4Q0prA040"],[5,49,52]],[7,2,false,-81,[0,"3bLD5iapNF2J2P+ZCbNtHW"],5]],[1,"d6fVJR3B1BKIHKgNRQN25k",null,null,null,1,0],[1,-58,5,0]],[13,"money",33554432,3,[[[2,-82,[0,"3c2q2YUgtO57MyYPzFPqpr"],[5,80.09,50.4]],-83],4,1],[1,"24Nb1yt+ZLErkWIdDpUb7m",null,null,null,1,0],[1,28,3,0]],[14,"icon",false,33554432,4,[[[6,"icon<UITransform>",-84,[0,"cfh3NXH+lCVrC5jBBNh5Yk"],[5,58,40]],-85],4,1],[1,"ceTI1UtmNCbL3lXdxja0oh",null,null,null,1,0],[1,-46,0,0]],[29,"2000",36,36,false,true,21,[0,"4aEdUY68ZDdLKLP/xIQt0j"],[4,4279976099]],[16,"btnLottery<Sprite>",1,0,false,3,[0,"3dJSQa0tdFv4hc3+IIQQKG"]],[18,"btnLottery<Button>",3,0.85,3,[0,"98fuVrCQVNtYGIIkNClaIN"],[[10,"d7ed7RMvvZIvbdJyWwfIGDy","onBtnStartClick",1]],[4,4292269782],3],[25,"icon<Sprite>",2,false,22,[0,"92XqsU+0dPhJBbbWac3XIe"]],[16,"btnAd<Sprite>",1,2,false,4,[0,"e4JP789xpPhox1IKKvuhJd"]],[18,"btnAd<Button>",3,0.85,4,[0,"262jwhkMdIMoeJ/s9XFKJv"],[[10,"d7ed7RMvvZIvbdJyWwfIGDy","onBtnAdClick",1]],[4,4292269782],4]],0,[0,8,1,0,0,1,0,0,1,0,14,27,0,15,26,0,16,24,0,17,23,0,18,28,0,19,25,0,20,5,0,21,6,0,-1,13,0,-2,14,0,-3,15,0,-4,16,0,-5,17,0,-6,18,0,0,1,0,10,1,0,0,1,0,-1,8,0,-2,6,0,-3,9,0,-4,19,0,-5,7,0,-6,5,0,0,2,0,-1,13,0,-2,14,0,-3,15,0,-4,16,0,-5,17,0,-6,18,0,0,3,0,-2,24,0,-3,25,0,0,3,0,-1,20,0,-2,21,0,0,4,0,-2,27,0,-3,28,0,0,4,0,-1,22,0,-2,11,0,0,5,0,0,5,0,10,5,0,0,5,0,0,5,0,0,5,0,0,6,0,0,6,0,-1,12,0,0,7,0,0,7,0,0,7,0,0,8,0,0,8,0,0,8,0,0,9,0,0,9,0,-1,10,0,0,10,0,0,10,0,0,10,0,0,11,0,0,11,0,0,11,0,0,12,0,0,12,0,0,13,0,0,14,0,0,15,0,0,16,0,0,17,0,0,18,0,0,19,0,0,19,0,0,20,0,0,20,0,0,21,0,-2,23,0,0,22,0,-2,26,0,9,1,2,3,6,3,3,7,4,3,7,85],[0,0,0,0,0,0,0,0,0,0,0,0,0,0,0,24,25,25,25,25,26,27,28,28,28,28],[1,1,1,1,1,1,1,4,5,6,7,22,23,24,25,1,4,5,6,7,1,1,4,5,6,7],[12,13,14,15,16,17,5,5,0,1,2,18,19,3,4,3,3,0,1,2,20,4,4,0,1,2]],[[{"name":"commonIconClose02","rect":{"x":0,"y":0,"width":61,"height":61},"offset":{"x":0,"y":0},"originalSize":{"width":61,"height":61},"rotated":false,"capInsets":[0,0,0,0],"vertices":{"rawPosition":[-30.5,-30.5,0,30.5,-30.5,0,-30.5,30.5,0,30.5,30.5,0],"indexes":[0,1,2,2,1,3],"uv":[0,61,61,61,0,0,61,0],"nuv":[0,0,1,0,0,1,1,1],"minPos":{"x":-30.5,"y":-30.5,"z":0},"maxPos":{"x":30.5,"y":30.5,"z":0}},"packable":true,"pixelsToUnit":100,"pivot":{"x":0.5,"y":0.5},"meshType":0}],[0],0,[0],[2],[21]],[[{"name":"lotteryImg01","rect":{"x":0,"y":0,"width":590,"height":590},"offset":{"x":0,"y":0},"originalSize":{"width":590,"height":590},"rotated":false,"capInsets":[0,0,0,0],"vertices":{"rawPosition":[-295,-295,0,295,-295,0,-295,295,0,295,295,0],"indexes":[0,1,2,2,1,3],"uv":[0,590,590,590,0,0,590,0],"nuv":[0,0,1,0,0,1,1,1],"minPos":{"x":-295,"y":-295,"z":0},"maxPos":{"x":295,"y":295,"z":0}},"packable":true,"pixelsToUnit":100,"pivot":{"x":0.5,"y":0.5},"meshType":0}],[0],0,[0],[2],[22]]]]
