[1,["ecpdLyjvZBwrvm+cedCcQy","40xGf2B5BAoab+IIAi9ohl","e97GVMl6JHh5Ml5qEDdSGa","97fP6bIcdJjrBgVBgAURqL","29FYIk+N1GYaeWH/q1NxQO","71VhFCTINJM6/Ky3oX9nBT","76DFpu6PBP16a4jIAs1edh","f0BIwQ8D5Ml7nTNQbh1YlS","b4P/PCArtIdIH38t6mlw8Y","e8Ueib+qJEhL6mXAHdnwbi"],["node","_textureSetter","_spriteFrame","_N$file","_N$target","_N$normalSprite","_N$pressedSprite","_N$hoverSprite","_N$disabledSprite","scene","_parent"],[["cc.Node",["_name","_id","_components","_contentSize","_trs","_parent","_children","_color"],1,9,5,7,1,2,5],["cc.Widget",["_alignFlags","_originalWidth","_originalHeight","_left","_right","_bottom","_isAbsRight","_isAbsBottom","_top","_isAbsLeft","_isAbsTop","node"],-8,1],"cc.SpriteFrame",["cc.Sprite",["_sizeMode","_type","node","_materials","_spriteFrame"],1,1,3,6],["cc.Label",["_string","_fontSize","_isSystemFontUsed","_N$horizontalAlign","_N$verticalAlign","_enableWrapText","_N$overflow","node","_materials","_N$file"],-4,1,3,6],["cc.SceneAsset",["_name","asyncLoadAssets"],1],["cc.Canvas",["node","_designResolution"],3,1,5],["9a20f4WBv9Pkaf28axbh8x4",["node"],3,1],["cc.Button",["zoomScale","_N$transition","node","clickEvents","_N$normalColor","_N$pressedColor","_N$hoverColor","_N$disabledColor","_N$target","_N$normalSprite","_N$pressedSprite","_N$hoverSprite","_N$disabledSprite"],1,1,9,5,5,5,5,1,6,6,6,6],["cc.ClickEvent",["component","handler","target"],1,1],["cc.Scene",["_name","_children","_anchorPoint","_trs"],2,2,5,7],["cc.Camera",["_clearFlags","_depth","node"],1,1]],[[0,0,5,2,3,2],[0,0,5,6,2,7,3,4,2],[1,0,11,2],[1,0,3,11,3],[3,1,0,2,3,4,3],[8,0,1,2,3,4,5,6,7,8,9,10,11,12,3],[9,0,1,2,3],[4,0,1,5,2,3,4,6,7,8,9,8],[5,0,1,3],[0,0,1,6,2,3,4,3],[0,0,5,2,7,3,4,2],[0,0,5,2,4,2],[6,0,1,1],[7,0,1],[1,0,4,5,6,7,1,2,11,8],[1,0,3,8,9,10,1,2,11,8],[1,0,1,2,11,4],[3,0,2,3,4,2],[4,0,1,2,3,4,7,8,9,6],[10,0,1,2,3,2],[11,0,1,2,3]],[[[{"name":"default_btn_disabled","rect":[0,0,40,40],"offset":[0,0],"originalSize":[40,40],"capInsets":[12,12,12,12]}],[2],0,[0],[1],[5]],[[{"name":"dtwb_bg","rect":[0,0,1,1],"offset":[0,0],"originalSize":[1,1],"capInsets":[0,0,0,0]}],[2],0,[0],[1],[6]],[[[8,"dontt_white_block_start",null],[9,"Canvas","2ehqkRE9lNBISPw4KKeHWF",[-4,-5,-6,-7,-8],[[12,-1,[5,375,750]],[13,-2],[2,45,-3]],[5,375,750],[187.5,375,0,0,0,0,1,1,1,1]],[1,"dtwbStartBtn",1,[-13],[[4,1,0,-9,[4],5],[5,0.98,3,-11,[[6,"dtwb_start_page","startGame",1]],[4,4278190080],[4,4279769112],[4,4278190080],[4,4278190080],-10,6,7,8,9],[14,45,0.5,0.5,false,false,100,40,-12]],[4,4278190080],[5,187.5,375],[-93.75,187.5,0,0,0,0,1,1,1,1]],[1,"dtwbBackBtn",1,[-18],[[4,1,0,-14,[12],13],[5,0.98,3,-16,[[6,"dtwb_start_page","backTheGameList",1]],[4,4278190080],[4,4279769112],[4,4278190080],[4,4278190080],-15,14,15,16,17],[15,45,0.5,0.5,false,false,100,40,-17]],[4,4278190080],[5,187.5,375],[93.75,-187.5,0,0,0,0,1,1,1,1]],[0,"dtwbStartBg",1,[[17,0,-19,[0],1],[16,45,1,1,-20]],[5,375,750]],[0,"Label",2,[[7,"START",20,false,false,1,1,1,-21,[2],3],[2,18,-22]],[5,100,40]],[0,"Label",3,[[7,"BACK",20,false,false,1,1,1,-23,[10],11],[3,18,43.75,-24]],[5,100,40]],[10,"dtwbTips",1,[[18,"Do not touch the white block.",10,false,1,1,-25,[18],19],[3,12,10,-26]],[4,4292730333],[5,133.89,40],[-110.555,-355,0,0,0,0,1,1,1,1]],[19,"New Node",[1],[0,0,0],[0,0,0,0,0,0,1,1,1,1]],[11,"Main Camera",1,[[20,7,-1,-27]],[0,0,530.0075471160765,0,0,0,1,1,1,1]]],0,[0,0,1,0,0,1,0,0,1,0,-1,9,0,-2,4,0,-3,2,0,-4,3,0,-5,7,0,0,2,0,4,2,0,0,2,0,0,2,0,-1,5,0,0,3,0,4,3,0,0,3,0,0,3,0,-1,6,0,0,4,0,0,4,0,0,5,0,0,5,0,0,6,0,0,6,0,0,7,0,0,7,0,0,9,0,9,8,1,10,8,27],[0,0,0,0,0,0,0,0,0,0,0,0,0,0,0,0,0,0,0,0],[-1,2,-1,3,-1,2,5,6,7,8,-1,3,-1,2,5,6,7,8,-1,3],[0,1,0,3,0,1,7,2,2,4,0,3,0,1,1,2,2,4,0,3]],[[{"name":"default_btn_pressed","rect":[0,0,40,40],"offset":[0,0],"originalSize":[40,40],"capInsets":[12,12,12,12]}],[2],0,[0],[1],[8]],[[{"name":"default_btn_normal","rect":[0,0,40,40],"offset":[0,0],"originalSize":[40,40],"capInsets":[12,12,12,12]}],[2],0,[0],[1],[9]]]]