[1,["97fP6bIcdJjrBgVBgAURqL","ecpdLyjvZBwrvm+cedCcQy","6fgBCSDDdPMInvyNlggls2","e97GVMl6JHh5Ml5qEDdSGa","0aDMLqCChFMaN3WMbBopOx","f0BIwQ8D5Ml7nTNQbh1YlS","29FYIk+N1GYaeWH/q1NxQO","a2MjXRFdtLlYQ5ouAFv/+R","99uCtiW/pHiL7t41qn333i","71VhFCTINJM6/Ky3oX9nBT","a6q4WUOR1ItJqDVoKxI5V4","02delMVqdBD70a/HSD99FK","b4P/PCArtIdIH38t6mlw8Y","e8Ueib+qJEhL6mXAHdnwbi"],["node","_N$file","_textureSetter","_spriteFrame","_N$target","_parent","_N$normalSprite","_N$pressedSprite","_N$hoverSprite","_N$disabledSprite","numText","needleDrawContent","gameInfoMask","levelTxt","modeTypeTxt","waitContent","moveNeedle","bigCircle","scene","needlePfb","root","data"],[["cc.Node",["_name","_active","_opacity","_id","_components","_contentSize","_parent","_trs","_children","_anchorPoint","_color","_prefab"],-1,9,5,1,7,2,5,5,4],["cc.Widget",["_alignFlags","_top","_bottom","_left","_originalWidth","_originalHeight","_right","node"],-4,1],["cc.Graphics",["_lineWidth","_lineCap","_lineJoin","node","_fillColor","_materials","_strokeColor"],0,1,5,3,5],"cc.SpriteFrame",["cc.Label",["_fontSize","_isSystemFontUsed","_N$horizontalAlign","_N$verticalAlign","_string","_lineHeight","_enableWrapText","_N$overflow","node","_N$file","_materials"],-5,1,6,3],["cc.Sprite",["_sizeMode","_type","node","_spriteFrame","_materials"],1,1,6,3],["247f98qe3BPPLYsWNb4vnyw",["isRotate","node","needleDrawContent","numText"],2,1,1,1],["cc.SceneAsset",["_name","asyncLoadAssets"],1],["cc.Canvas",["node","_designResolution"],3,1,5],["904ceXexs9NO5K90wK8ohoB",["node","bigCircle","moveNeedle","waitContent","modeTypeTxt","levelTxt","gameInfoMask","needlePfb"],3,1,1,1,1,1,1,1,6],["cc.CircleCollider",["_radius","node","_offset"],2,1,5],["cc.Button",["zoomScale","_N$transition","node","clickEvents","_N$pressedColor","_N$disabledColor","_N$target","_N$normalSprite","_N$pressedSprite","_N$hoverSprite","_N$disabledSprite"],1,1,9,5,5,1,6,6,6,6],["cc.ClickEvent",["_componentId","handler","target"],1,1],["f61aaduPWdFQ4opZlD0/583",["r","node"],2,1],["ce92bwO2b9O7YhkkPUw9i/i",["circlesNum","node"],2,1],["cc.Scene",["_name","_active","autoReleaseAssets","_children","_anchorPoint","_trs"],0,2,5,7],["cc.Camera",["_clearFlags","_depth","node"],1,1],["cc.Prefab",["_name"],2],["a2e3eydC/lMu4KRrjIdcxPG",["node"],3,1],["cc.PrefabInfo",["fileId","root"],2,1]],[[1,0,1,7,3],[0,0,6,8,4,5,7,2],[1,0,7,2],[4,4,0,5,1,2,3,8,10,9,7],[13,0,1,2],[0,0,6,4,5,2],[2,0,2,3,5,6,4,3],[4,4,0,1,2,3,8,9,6],[0,0,6,4,10,5,7,2],[0,0,6,4,10,5,2],[5,1,0,2,3,3],[11,0,1,2,3,4,5,6,7,8,9,10,3],[12,0,1,2,3],[4,4,0,6,1,2,3,7,8,9,8],[19,0,1,2],[0,0,1,6,4,10,5,7,3],[0,0,6,4,5,7,2],[1,0,2,7,3],[1,0,3,1,7,4],[1,0,4,5,7,4],[10,0,1,2,2],[2,0,1,3,5,6,4,3],[7,0,1,3],[0,0,3,8,4,5,7,3],[0,0,1,6,8,4,10,5,3],[0,0,8,4,5,7,2],[0,0,1,8,4,5,9,7,3],[0,0,1,6,8,4,5,7,3],[0,0,6,8,4,5,2],[0,0,6,8,4,5,9,7,2],[0,0,6,4,5,9,2],[0,0,6,4,5,9,7,2],[0,0,2,6,4,5,3],[0,0,2,6,4,10,5,3],[0,0,6,4,7,2],[0,0,8,4,11,5,9,2],[0,0,6,4,11,5,9,7,2],[0,0,6,4,11,5,7,2],[8,0,1,1],[9,0,1,2,3,4,5,6,7,1],[1,0,1,2,7,4],[1,0,3,6,4,7,5],[6,0,1,2,3,2],[6,1,2,3,1],[5,0,2,4,3,2],[5,0,2,3,2],[2,0,3,5,4,2],[2,0,1,3,4,3],[2,0,3,5,6,4,2],[2,0,1,3,5,4,3],[14,0,1,2],[4,0,5,1,2,3,8,10,9,6],[15,0,1,2,3,4,5,4],[16,0,1,2,3],[17,0,2],[18,0,1]],[[[{"name":"needle_game_bg","rect":[0,0,50,50],"offset":[0,0],"originalSize":[50,50],"capInsets":[0,0,0,0]}],[3],0,[0],[2],[8]],[[{"name":"default_btn_disabled","rect":[0,0,40,40],"offset":[0,0],"originalSize":[40,40],"capInsets":[12,12,12,12]}],[3],0,[0],[2],[9]],[[[22,"game_needles",null],[23," Canvas","6a9LyEbtZIOLjLudeIkeuS",[-10,-11,-12,-13,-14,-15],[[38,-1,[5,375,750]],[39,-8,-7,-6,-5,-4,-3,-2,49],[2,45,-9]],[5,375,750],[187.5,375,0,0,0,0,1,1,1,1]],[24,"gameOverMask",false,1,[-17,-18,-19,-20,-21,-22,-23],[[2,45,-16]],[4,4283453520],[5,375,750]],[25,"needlesWaitContent",[-25,-26,-27,-28,-29,-30],[[2,20,-24]],[5,18,119],[0,-140.5,0,0,0,0,1,1,1,1]],[26,"needle",false,[-36,-37],[[42,false,-33,-32,-31],[17,20,119,-34],[20,9,-35,[0,0,-111]]],[5,18,80],[0,0.5,1.5],[0,39,0,0,0,0,1,1,1,1]],[1,"restart",2,[-42],[[10,1,0,-38,29],[11,0.95,3,-40,[[12,"904ceXexs9NO5K90wK8ohoB","reLoadThisScene",1]],[4,4294967295],[4,4294967295],-39,30,31,32,33],[40,17,400,357.5,-41]],[5,150,35],[0,-42.5,0,0,0,0,1,1,1,1]],[27,"next",false,2,[-47],[[10,1,0,-43,35],[11,0.95,3,-45,[[12,"904ceXexs9NO5K90wK8ohoB","reLoadThisScene",1]],[4,4294967295],[4,4294967295],-44,36,37,38,39],[0,17,400,-46]],[5,150,35],[0,-42.5,0,0,0,0,1,1,1,1]],[1,"back",2,[-52],[[10,1,0,-48,41],[11,0.95,3,-50,[[12,"904ceXexs9NO5K90wK8ohoB","backStart",1]],[4,4294967295],[4,4294967295],-49,42,43,44,45],[0,17,450,-51]],[5,150,35],[0,-92.5,0,0,0,0,1,1,1,1]],[28,"gameCircleContainer",1,[-54,3,4],[[2,40,-53]],[5,375,400]],[1,"waitCircle1",3,[-58],[[2,17,-55],[21,1,1,-56,[10],[4,0],[4,4278190080]],[4,9,-57]],[5,18,18],[0,50.5,0,0,0,0,1,1,1,1]],[1,"waitCircle2",3,[-62],[[0,17,20,-59],[6,1,1,-60,[13],[4,0],[4,4278190080]],[4,9,-61]],[5,18,18],[0,30.5,0,0,0,0,1,1,1,1]],[1,"waitCircle3",3,[-66],[[0,17,40,-63],[6,1,1,-64,[16],[4,0],[4,4278190080]],[4,9,-65]],[5,18,18],[0,10.5,0,0,0,0,1,1,1,1]],[1,"waitCircle4",3,[-70],[[0,17,60,-67],[6,1,1,-68,[19],[4,0],[4,4278190080]],[4,9,-69]],[5,18,18],[0,-9.5,0,0,0,0,1,1,1,1]],[1,"waitCircle5",3,[-74],[[0,17,80,-71],[6,1,1,-72,[22],[4,0],[4,4278190080]],[4,9,-73]],[5,18,18],[0,-29.5,0,0,0,0,1,1,1,1]],[1,"waitCircle",3,[-78],[[0,17,100,-75],[21,1,1,-76,[25],[4,0],[4,4278190080]],[4,9,-77]],[5,18,18],[0,-49.5,0,0,0,0,1,1,1,1]],[29,"drawBg",1,[-80,-81],[[2,45,-79]],[5,375,750],[0,0,0],[-187.5,-375,0,0,0,0,1,1,1,1]],[30,"graphicContent",15,[[2,45,-82],[50,15,-83],[46,1,-84,[2],[4,2896405411]]],[5,375,750],[0,0,0]],[8,"modeType",1,[[3,"free mode",15,20,false,1,1,-85,[3],4],[18,9,10,10,-86]],[4,4291414473],[5,71.67,20],[-141.665,355,0,0,0,0,1,1,1,1]],[15,"levelTxt",false,1,[[3,"level: 1",15,20,false,1,1,-87,[5],6],[18,9,10,40,-88]],[4,4291414473],[5,47.08,20],[-153.96,325,0,0,0,0,1,1,1,1]],[1,"bigCircle",8,[-90],[[0,17,80,-89]],[5,80,80],[0,80,0,0,0,0,1,1,1,1]],[31,"drawContent",4,[[2,45,-91],[47,1,1,-92,[4,4278190080]]],[5,18,80],[0,0,0],[-9,-120,0,0,0,0,1,1,1,1]],[16,"needleNum",4,[[7,"1",9,false,1,1,-93,26],[17,20,3.5549999999999997,-94]],[5,5.5,10],[0,-111.445,0,0,0,0,1,1,1,1]],[16,"whiteBg",15,[[44,0,-95,[0],1],[19,45,100,100,-96]],[5,375,750],[187.5,375,0,0,0,0,1,1,1,1]],[32,"bigCircleBg",235,19,[[48,1,-97,[7],[4,0],[4,3674210304]],[4,40,-98]],[5,80,80]],[33,"maskBg",225,2,[[45,0,-99,27],[19,45,100,100,-100]],[4,4278190080],[5,375,750]],[8,"gameMaskModeType",2,[[7,"free mode",16,false,1,1,-101,46],[0,1,250,-102]],[4,4294967238],[5,76.44,17.78],[0,116.11,0,0,0,0,1,1,1,1]],[8,"freeModeBestScore",2,[[7,"best score: 1",16,false,1,1,-103,47],[0,1,275,-104]],[4,4294967238],[5,89.33,17.78],[0,91.11,0,0,0,0,1,1,1,1]],[15,"levelModeTxt",false,2,[[7,"next level: 2",16,false,1,1,-105,48],[0,1,275,-106]],[4,4294967238],[5,88,17.78],[0,91.11,0,0,0,0,1,1,1,1]],[52,"New Node",false,true,[1],[0,0,0],[0,0,0,0,0,0,1,1,1,1]],[34,"Main Camera",1,[[53,7,-1,-107]],[0,0,530.0075471160765,0,0,0,1,1,1,1]],[5,"wcTxt",9,[[3,"5",9,18,false,1,1,-108,[8],9]],[5,7,18]],[5,"wcTxt",10,[[3,"4",9,18,false,1,1,-109,[11],12]],[5,7.5,18]],[5,"wcTxt",11,[[3,"3",9,18,false,1,1,-110,[14],15]],[5,7,18]],[5,"wcTxt",12,[[3,"2",9,18,false,1,1,-111,[17],18]],[5,6.75,18]],[5,"wcTxt",13,[[3,"1",9,18,false,1,1,-112,[20],21]],[5,5.5,18]],[5,"wcTxt",14,[[3,"0",9,18,false,1,1,-113,[23],24]],[5,7.5,18]],[9,"Label",5,[[13,"RESTART",18,false,false,1,1,1,-114,28]],[4,4286151033],[5,150,35]],[9,"Label",6,[[13,"NEXT",18,false,false,1,1,1,-115,34]],[4,4286151033],[5,150,35]],[9,"Label",7,[[13,"BACK",18,false,false,1,1,1,-116,40]],[4,4286151033],[5,150,35]]],0,[0,0,1,0,12,2,0,13,18,0,14,17,0,15,3,0,16,4,0,17,19,0,0,1,0,0,1,0,-1,29,0,-2,15,0,-3,17,0,-4,18,0,-5,8,0,-6,2,0,0,2,0,-1,24,0,-2,5,0,-3,6,0,-4,7,0,-5,25,0,-6,26,0,-7,27,0,0,3,0,-1,9,0,-2,10,0,-3,11,0,-4,12,0,-5,13,0,-6,14,0,10,21,0,11,20,0,0,4,0,0,4,0,0,4,0,-1,20,0,-2,21,0,0,5,0,4,5,0,0,5,0,0,5,0,-1,36,0,0,6,0,4,6,0,0,6,0,0,6,0,-1,37,0,0,7,0,4,7,0,0,7,0,0,7,0,-1,38,0,0,8,0,-1,19,0,0,9,0,0,9,0,0,9,0,-1,30,0,0,10,0,0,10,0,0,10,0,-1,31,0,0,11,0,0,11,0,0,11,0,-1,32,0,0,12,0,0,12,0,0,12,0,-1,33,0,0,13,0,0,13,0,0,13,0,-1,34,0,0,14,0,0,14,0,0,14,0,-1,35,0,0,15,0,-1,22,0,-2,16,0,0,16,0,0,16,0,0,16,0,0,17,0,0,17,0,0,18,0,0,18,0,0,19,0,-1,23,0,0,20,0,0,20,0,0,21,0,0,21,0,0,22,0,0,22,0,0,23,0,0,23,0,0,24,0,0,24,0,0,25,0,0,25,0,0,26,0,0,26,0,0,27,0,0,27,0,0,29,0,0,30,0,0,31,0,0,32,0,0,33,0,0,34,0,0,35,0,0,36,0,0,37,0,0,38,0,18,28,1,5,28,3,5,8,4,5,8,116],[0,0,0,0,0,0,0,0,0,0,0,0,0,0,0,0,0,0,0,0,0,0,0,0,0,0,0,0,0,0,0,0,0,0,0,0,0,0,0,0,0,0,0,0,0,0,0,0,0,0],[-1,3,-1,-1,1,-1,1,-1,-1,1,-1,-1,1,-1,-1,1,-1,-1,1,-1,-1,1,-1,-1,1,-1,1,3,1,3,6,7,8,9,1,3,6,7,8,9,1,3,6,7,8,9,1,1,1,19],[1,7,2,1,0,1,0,2,1,0,2,1,0,2,1,0,2,1,0,2,1,0,2,1,0,2,0,7,0,4,5,3,3,6,0,4,5,3,3,6,0,4,5,3,3,6,0,0,0,10]],[[{"name":"default_sprite_splash","rect":[0,0,2,2],"offset":[0,0],"originalSize":[2,2],"capInsets":[0,0,0,0]}],[3],0,[0],[2],[11]],[[[54,"needlePfb"],[35,"needle",[-7,-8],[[43,-4,-3,-2],[20,9,-5,[0,0,-111]],[55,-6]],[14,"906pskXR5Azar4/xdKkLxt",-1],[5,18,80],[0,0.5,1.5]],[36,"drawContent",1,[[2,45,-9],[49,1,1,-10,[0],[4,4278190080]]],[14,"cd9PP5V85HGKgWlwCI59uS",1],[5,18,80],[0,0,0],[-9,-120,0,0,0,0,1,1,1,1]],[37,"needleNum",1,[[51,9,18,false,1,1,-11,[1],2],[41,44,5.25,5.25,7.5,-12]],[14,"43AlLGzOdIv5K8hLZhpDSU",1],[5,7.5,18],[0,-111,0,0,0,0,1,1,1,1]]],0,[0,20,1,0,10,3,0,11,2,0,0,1,0,0,1,0,0,1,0,-1,2,0,-2,3,0,0,2,0,0,2,0,0,3,0,0,3,0,21,1,12],[0,0,0],[-1,-1,1],[2,1,0]],[[{"name":"default_btn_pressed","rect":[0,0,40,40],"offset":[0,0],"originalSize":[40,40],"capInsets":[12,12,12,12]}],[3],0,[0],[2],[12]],[[{"name":"default_btn_normal","rect":[0,0,40,40],"offset":[0,0],"originalSize":[40,40],"capInsets":[12,12,12,12]}],[3],0,[0],[2],[13]]]]