[1,["ecpdLyjvZBwrvm+cedCcQy","97fP6bIcdJjrBgVBgAURqL","a2MjXRFdtLlYQ5ouAFv/+R","ceAcy9TXRAi7njFyWDdbya","b2RAEADp9DSJXq2PZAZ9xE","6fgBCSDDdPMInvyNlggls2","3fgdha2fJG46T1t+ZdoHYn","9fDc9SjxlKA6zbFhGQFpLK","07Bq8qyHpL8Z2Bx8+eJbOS","02delMVqdBD70a/HSD99FK","99rPGrwEdESrhhiUeV8AJ5","50a0jPMt1As5DWh1XqC9TL"],["node","_N$file","_spriteFrame","_textureSetter","_N$target","root","data","gameWinMask","infoBestScore","infoScore","infoPanel","currentScore","scene","_parent","rectPfb"],[["cc.Node",["_name","_id","_active","_opacity","_components","_contentSize","_parent","_trs","_children","_anchorPoint","_color","_prefab"],-1,9,5,1,7,2,5,5,4],["cc.Widget",["_alignFlags","_top","_originalWidth","_left","_right","_originalHeight","_bottom","node","_target"],-4,1,1],"cc.SpriteFrame",["cc.Sprite",["_sizeMode","_type","node","_spriteFrame","_materials"],1,1,6,3],["cc.Label",["_string","_fontSize","_isSystemFontUsed","_N$horizontalAlign","_N$verticalAlign","_spacingX","_enableWrapText","_N$overflow","node","_N$file","_materials"],-5,1,6,3],["cc.Prefab",["_name"],2],["cc.PrefabInfo",["fileId","root"],2,1],["cc.SceneAsset",["_name","asyncLoadAssets"],1],["cc.Canvas",["node","_designResolution"],3,1,5],["6d066NP4OBIT60EAL8KnI0M",["node","currentScore","infoPanel","infoScore","infoBestScore","gameWinMask","rectPfb"],3,1,1,1,1,1,1,6],["cc.Button",["zoomScale","_N$transition","node","clickEvents","_N$pressedColor","_N$disabledColor","_N$target"],1,1,9,5,5,1],["cc.ClickEvent",["_componentId","handler","target"],1,1],["cc.Graphics",["_lineWidth","node","_materials"],2,1,3],["cc.Scene",["_name","autoReleaseAssets","_children","_anchorPoint","_trs"],1,2,5,7],["cc.Camera",["_clearFlags","_depth","node"],1,1]],[[4,0,1,2,3,4,8,10,9,6],[3,0,2,4,3,2],[0,0,6,4,10,5,7,2],[0,0,6,4,5,7,2],[6,0,1,2],[1,0,2,5,7,4],[0,0,6,4,11,10,5,7,2],[0,0,2,6,8,4,5,3],[0,0,6,8,4,5,7,2],[0,0,3,6,4,5,3],[0,0,6,4,10,5,2],[3,1,0,2,4,3],[1,0,2,5,7,8,4],[1,0,7,2],[1,0,1,7,3],[1,0,3,1,7,4],[4,0,1,6,2,3,4,7,8,10,9,8],[10,0,1,2,3,4,5,6,3],[11,0,1,2,3],[5,0,2],[0,0,8,11,5,9,2],[0,0,1,8,4,5,7,3],[0,0,6,8,4,5,9,7,2],[0,0,6,4,5,2],[0,0,6,4,9,2],[0,0,6,4,7,2],[3,0,2,3,2],[1,0,3,4,1,6,2,5,7,8],[1,0,7,8,2],[1,0,4,7,3],[1,0,3,7,3],[1,0,3,4,1,6,2,5,7,8,8],[1,0,4,1,7,8,4],[1,0,3,4,1,2,7,6],[4,0,1,2,5,3,4,8,9,7],[7,0,1,3],[8,0,1,1],[9,0,1,2,3,4,5,6,1],[12,0,1,2,2],[13,0,1,2,3,4,3],[14,0,1,2,3]],[[[[19,"2048RectPfb"],[20,"2048RectPfb",[-2,-3],[4,"bf1KYnbddBKJWWy8CBlADm",-1],[5,100,100],[0,0,0]],[6,"2048RectBg",1,[[26,0,-4,0],[12,45,100,100,-5,1]],[4,"aeKVJ7nnFMtZwo4/dxJ44y",1],[4,4291129944],[5,100,100],[50,50,0,0,0,0,1,1,1,1]],[6,"2048Number",1,[[34,"0",24,false,0.9999999999999992,1,1,-6,1],[13,18,-7]],[4,"37YLIRBeRGLbi+3u9EK7LX",1],[4,4283860479],[5,20,26.67],[50,50,0,0,0,0,1,1,1,1]]],0,[0,5,1,0,-1,2,0,-2,3,0,0,2,0,0,2,0,0,3,0,0,3,0,6,1,7],[0,0],[2,1],[3,1]],[[[35,"game2048",null],[21,"Canvas","6aRF16ljFK+428T1dPSFRT",[-3,-4,-5,-6,-7,-8,-9],[[36,-1,[5,375,750]],[13,45,-2]],[5,375,750],[187.5,375,0,0,0,0,1,1,1,1]],[22,"gameContainer",1,[-17,-18],[[27,42,7.5,7.5,195,195,360,360,-10],[37,-16,-15,-14,-13,-12,-11,5]],[5,360,360],[0,0,0],[-180,-180,0,0,0,0,1,1,1,1]],[7,"2048GameInfo",false,1,[-20,-21,-22,-23],[[12,45,750,1600,-19,1]],[5,375,750]],[7,"gameWinMask",false,1,[-25,-26,-27],[[28,45,-24,1]],[5,375,750]],[8,"restart",1,[-32],[[11,1,0,-28,[22]],[17,0.95,3,-30,[[18,"6d066NP4OBIT60EAL8KnI0M","restartGame",2]],[4,4294967295],[4,4294967295],-29],[29,36,10,-31]],[5,116,50],[119.5,-350,0,0,0,0,1,1,1,1]],[8,"back",1,[-37],[[11,1,0,-33,[25]],[17,0.95,3,-35,[[18,"6d066NP4OBIT60EAL8KnI0M","back_game_list",2]],[4,4294967295],[4,4294967295],-34],[30,12,10,-36]],[5,64,50],[-145.5,-350,0,0,0,0,1,1,1,1]],[2,"scoretxt",2,[[0,"score: 0",28,false,1,1,-38,[3],4],[31,17,136,136,-85,166.66500000000002,88,26.67,-39,2]],[4,4282247423],[5,102.67,40],[180,425,0,0,0,0,1,1,1,1]],[3,"2048InfoScore",3,[[0,"score:0",25,false,1,1,-40,[10],11],[14,17,327.22,-41]],[5,86.81,40],[0,27.779999999999973,0,0,0,0,1,1,1,1]],[3,"bestScore",3,[[0,"best:0",22,false,1,1,-42,[12],13],[15,17,153.89,390,-43]],[5,67.22,40],[0,-35,0,0,0,0,1,1,1,1]],[23,"bg",1,[[1,0,-44,[0],1],[5,45,500,1400,-45]],[5,375,750]],[24,"gameShadowRect",2,[[32,45,360,360,-46,2],[38,1,-47,[2]]],[0,0,0]],[9,"gameOverMaskBg",190,3,[[1,0,-48,[6],7],[5,45,100,100,-49]],[5,375,750]],[3,"gameover",3,[[1,0,-50,[8],9],[33,17,294.5,304.5,250,150,-51]],[5,150,40.8],[0,104.6,0,0,0,0,1,1,1,1]],[9,"winMaskBg",190,4,[[1,0,-52,[14],15],[5,45,100,100,-53]],[5,375,750]],[2,"Congratulations",4,[[0,"Congratulations !",28,false,1,1,-54,[16],17],[14,17,300,-55]],[4,4278241498],[5,224.78,40],[0,55,0,0,0,0,1,1,1,1]],[2,"text",4,[[0,"You have got the number 2048.",18,false,1,1,-56,[18],19],[15,17,133.5,349.99999999999994,-57]],[4,4294180819],[5,257,40],[0,5.000000000000057,0,0,0,0,1,1,1,1]],[39,"New Node",true,[1],[0,0,0],[0,0,0,0,0,0,1,1,1,1]],[25,"Main Camera",1,[[40,7,-1,-58]],[0,0,530.0075471160765,0,0,0,1,1,1,1]],[10,"Label",5,[[16,"NEW GAME",20,false,false,1,1,1,-59,[20],21]],[4,4278219007],[5,116,50]],[10,"Label",6,[[16,"BACK",20,false,false,1,1,1,-60,[23],24]],[4,4283070127],[5,64,50]]],0,[0,0,1,0,0,1,0,-1,18,0,-2,10,0,-3,2,0,-4,3,0,-5,4,0,-6,5,0,-7,6,0,0,2,0,7,4,0,8,9,0,9,8,0,10,3,0,11,7,0,0,2,0,-1,11,0,-2,7,0,0,3,0,-1,12,0,-2,13,0,-3,8,0,-4,9,0,0,4,0,-1,14,0,-2,15,0,-3,16,0,0,5,0,4,5,0,0,5,0,0,5,0,-1,19,0,0,6,0,4,6,0,0,6,0,0,6,0,-1,20,0,0,7,0,0,7,0,0,8,0,0,8,0,0,9,0,0,9,0,0,10,0,0,10,0,0,11,0,0,11,0,0,12,0,0,12,0,0,13,0,0,13,0,0,14,0,0,14,0,0,15,0,0,15,0,0,16,0,0,16,0,0,18,0,0,19,0,0,20,0,12,17,1,13,17,60],[0,0,0,0,0,0,0,0,0,0,0,0,0,0,0,0,0,0,0,0,0,0,0,0,0,0],[-1,2,-1,-1,1,14,-1,2,-1,2,-1,1,-1,1,-1,2,-1,1,-1,1,-1,1,-1,-1,1,-1],[0,4,5,0,1,6,0,2,0,7,0,1,0,1,0,2,0,1,0,1,0,1,0,0,1,0]],[[{"name":"gameover","rect":[1828,469,500,136],"offset":[3,-2],"originalSize":[508,158],"rotated":1,"capInsets":[0,0,0,0]}],[2],0,[0],[3],[8]],[[{"name":"default_sprite_splash","rect":[0,0,2,2],"offset":[0,0],"originalSize":[2,2],"capInsets":[0,0,0,0]}],[2],0,[0],[3],[9]],[[{"name":"mask_bg","rect":[0,0,30,30],"offset":[0,0],"originalSize":[30,30],"capInsets":[0,0,0,0]}],[2],0,[0],[3],[10]],[[{"name":"2048rectbg","rect":[0,0,50,50],"offset":[0,0],"originalSize":[50,50],"capInsets":[0,0,0,0]}],[2],0,[0],[3],[11]]]]