[1,["b3mwFbuwNBGLI45m155C0C","ecpdLyjvZBwrvm+cedCcQy","97fP6bIcdJjrBgVBgAURqL","88wS6OE7BNra9fhYbi1Da2","36DBqix6NHQaZk4p0bM1NO","dasvDLh5VHlIpoMhp4XEN+","d6e43wKDBBu59go1eJHX/T","95JCFsuSJKyrIyuG40l2mm","258Q1xbu5AM7addK9Pc4Jf","a6224GbLJIOY2+AyjcKN71","1724R7y1ZMjqfWzibH5gcM","cbVLVqC25EBKw8CuppJVHr","1aak1fV3NMgKZ20k4OxRBG","01XDcNFcZEK4WQdba/CvnL","d4iAI+QZpBp71adYzVuR2K","d3iHtbVHxGJrnoU/rhmpej","1bJyvaDEtAppbHIUZLLIAY","0aMI/8EexILJ1a2Ulgav8X","65RX7o1CFLjqD4gkZ1/UUL","83z9M8YNlMTJt/fDZhYpVv","8eYZuT0ItN7K9l6GYGtoLu","ec2WFef3NGxrwg4pw3E5Hd","b4lf0a8OtAyJBjuYafGpJf","89s5TIEBlK66OWpXU/MZ+5","afCjBAmK9HT6G2/VCgaN0f","0bNhhki5tBe6HtvYuLZb/D","b2aHrECZ5APKGS/0d2hvT1","732fuzY3tC9IL1RPB9Mncn","144n695i5Ogq9anYpLfl1i","b91xiIzilGzJyWIU1AHg+L","53cI+nD7NPYIHlKxWFgShY","90WLrT6kpH2JwTxIYl7kQU","14rEkGCoVE8oYnxg6CSZWK","26Go1yiQVHJpMzFiWqVYST","74BVpZsVxMfaBZ42eljX2c","3diL63O3FIKbWjweu01B+V","82hjbWrd1Gp5yCQGdebksG","a536a2UBVEwq8K+8jSgn45","c7QH41IGZMxpfZQj8IZZ0D","82hFGcj2VDqq0WL0X7o7fe","59Xx9AGL1FzbusV7HV/XZy","44WFCAszFLG4ZnQK4atXb7","0bopItgmFNl7S5aliRWAj6","57oxaTdT1JjLSV5llXJpkr","1f9fL2YqtLdpGuKbobPWf2","a7XZaTvB9LUq+MlAtP9Rhe","28aAvelUNCiqVnE/CAw5OL","6bgBUnkq5PebS8njKadwzT","239U5G+udLY4cEay02ny/a","adotuTNANGbb7YnPfJGupp","98FWayN15JdbtNGGTzlYZ6","6b2hBsYx1Dw7ZjtuVspWpa","74dqJDsUNBcovEWB0m6ZQu","1ctZyC1uVPFJuCEOrlMos1","5dcnEnW8tLRbgHMSBLZ1d4","00JyoEaIpFcKuOMooH9J64","d55o0B8AxF353DRmsGeIMQ","7bi4UbLU1BU5+2852luyKm","7e5biXRk5AtKX56hKQZtKK","55Y/cKmtFPgZMIQK3bzCC/","8a3NaO8IBKyoYAUU9cSePL","11BPU6t7ND1LgE7PDpLBDT","e4nOy6LbRNy5deWzXm63W2","44P2HaU3ZKpr7J8kRrQ8xJ","4bGBaqMJ5Pgako2uIuTBRY","e3DDSZSwZOrr0ZR2DifFai","42oWXseTFI2K7xwbGifuaO","5fmgNHB+hDlak484wjx8al","4e2DrVvqtGi4jhXg+6tCMW","9butKfh5hDq4v/Iy8p/73f","a6JtTOUXdAi6H0dDlEmGpO","3fhLP8s+tNIae5wwZbvApR","b7lALzpP1KH5Zu3yCfg9XK","3d0njP24RMy7kDCXlZ7N9g","164wRXuPlO7L0Bn7VAfK2Z","cfwScIDZVN3bSN8oJgXZz5"],["node","_spriteFrame","_textureSetter","root","data","prefab","splitAni","complFruit","_defaultClip","_N$file","lifeConsume","_N$target","_file","bestScoreLabel","gameOverMask","fruitGroup","scoreLabel","knife","scene","_parent","juicePfb","_texture","juiceSprite"],["cc.SpriteFrame",["cc.Node",["_name","_active","_opacity","_groupIndex","_id","_components","_contentSize","_parent","_prefab","_trs","_children","_color","_eulerAngles"],-2,9,5,1,4,7,2,5,5],["cc.Widget",["_alignFlags","_left","_right","_top","_originalWidth","_bottom","_originalHeight","node"],-4,1],["b27f0f8tplBLJU9TzXaiOUK",["forceMax","forceMin","colorType","forceHorzMin","type","node","complFruit","splitAni"],-2,1,1,1],["cc.Sprite",["_sizeMode","node","_spriteFrame","_materials"],2,1,6,3],["cc.Label",["_string","_fontSize","_isSystemFontUsed","_N$verticalAlign","_lineHeight","_N$horizontalAlign","node","_materials","_N$file"],-3,1,3,6],["cc.Node",["_name","_parent","_components","_contentSize","_color","_trs","_anchorPoint"],2,1,12,5,5,7,5],["lifeG",["index","lifeConsume"],2,1],["cc.ClickEvent",["handler","component","_componentId","target"],0,1],["fruitG",["name","score","initPoolCount","type","prefab"],-1,6],["cc.Prefab",["_name"],2],["cc.RigidBody",["_gravityScale","_angularDamping","_angularVelocity","enabledContactListener","node"],-1,1],["cc.PolygonCollider",["node","points"],3,1,12],["cc.PrefabInfo",["fileId","root"],2,1],["cc.Animation",["node","_clips","_defaultClip"],3,1,3,6],["cc.AnimationClip",["_name","_duration","curveData"],0],["cc.ParticleSystem",["_custom","_stopped","life","startSize","_positionType","node","_startColor","_startColorVar","_endColor","_endColorVar","_file","_spriteFrame"],-2,1,8,8,8,8,6,6],["cc.SceneAsset",["_name","asyncLoadAssets"],1],["cc.Canvas",["node","_designResolution"],3,1,5],["fc73aaZdOpM2YMrzlo6Gi5Y",["node","knife","scoreLabel","lifeG","fruitGroup","gameOverMask","bestScoreLabel"],3,1,1,1,9,1,1,1],["cc.Button",["zoomScale","_N$transition","node","clickEvents","_N$normalColor","_N$target"],1,1,9,5,1],["cc.MotionStreak",["_fadeTime","_minSeg","_stroke","node","_materials","_texture"],0,1,3,6],["cc.BoxCollider",["tag","node","_size"],2,1,5],["60f410JsUNGy4tw8ayMkS1r",["node","juiceColor","juicePfb"],3,1,9,6],["juiceColor",["code","opacity","color"],1,5],["cc.Scene",["_name","_children","_anchorPoint","_trs"],2,2,5,7],["cc.Camera",["_clearFlags","_depth","node"],1,1],["85e0bx3wFxCTIjVuUOkg08n",["maxLength","node","flashNode","fruitG"],2,1,1,9],["c8b30gJzGlLoJWZBCOCpXKG",["node","juiceSprite"],3,1,1]],[[13,0,1,2],[4,0,1,2,2],[1,0,7,5,8,6,2],[4,1,2,1],[2,0,7,2],[1,0,7,5,8,6,9,12,2],[1,0,7,10,8,6,9,2],[10,0,2],[1,0,7,5,6,9,2],[11,0,1,2,3,4,5],[12,0,1,1],[1,0,3,10,5,8,6,3],[1,0,1,7,10,5,8,6,3],[1,0,7,10,5,8,6,2],[2,0,3,7,3],[2,0,4,6,7,4],[14,0,1,2,1],[15,0,1,2,4],[9,0,1,4,3],[24,0,1,2,3],[1,0,7,5,6,2],[1,0,1,7,5,6,9,3],[1,0,7,5,8,6,9,2],[4,1,3,2,1],[20,0,1,2,3,4,5,3],[1,0,7,10,5,6,9,2],[1,0,2,7,10,5,11,6,9,3],[3,1,0,2,5,6,7,4],[2,0,1,2,3,5,7,6],[4,0,1,3,2,2],[7,0,1,2],[8,1,0,3,3],[5,0,1,2,5,3,6,8,6],[22,0,1,2,2],[1,0,2,7,5,8,6,9,12,3],[1,0,3,10,5,8,3],[1,0,7,5,8,9,2],[1,0,4,10,5,6,9,3],[1,0,7,10,5,6,2],[1,0,1,7,10,5,6,3],[1,0,7,5,11,6,9,2],[1,0,1,2,7,5,6,4],[1,0,7,5,11,6,2],[1,0,3,7,5,6,9,3],[1,0,7,5,9,2],[1,0,7,8,2],[1,0,10,5,8,6,2],[1,0,2,7,5,8,11,6,3],[6,0,1,2,3,2],[6,0,1,2,4,3,6,5,2],[6,0,1,2,4,3,5,2],[3,4,1,0,2,5,5],[3,0,2,5,6,7,3],[3,3,1,0,2,5,6,7,5],[3,3,1,0,5,6,7,4],[2,0,1,2,3,4,7,6],[2,0,1,3,7,4],[2,0,1,7,3],[2,0,1,4,7,4],[2,0,1,2,7,4],[2,0,2,4,7,4],[16,0,1,2,3,4,5,6,7,8,9,10,11,6],[17,0,1,3],[18,0,1,1],[19,0,1,2,3,4,5,6,1],[7,1,1],[8,2,0,3,3],[5,0,1,4,2,3,6,7,8,6],[5,0,1,2,3,6,7,5],[5,0,1,2,6,4],[21,0,1,2,3,4,5,4],[23,0,1,2,1],[25,0,1,2,3,2],[26,0,1,2,3],[27,0,1,2,3,2],[9,0,2,3,4,4],[28,0,1,1]],[[[{"name":"peach-1","rect":[0,7,52,52],"offset":[-5,-3.5],"originalSize":[62,59],"capInsets":[0,0,0,0]}],[0],0,[0],[2],[10]],[[{"name":"basaha","rect":[0,0,68,72],"offset":[0,0],"originalSize":[68,72],"capInsets":[0,0,0,0]}],[0],0,[0],[2],[11]],[[{"name":"boom","rect":[0,0,66,68],"offset":[0,0],"originalSize":[66,68],"capInsets":[0,0,0,0]}],[0],0,[0],[2],[12]],[[[7,"fruitE"],[11,"fruitE",9,[-7,-8],[[27,32000,38000,3,-4,-3,-2],[9,1.5,2.5,80,true,-5],[10,-6,[[[0,-16,-8.2],[0,-6.4,-15.8],[0,10.3,-15.6],[0,18.5,-4.1],[0,13.8,9.8],[0,3.5,18],[0,-10.2,20],[0,-16,17.2],[0,-18.8,5.9]],8,8,8,8,8,8,8,8,8]]],[0,"eaDA2b0TNF76MKNi8AAYDu",-1],[5,36,38]],[12,"fruitSplitTexture",false,1,[-11,-12],[[4,45,-9],[16,-10,[7],6]],[0,"9bK+2d4E5Opr7SLMcVGH2w",1],[5,36,38]],[13,"fruitTexture",1,[-14,-15],[[4,45,-13]],[0,"ab6aOXpCpBrLplebI8AX8Y",1],[5,36,38]],[6,"sptLeft",2,[-16,-17],[0,"45u6YMcqVBE55f9LVlCWjt",1],[5,27,27],[-4.5,5.1,0,0,0,0,1,1,1,1]],[6,"sptRight",2,[-18,-19],[0,"7fOvtq08tF/KXD6JRF/Kp6",1],[5,33,33],[1,-2.4,0,0,0,0,1,1,1,1]],[5,"ftShadow",3,[[3,-20,0]],[0,"c9fidZrB1N2bHFD2or02IL",1],[5,106,77],[-1.7,1.7,0,0,0,0,1,0.62,0.77,1],[1,0,0,-39]],[2,"frtT",3,[[1,0,-21,1]],[0,"cb9ZP30HhDAYaGWKvxKOjQ",1],[5,36,38]],[5,"shadowLeft",4,[[3,-22,2]],[0,"d4F2eL12JGSIuLoJw51D/J",1],[5,106,77],[-1,2.1,0,0,0,0,1,0.39,0.65,1],[1,0,0,42]],[2,"sptLeftTex",4,[[1,0,-23,3]],[0,"78pvlJCIZCpYRl4gkY3KWx",1],[5,27,27]],[5,"shadowRight",5,[[3,-24,4]],[0,"52bDYXyvlE4q0AE1SGKjBq",1],[5,106,77],[0.9,1.3,0,0,0,0,1,0.36,0.58,1],[1,0,0,41]],[2,"sptRightTex",5,[[1,0,-25,5]],[0,"fegijgaBJLZLScKPW95JG+",1],[5,33,33]]],0,[0,3,1,0,6,2,0,7,3,0,0,1,0,0,1,0,0,1,0,-1,3,0,-2,2,0,0,2,0,0,2,0,-1,4,0,-2,5,0,0,3,0,-1,6,0,-2,7,0,-1,8,0,-2,9,0,-1,10,0,-2,11,0,0,6,0,0,7,0,0,8,0,0,9,0,0,10,0,0,11,0,4,1,25],[0,0,0,0,0,0,0,0],[1,1,1,1,1,1,8,-1],[0,13,0,14,0,15,4,4]],[[{"name":"sandia","rect":[0,0,98,85],"offset":[0,0],"originalSize":[98,85],"capInsets":[0,0,0,0]}],[0],0,[0],[2],[16]],[[{"name":"fnij_bg_blackopc","rect":[0,0,10,10],"offset":[0,0],"originalSize":[10,10],"capInsets":[0,0,0,0]}],[0],0,[0],[2],[17]],[[{"name":"x","rect":[0,0,22,19],"offset":[0,0],"originalSize":[22,19],"capInsets":[0,0,0,0]}],[0],0,[0],[2],[18]],[[{"name":"apple","rect":[0,0,66,66],"offset":[0,0],"originalSize":[66,66],"capInsets":[0,0,0,0]}],[0],0,[0],[2],[19]],[[{"name":"xxx","rect":[0,0,32,32],"offset":[0,0],"originalSize":[32,32],"capInsets":[0,0,0,0]}],[0],0,[0],[2],[20]],[[[17,"fruitESplit",0.4,{"paths":{"sptLeft":{"props":{"x":[{"frame":0,"value":-4.5},{"frame":0.4,"value":-30}],"angle":[{"frame":0,"value":0},{"frame":0.4,"value":80}]}},"sptRight":{"props":{"x":[{"frame":0,"value":1},{"frame":0.4,"value":20}],"angle":[{"frame":0,"value":0},{"frame":0.4,"value":20}]}}}}]],0,0,[],[],[]],[[[7,"fruitD"],[11,"fruitD",9,[-7,-8],[[27,35000,40000,2,-4,-3,-2],[9,1.5,2.5,80,true,-5],[10,-6,[[[0,-19.4,-6.3],[0,-2.5,-12],[0,18.9,-6.2],[0,28.2,8.2],[0,24,12.1],[0,0.6,5.2],[0,-20.7,4.9],[0,-26.3,7],[0,-27.5,3.7]],8,8,8,8,8,8,8,8,8]]],[0,"9buMjYk9BIzpum9B2+29Cd",-1],[5,55,22]],[12,"fruitSplitTexture",false,1,[-11,-12],[[4,45,-9],[16,-10,[7],6]],[0,"d71Rc9wadIw7pDsXpyN68F",1],[5,55,22]],[13,"fruitTexture",1,[-14,-15],[[4,45,-13]],[0,"32lMsugKdO4YTSapLdlz/i",1],[5,55,22]],[6,"sptRight",2,[-16,-17],[0,"afGN3zoNRAjJZIrH3KH1sQ",1],[5,29,22],[13,0,0,0,0,0,1,1,1,1]],[6,"sptLeft",2,[-18,-19],[0,"bfOF1PuQpIWr3zLRv/NHoT",1],[5,30,17],[-11,-2.1,0,0,0,0,1,1,1,1]],[34,"ftShadow",160,3,[[3,-20,0]],[0,"91n+oAo+9IlZawa9kMlxNg",1],[5,106,77],[0,0,0,0,0,0,1,0.65,0.36,1],[1,0,0,4]],[2,"frtT",3,[[1,0,-21,1]],[0,"5eiPCpibdBZ7X0IMgtM2nv",1],[5,55,22]],[5,"shadowRight",4,[[3,-22,2]],[0,"9coz0M1J9Jf6lJmrt6/of9",1],[5,106,77],[0,0.3,0,0,0,0,1,0.42,0.31,1],[1,0,0,20]],[2,"sptRightTex",4,[[1,0,-23,3]],[0,"6a9tVThxNKM7sfi9px0FYJ",1],[5,29,22]],[5,"shadowLeft",5,[[3,-24,4]],[0,"49yijIbDhJFoDaVQE3ZSXy",1],[5,106,77],[0,0,0,0,0,0,1,0.42,0.3,1],[1,0,0,-22]],[2,"sptLeftTex",5,[[1,0,-25,5]],[0,"74Eod5ZsdHqKtlpPZPgeeE",1],[5,30,17]]],0,[0,3,1,0,6,2,0,7,3,0,0,1,0,0,1,0,0,1,0,-1,3,0,-2,2,0,0,2,0,0,2,0,-1,4,0,-2,5,0,0,3,0,-1,6,0,-2,7,0,-1,8,0,-2,9,0,-1,10,0,-2,11,0,0,6,0,0,7,0,0,8,0,0,9,0,0,10,0,0,11,0,4,1,25],[0,0,0,0,0,0,0,0],[1,1,1,1,1,1,8,-1],[0,21,0,22,0,23,5,5]],[[{"name":"sandia-2","rect":[32,1,66,84],"offset":[16,-0.5],"originalSize":[98,85],"capInsets":[0,0,0,0]}],[0],0,[0],[2],[24]],[[[7,"bomb"],[35,"bomb",9,[-5,-6,-7],[[51,"bomb",38000,46000,4,-2],[9,2,2.5,85,true,-3],[10,-4,[[[0,-20.9,4.1],[0,-16.4,0.2],[0,-17,-9.1],[0,-11,-19.7],[0,-1.8,-23.8],[0,10.6,-23.4],[0,18,-18],[0,23.1,-8.2],[0,22.6,0.2],[0,20.7,6.9],[0,11.2,15.1],[0,-1.4,15.4],[0,-5,19.8],[0,-20.7,19.1]],8,8,8,8,8,8,8,8,8,8,8,8,8,8]]],[0,"dcPcoxRcBMUa+pekk1Q0aq",-1]],[2,"bombTexture",1,[[1,0,-8,0]],[0,"32D0pSe2VPXb/yziJeXSNS",1],[5,46,47]],[36,"particlesystem",1,[[61,true,false,0.5,15,1,-9,[4,4283627775],[4,4278190080],[4,16777215],[4,0],1,2]],[0,"2cdIjUY29LPK1egrptW8zi",1],[-19.2,21.5,0,0,0,0,1,1,1,1]],[5,"bombShadow",1,[[3,-10,3]],[0,"51g6cEHDhEE4O6MqcvjW9l",1],[5,106,77],[2.6,-5.5,0,0,0,0,1,0.71,1.08,1],[1,0,0,-51]]],0,[0,3,1,0,0,1,0,0,1,0,0,1,0,-1,2,0,-2,3,0,-3,4,0,0,2,0,0,3,0,0,4,0,4,1,10],[0,0,0,0],[1,12,1,1],[25,26,27,0]],[[[7,"fruitC"],[11,"fruitC",9,[-7,-8],[[52,38000,3,-4,-3,-2],[9,1.5,2.5,80,true,-5],[10,-6,[[[0,-31.2,5.7],[0,-29.1,-9.4],[0,-17.8,-21.4],[0,-1.8,-27.2],[0,15.5,-24.8],[0,24.6,-17.9],[0,29.9,-8.8],[0,31.7,2.7],[0,22.3,17.2],[0,9.2,25.1],[0,-8.4,25.7],[0,-23.8,20.1]],8,8,8,8,8,8,8,8,8,8,8,8]]],[0,"66Spr+X8xNIpUt5ouqfwxw",-1],[5,60,52]],[12,"fruitSplitTexture",false,1,[-11,-12],[[4,45,-9],[16,-10,[7],6]],[0,"72NGarTs9Nvqt1xppZKEUV",1],[5,60,52]],[13,"fruitTexture",1,[-14,-15],[[4,45,-13]],[0,"27P9jSMthEdr2f9Gk8BTYR",1],[5,60,52]],[6,"sptLeft",2,[-16,-17],[0,"18hfQpybFOkb+s5x5EM0Ic",1],[5,41,52],[-10,-1,0,0,0,0,1,1,1,1]],[6,"sptRight",2,[-18,-19],[0,"cb18BANR9DXIIya+q0gFn2",1],[5,41,52],[9,-1.2,0,0,0,0,1,1,1,1]],[5,"ftShadow",3,[[3,-20,0]],[0,"34QjJSPbhILL5gybT9JMTY",1],[5,106,77],[0,0,0,0,0,0,1,1.08,1.21,1],[1,0,0,-5]],[2,"frtT",3,[[1,0,-21,1]],[0,"3fDm03hgNBzIeXMi84VwRt",1],[5,60,52]],[5,"shadowLeft",4,[[3,-22,2]],[0,"24jeTauzVF2pZro3pHaKXZ",1],[5,106,77],[0,0,0,0,0,0,1,0.75,0.92,1],[1,0,0,-102]],[2,"sptLeftTex",4,[[1,0,-23,3]],[0,"beP0OV4ttNEokCsVVOwaXO",1],[5,41,52]],[5,"shadowRight",5,[[3,-24,4]],[0,"82ffEY0JJPyLIJiTP0MZzl",1],[5,106,77],[0,0,0,0,0,0,1,0.77,0.96,1],[1,0,0,-98]],[2,"sptRightTex",5,[[1,0,-25,5]],[0,"5a2UmR5BZIXowhUw8OrH2L",1],[5,41,52]]],0,[0,3,1,0,6,2,0,7,3,0,0,1,0,0,1,0,0,1,0,-1,3,0,-2,2,0,0,2,0,0,2,0,-1,4,0,-2,5,0,0,3,0,-1,6,0,-2,7,0,-1,8,0,-2,9,0,-1,10,0,-2,11,0,0,6,0,0,7,0,0,8,0,0,9,0,0,10,0,0,11,0,4,1,25],[0,0,0,0,0,0,0,0],[1,1,1,1,1,1,8,-1],[0,28,0,29,0,30,6,6]],[[{"name":"peach","rect":[0,0,62,59],"offset":[0,0],"originalSize":[62,59],"capInsets":[0,0,0,0]}],[0],0,[0],[2],[31]],[[{"name":"xx","rect":[0,0,27,26],"offset":[0,0],"originalSize":[27,26],"capInsets":[0,0,0,0]}],[0],0,[0],[2],[32]],[[{"name":"xf","rect":[0,0,22,19],"offset":[0,0],"originalSize":[22,19],"capInsets":[0,0,0,0]}],[0],0,[0],[2],[33]],[[{"name":"particle_texture","rect":[1,0,47,45],"offset":[0.5,0.5],"originalSize":[48,46],"capInsets":[0,0,0,0]}],[0],0,[0],[2],[34]],[[{"name":"game-over","rect":[0,0,490,85],"offset":[0,0],"originalSize":[490,85],"capInsets":[0,0,0,0]}],[0],0,[0],[2],[35]],[[[62,"fruit_ninja_game",null],[37,"Canvas","ddfEU/VXJG5oasqxPTS7Qz",[-3,-4,-5,-6,-7,-8,-9,-10,-11],[[63,-1,[5,375,750]],[4,45,-2]],[5,375,750],[187.5,375,0,0,0,0,1,1,1,1]],[38,"gameContainer",1,[-22,-23,-24,-25],[[4,45,-12],[64,-21,-20,-19,[[65,-16],[30,1,-17],[30,2,-18]],-15,-14,-13]],[5,375,750]],[25,"failTimes",1,[-27,-28,-29,-30,-31,-32],[[28,9,5,218.5,35,671,-26]],[5,150,40],[-107.5,320,0,0,0,0,1,1,1,1]],[39,"frtGameOverMask",false,1,[-35,-36,-37,-38],[[1,0,-33,29],[4,45,-34]],[5,375,750]],[26,"btnRestart",203,4,[-43],[[24,0.95,3,-40,[[31,"fruit_ninja_game","restartGame",2]],[4,4292269782],-39],[14,17,330,-41],[1,0,-42,26]],[4,4280071935],[5,180,40],[0,25,0,0,0,0,1,1,1,1]],[26,"btnBack",203,4,[-48],[[24,0.95,3,-45,[[31,"fruit_ninja_game","backStart",2]],[4,4292269782],-44],[14,17,400,-46],[1,0,-47,28]],[4,4280071935],[5,180,40],[0,-45,0,0,0,0,1,1,1,1]],[40,"back",1,[[24,0.95,3,-50,[[66,"fc73aaZdOpM2YMrzlo6Gi5Y","backStart",2]],[4,4292269782],-49],[67,"BACK",20,50,false,1,-51,[30],31],[55,12,10,320.55,727.7,52.5,-52]],[4,4280887759],[5,58.33,50],[-148.335,-350,0,0,0,0,1,1,1,1]],[41,"bombMask",false,230,1,[[1,0,-53,3],[15,45,10,10,-54]],[5,375,750]],[8,"knife",2,[[70,0.15,0.4,6,-55,[10],11],[33,50,-56,[5,6,6]]],[5,6,6],[-211,-195,0,0,0,0,1,1,1,1]],[25,"scoreCtn",1,[-58,-59],[[56,9,5,5,-57]],[5,200,25],[-82.5,357.5,0,0,0,0,1,1,1,1]],[42,"fnjBg",1,[[29,0,-60,[0],1],[15,45,375,281,-61]],[4,4290032820],[5,375,750]],[20,"fruitJuice",2,[[4,45,-62],[71,-63,[[19,1,180,[4,4285792154]],[19,2,180,[4,4284678143]],[19,3,180,[4,4283914239]],[19,4,0,[4,4294967295]]],2]],[5,375,750]],[48,"fruitGroup",2,[[-64,[4,45,-65]],1,4],[5,375,750]],[43,"ground",6,2,[[28,20,187.5,187.5,793,-100,-66],[33,100,-67,[5,2000,2]]],[5,2000,2],[0,-474,0,0,0,0,1,1,1,1]],[49,"scoreNum",10,[[-68,[57,10,30,-69]],1,4],[4,4281335807],[5,16.67,40],[0,0,0.5],[-70,0,0,0,0,0,1,1,1,1]],[8,"scoreIco",10,[[29,0,-70,[12],13],[4,9,-71]],[5,23,25],[-88.5,0,0,0,0,0,1,1,1,1]],[21,"xf",false,3,[[3,-72,23]],[5,22,19],[-63.7,0.3,0,0,0,0,1,1,1,1]],[8,"fail1",3,[[23,-73,[15],16],[58,10,60,32,-74]],[5,32,32],[1,0,0,0,0,0,1,1,1,1]],[8,"fail2",3,[[23,-75,[17],18],[59,10,27,40,-76]],[5,27,26],[-34.5,0,0,0,0,0,1,1,1,1]],[8,"fail3",3,[[23,-77,[19],20],[60,10,72,22,-78]],[5,22,19],[-64,0,0,0,0,0,1,1,1,1]],[21,"xxxf",false,3,[[3,-79,21]],[5,32,32],[1.1,-0.1,0,0,0,0,1,1,1,1]],[21,"xxf",false,3,[[3,-80,22]],[5,27,25],[-34.5,0.3,0,0,0,0,1,1,1,1]],[8,"gameOverTxt",4,[[1,0,-81,24],[14,1,160,-82]],[5,270,47],[0,191.5,0,0,0,0,1,1,1,1]],[50,"bestScore",4,[[-83,[14,17,240,-84]],1,4],[4,4278255595],[5,194.67,26.67],[0,121.66499999999999,0,0,0,0,1,1,1,1]],[72,"New Node",[1],[0,0,0],[0,0,0,0,0,0,1,1,1,1]],[44,"Main Camera",1,[[73,7,-1,-85]],[0,0,530.0075471160765,0,0,0,1,1,1,1]],[74,7,13,8,[[18,"apple",10,4],[18,"peach",10,5],[18,"watermelon",5,6],[18,"banana",10,7],[18,"strawberry",20,8],[75,"bomb",5,"bomb",9]]],[68,"0",20,false,1,15,[14]],[69,"Best score: 10000",24,false,24],[20,"New Label",5,[[32,"RESTART",22,false,1,1,-86,25]],[5,101.44,24.44]],[20,"New Label",6,[[32,"BACK",22,false,1,1,-87,27]],[5,64.17,24.44]],[45,"juicePfb",1,[0,"86kts7oQxFEolm1k44oBpR",-88]]],0,[0,0,1,0,0,1,0,-1,26,0,-2,11,0,-3,2,0,-4,8,0,-5,7,0,-6,10,0,-7,3,0,-8,32,0,-9,4,0,0,2,0,13,29,0,14,4,0,15,27,0,10,17,0,10,22,0,10,21,0,16,28,0,17,9,0,0,2,0,-1,12,0,-2,13,0,-3,9,0,-4,14,0,0,3,0,-1,18,0,-2,19,0,-3,20,0,-4,21,0,-5,22,0,-6,17,0,0,4,0,0,4,0,-1,23,0,-2,24,0,-3,5,0,-4,6,0,11,5,0,0,5,0,0,5,0,0,5,0,-1,30,0,11,6,0,0,6,0,0,6,0,0,6,0,-1,31,0,11,7,0,0,7,0,0,7,0,0,7,0,0,8,0,0,8,0,0,9,0,0,9,0,0,10,0,-1,16,0,-2,15,0,0,11,0,0,11,0,0,12,0,0,12,0,-1,27,0,0,13,0,0,14,0,0,14,0,-1,28,0,0,15,0,0,16,0,0,16,0,0,17,0,0,18,0,0,18,0,0,19,0,0,19,0,0,20,0,0,20,0,0,21,0,0,22,0,0,23,0,0,23,0,-1,29,0,0,24,0,0,26,0,0,30,0,0,31,0,3,32,0,18,25,1,19,25,88],[0,0,0,0,0,0,0,0,0,0,0,0,0,0,0,0,0,0,0,0,0,0,0,0,0,0,0,0,0,0,0,0,28,29],[-1,1,20,1,5,5,5,5,5,5,-1,21,-1,1,-1,-1,1,-1,1,-1,1,1,1,1,1,9,1,9,1,1,-1,9,9,9],[1,36,37,3,38,39,40,41,42,43,1,44,1,45,1,1,46,1,47,1,48,49,50,51,52,2,3,2,3,53,1,2,2,2]],[[[7,"fruitB"],[11,"fruitB",9,[-7,-8],[[9,1.5,2.5,80,true,-2],[53,500,35000,40000,2,-5,-4,-3],[10,-6,[[[0,-19.45,-8.1],[0,-14.46,-13.64],[0,-7.05,-18.16],[0,6.03,-18.03],[0,16.92,-10.36],[0,19.26,-2.47],[0,19.84,5.21],[0,15.79,12.33],[0,7.05,17.91],[0,-1.55,18.28],[0,-12.67,12.25],[0,-17.87,1.68]],8,8,8,8,8,8,8,8,8,8,8,8]]],[0,"80hwBiZNFCqJQ4rJiiQ6QB",-1],[5,39,37]],[12,"fruitSplitTexture",false,1,[-11,-12],[[4,45,-9],[16,-10,[7],6]],[0,"a5k/3Ea7ROfYinTitr2688",1],[5,39,37]],[13,"fruitTexture",1,[-14,-15],[[15,45,38,36,-13]],[0,"36kO2oND5Dr4/65VzVE6/G",1],[5,39,37]],[6,"sptLeft",2,[-16,-17],[0,"4aciV7q2tOELMslzs7OyeU",1],[5,26,26],[-2.7,-1.9,0,0,0,0,1,1,1,1]],[6,"sptRight",2,[-18,-19],[0,"00+T8ezpVGHpisIJRzm2ss",1],[5,24,26.5],[3.4,1.4,0,0,0,0,1,1,1,1]],[22,"ftShadow",3,[[1,0,-20,0]],[0,"20+IXIe6JOGargl2Svlm1P",1],[5,70,70],[0,0,0,0,0,0,1,0.87,0.7,1]],[2,"frtT",3,[[1,0,-21,1]],[0,"5bvqaPuvZNJLGpR8oPeROd",1],[5,39,37]],[5,"shadowLeft",4,[[3,-22,2]],[0,"0bDJ31LF5O2pg0DeiiVMgd",1],[5,106,77],[0,0,0,0,0,0,1,0.52,0.43,1],[1,0,0,-54]],[2,"sptLeftTex",4,[[1,0,-23,3]],[0,"acp4AZWO5I955GhwYp9Qfd",1],[5,32,32]],[5,"shadowRight",5,[[3,-24,4]],[0,"1deDbYfy9I06ocpBXQ/lnN",1],[5,106,77],[0,0,0,0,0,0,1,0.51,0.46,1],[1,0,0,-49]],[22,"sptRightTex",5,[[1,0,-25,5]],[0,"d6xo6Rm5VAv4eGAItDOWpJ",1],[5,30,33],[0.9,0,0,0,0,0,1,1,1,1]]],0,[0,3,1,0,0,1,0,6,2,0,7,3,0,0,1,0,0,1,0,-1,3,0,-2,2,0,0,2,0,0,2,0,-1,4,0,-2,5,0,0,3,0,-1,6,0,-2,7,0,-1,8,0,-2,9,0,-1,10,0,-2,11,0,0,6,0,0,7,0,0,8,0,0,9,0,0,10,0,0,11,0,4,1,25],[0,0,0,0,0,0,0,0],[1,1,1,1,1,1,8,-1],[0,54,0,55,0,56,7,7]],[[{"name":"frt_game_bg","rect":[0,0,374,751],"offset":[0,0],"originalSize":[374,751],"capInsets":[0,0,0,0]}],[0],0,[0],[2],[57]],[[{"name":"fnij_bg","rect":[0,0,10,10],"offset":[0,0],"originalSize":[10,10],"capInsets":[0,0,0,0]}],[0],0,[0],[2],[58]],[[{"name":"banana-1","rect":[0,10,70,40],"offset":[-28,-5],"originalSize":[126,50],"capInsets":[0,0,0,0]}],[0],0,[0],[2],[59]],[[[17,"fruitBSplit",0.4,{"paths":{"sptLeft":{"props":{"x":[{"frame":0,"value":-2.7},{"frame":0.4,"value":-30}],"y":[{"frame":0,"value":-1.9},{"frame":0.4,"value":-10}],"angle":[{"frame":0,"value":0},{"frame":0.4,"value":30}]}},"sptRight":{"props":{"x":[{"frame":0,"value":3.4},{"frame":0.4,"value":30}],"angle":[{"frame":0,"value":0},{"frame":0.4,"value":-90}]}}}}]],0,0,[],[],[]],[[{"name":"xxf","rect":[0,0,27,25],"offset":[0,0.5],"originalSize":[27,26],"capInsets":[0,0,0,0]}],[0],0,[0],[2],[60]],[[{"name":"apple-1","rect":[0,9,51,57],"offset":[-7.5,-4.5],"originalSize":[66,66],"capInsets":[0,0,0,0]}],[0],0,[0],[2],[61]],[[[7,"juicePfb"],[46,"juicePfb",[-4],[[76,-3,-2]],[0,"86kts7oQxFEolm1k44oBpR",-1],[5,69,65]],[47,"juiceTexture",160,1,[[1,0,-5,0],[15,45,138,130,-6]],[0,"fcyOpTsg5IvKWIor7nTjCq",1],[4,4284506367],[5,69,65]]],0,[0,3,1,0,22,2,0,0,1,0,-1,2,0,0,2,0,0,2,0,4,1,6],[0],[1],[62]],[[{"name":"apple-2","rect":[11,0,55,62],"offset":[5.5,2],"originalSize":[66,66],"capInsets":[0,0,0,0]}],[0],0,[0],[2],[63]],[[[17,"fruitASplit",0.4,{"paths":{"sptLeft":{"props":{"x":[{"frame":0,"value":-3.6},{"frame":0.4,"value":-30}],"angle":[{"frame":0,"value":0},{"frame":0.4,"value":30}]}},"sptRight":{"props":{"x":[{"frame":0,"value":2.7},{"frame":0.4,"value":30}],"y":[{"frame":0,"value":0.6},{"frame":0.4,"value":8}],"angle":[{"frame":0,"value":0},{"frame":0.4,"value":-80}]}}}}]],0,0,[],[],[]],[[{"name":"score","rect":[0,0,29,31],"offset":[0,0],"originalSize":[29,31],"capInsets":[0,0,0,0]}],[0],0,[0],[2],[64]],[[{"name":"xxxf","rect":[0,0,32,32],"offset":[0,0],"originalSize":[32,32],"capInsets":[0,0,0,0]}],[0],0,[0],[2],[65]],[[{"name":"shadow","rect":[0,0,106,77],"offset":[0,0],"originalSize":[106,77],"capInsets":[0,0,0,0]}],[0],0,[0],[2],[66]],[[{"name":"banana-2","rect":[60,0,66,50],"offset":[30,0],"originalSize":[126,50],"capInsets":[0,0,0,0]}],[0],0,[0],[2],[67]],[[{"name":"sandia-1","rect":[0,0,65,85],"offset":[-16.5,0],"originalSize":[98,85],"capInsets":[0,0,0,0]}],[0],0,[0],[2],[68]],[[[7,"fruitA"],[11,"fruitA",9,[-7,-8],[[9,1.5,2.5,80,true,-2],[54,500,35000,42000,-5,-4,-3],[10,-6,[[[0,-19.8,-12.6],[0,-10.6,-20.4],[0,4.9,-21.9],[0,14.6,-17.5],[0,21.3,-9.5],[0,21.9,3.1],[0,20.2,8.5],[0,15.6,14.8],[0,9.1,19.2],[0,-0.6,22],[0,-11.3,18.7],[0,-19.4,9.1],[0,-22.2,-4.6]],8,8,8,8,8,8,8,8,8,8,8,8,8]]],[0,"29QkrDSl9B57jDwl8lbLo8",-1],[5,44,44]],[13,"fruitTexture",1,[-11,-12],[[1,0,-9,2],[15,45,33,33,-10]],[0,"cfd5PW5KpKrooqIU8CJrG+",1],[5,44,44]],[12,"fruitSplitTexture",false,1,[-15,-16],[[4,45,-13],[16,-14,[8],7]],[0,"e68nPCiHhH4rX3ATgNMFEg",1],[5,44,44]],[22,"ftShadow",2,[[1,0,-17,0],[14,18,-2.8000000000000007,-18]],[0,"83hPDFqv9FxLL8jk+kdwbn",1],[5,70,70],[0,0,0,0,0,0,1,0.89,0.89,1]],[6,"sptLeft",3,[-19,-20],[0,"4aMp/KBWJFkZRevv4MeWm5",1],[5,33,37],[-5,-2.7,0,0,0,0,1,1,1,1]],[6,"sptRight",3,[-21,-22],[0,"00IPubCe9DCY8UbOJxuEFp",1],[5,36,40],[3.8,1.6,0,0,0,0,1,1,1,1]],[2,"frtT",2,[[1,0,-23,1]],[0,"93b/MUg5dCXpwj51g+9GE6",1],[5,44,44]],[5,"shadowLeft",5,[[1,0,-24,3]],[0,"3av85PyNdC+byHYaKMqQjZ",1],[5,50,50],[-4.5,-1.9,0,0,0,0,1,0.68,1.09,1],[1,0,0,37]],[2,"sptLeftTex",5,[[1,0,-25,4]],[0,"52+i3DGCRLCICrD2vXd1jQ",1],[5,33,37]],[5,"shadowRight",6,[[1,0,-26,5]],[0,"82qF4s2M5KfLDQEi/0auC1",1],[5,50,50],[1.4,1.9,0,0,0,0,1,0.82,1.27,1],[1,0,0,35]],[2,"sptRightTex",6,[[1,0,-27,6]],[0,"5evbstw0ZB3a68zXFBfXqe",1],[5,36,40]]],0,[0,3,1,0,0,1,0,6,3,0,7,2,0,0,1,0,0,1,0,-1,2,0,-2,3,0,0,2,0,0,2,0,-1,4,0,-2,7,0,0,3,0,0,3,0,-1,5,0,-2,6,0,0,4,0,0,4,0,-1,8,0,-2,9,0,-1,10,0,-2,11,0,0,7,0,0,8,0,0,9,0,0,10,0,0,11,0,4,1,27],[0,0,0,0,0,0,0,0,0],[1,1,1,1,1,1,1,8,-1],[0,8,8,0,69,0,70,9,9]],[[{"name":"basaha-2","rect":[5,8,63,64],"offset":[2.5,-4],"originalSize":[68,72],"capInsets":[0,0,0,0]}],[0],0,[0],[2],[71]],[[{"name":"basaha-1","rect":[0,0,52,52],"offset":[-8,10],"originalSize":[68,72],"capInsets":[0,0,0,0]}],[0],0,[0],[2],[72]],[[{"name":"peach-2","rect":[14,0,48,53],"offset":[7,3],"originalSize":[62,59],"capInsets":[0,0,0,0]}],[0],0,[0],[2],[73]],[[[17,"fruitCSplit",0.4,{"paths":{"sptLeft":{"props":{"x":[{"frame":0,"value":-10},{"frame":0.4,"value":-50}],"angle":[{"frame":0,"value":0},{"frame":0.4,"value":60}]}},"sptRight":{"props":{"x":[{"frame":0,"value":9},{"frame":0.4,"value":50}],"angle":[{"frame":0,"value":0},{"frame":0.4,"value":-60}]}}}}]],0,0,[],[],[]],[[[17,"fruitDSplit",0.4,{"paths":{"sptRight":{"props":{"x":[{"frame":0,"value":13},{"frame":0.4,"value":30}],"angle":[{"frame":0,"value":0},{"frame":0.4,"value":-30}]}},"sptLeft":{"props":{"x":[{"frame":0,"value":-11},{"frame":0.4,"value":-30}],"angle":[{"frame":0,"value":0},{"frame":0.4,"value":40}]}}}}]],0,0,[],[],[]],[[{"name":"juice_bg","rect":[0,0,138,130],"offset":[0,0],"originalSize":[138,130],"capInsets":[0,0,0,0]}],[0],0,[0],[2],[74]],[[{"name":"banana","rect":[0,0,126,50],"offset":[0,0],"originalSize":[126,50],"capInsets":[0,0,0,0]}],[0],0,[0],[2],[75]]]]