[1,["3bAq/ylFNLgbA7+0c5Netm@6c48a"],["_textureSource"],["cc.SpriteFrame"],0,[{"name":"car103Black","rect":{"x":6,"y":26,"width":145,"height":113},"offset":{"x":-1.5,"y":-2.5},"originalSize":{"width":160,"height":160},"rotated":false,"capInsets":[0,0,0,0],"vertices":{"rawPosition":[-72.5,-56.5,0,72.5,-56.5,0,-72.5,56.5,0,72.5,56.5,0],"indexes":[0,1,2,2,1,3],"uv":[6,134,151,134,6,21,151,21],"nuv":[0.0375,0.13125,0.94375,0.13125,0.0375,0.8375,0.94375,0.8375],"minPos":{"x":-72.5,"y":-56.5,"z":0},"maxPos":{"x":72.5,"y":56.5,"z":0}},"packable":true,"pixelsToUnit":100,"pivot":{"x":0.5,"y":0.5},"meshType":0}],[0],0,[0],[0],[0]]
