[1,["ecpdLyjvZBwrvm+cedCcQy","1aak1fV3NMgKZ20k4OxRBG","83z9M8YNlMTJt/fDZhYpVv","7bi4UbLU1BU5+2852luyKm","98VE8jGx5D8bLiExRk85Kq","51SAxckRFNXa2nt0G2Av12","93iBP8Nh1CW4y1gezfChrO","82hjbWrd1Gp5yCQGdebksG","ebq61mNItMUau7KQVLNQWs","daTeILrndCOLnzIhfesfT6","b5xNfTm7RDNIxJ8le0i/4B","258Q1xbu5AM7addK9Pc4Jf","fey5S/a8ZINZfqzkonOtLE","0bNhhki5tBe6HtvYuLZb/D","97fP6bIcdJjrBgVBgAURqL","1f9fL2YqtLdpGuKbobPWf2","06JDRT4T1A/ot1AMqUSXuW"],["node","_textureSetter","_spriteFrame","_N$target","btnQuitfR","btnBeginfR","btnQuitCir","btnBeginCir","knife","scene","_parent","_N$file","_texture"],["cc.SpriteFrame",["cc.Node",["_name","_id","_opacity","_components","_parent","_contentSize","_trs","_children","_color"],0,9,1,5,7,2,5],["cc.Widget",["_alignFlags","_top","_left","_right","_bottom","_originalWidth","_originalHeight","node"],-4,1],["cc.SceneAsset",["_name","asyncLoadAssets"],1],["cc.Canvas",["node","_designResolution"],3,1,5],["3b8a9kQaRJIRrj33JJDuNVM",["node","knife","btnBeginCir","btnQuitCir","btnBeginfR","btnQuitfR"],3,1,1,1,1,1,1],["cc.Button",["zoomScale","_N$transition","node","clickEvents","_N$normalColor","_N$target"],1,1,9,5,1],["cc.ClickEvent",["_componentId","handler","target"],1,1],["cc.Sprite",["_sizeMode","node","_materials","_spriteFrame"],2,1,3,6],["cc.Label",["_string","_fontSize","_isSystemFontUsed","_N$verticalAlign","node","_materials","_N$file"],-1,1,3,6],["cc.MotionStreak",["_fadeTime","_minSeg","_stroke","node","_materials","_texture"],0,1,3,6],["cc.Scene",["_name","_children","_anchorPoint","_trs"],2,2,5,7],["cc.Camera",["_clearFlags","_depth","node"],1,1]],[[8,0,1,2,3,2],[1,0,4,3,5,2],[1,0,4,7,3,5,6,2],[2,0,7,2],[6,0,1,2,3,4,5,3],[7,0,1,2,3],[3,0,1,3],[1,0,1,7,3,5,6,3],[1,0,2,4,3,8,5,6,3],[1,0,4,3,2],[1,0,4,3,6,2],[1,0,4,3,5,6,2],[4,0,1,1],[5,0,1,2,3,4,5,1],[2,0,3,1,7,4],[2,0,2,1,7,4],[2,0,2,3,1,4,7,6],[2,0,5,6,7,4],[2,0,2,4,7,4],[9,0,1,2,3,4,5,6,5],[10,0,1,2,3,4,5,4],[11,0,1,2,3,2],[12,0,1,2,3]],[[[{"name":"boom","rect":[0,0,66,68],"offset":[0,0],"originalSize":[66,68],"capInsets":[0,0,0,0]}],[0],0,[0],[1],[1]],[[{"name":"apple","rect":[0,0,66,66],"offset":[0,0],"originalSize":[66,66],"capInsets":[0,0,0,0]}],[0],0,[0],[1],[2]],[[{"name":"frt_game_bg","rect":[0,0,374,751],"offset":[0,0],"originalSize":[374,751],"capInsets":[0,0,0,0]}],[0],0,[0],[1],[3]],[[{"name":"new-game","rect":[0,0,195,195],"offset":[0,0],"originalSize":[195,195],"capInsets":[0,0,0,0]}],[0],0,[0],[1],[4]],[[{"name":"logo","rect":[0,0,288,135],"offset":[0,0],"originalSize":[288,135],"capInsets":[0,0,0,0]}],[0],0,[0],[1],[5]],[[{"name":"ninja","rect":[0,0,244,81],"offset":[0,0],"originalSize":[244,81],"capInsets":[0,0,0,0]}],[0],0,[0],[1],[6]],[[[6,"fruit_ninja_start",null],[7,"Canvas","8aaD1UGBhMlZXFHNCA8U6R",[-9,-10,-11,-12,-13,-14,-15],[[12,-1,[5,375,750]],[13,-7,-6,-5,-4,-3,-2],[3,45,-8]],[5,375,750],[187.5,375,0,0,0,0,1,1,1,1]],[2,"newGameBtn",1,[-19,-20],[[4,0.96,3,-17,[[5,"3b8a9kQaRJIRrj33JJDuNVM","gameStart",1]],[4,4292269782],-16],[14,33,50,260,-18]],[5,120,120],[77.5,55,0,0,0,0,1,1,1,1]],[2,"quitBtn",1,[-24,-25],[[15,9,50,420,-21],[4,0.96,3,-23,[[5,"3b8a9kQaRJIRrj33JJDuNVM","backList",1]],[4,4292269782],-22]],[5,120,120],[-77.5,-105,0,0,0,0,1,1,1,1]],[2,"gameLogo",1,[-28],[[16,17,187.5,187.5,50,478.75,-26],[0,0,-27,[4],5]],[5,288,135],[0,257.5,0,0,0,0,1,1,1,1]],[1,"circle",2,[[0,0,-29,[6],7],[17,45,195,195,-30]],[5,120,120]],[1,"circle1",3,[[3,45,-31],[0,0,-32,[10],11]],[5,120,120]],[1,"frtStartBg",1,[[3,45,-33],[0,0,-34,[0],1]],[5,375,750]],[1,"fruit",2,[[0,0,-35,[8],9]],[5,44,44]],[1,"fruit",3,[[0,0,-36,[12],13]],[5,47,50]],[8,"gameTips",200,1,[[19,"Touch Fruit to begin",15,false,1,-37,[14],15],[18,12,10,5,-38]],[4,4278226943],[5,140.42,40],[-107.29,-350,0,0,0,0,1,1,1,1]],[9,"knife",1,[[20,0.15,0.4,6,-39,[16],17]]],[21,"New Node",[1],[0,0,0],[0,0,0,0,0,0,1,1,1,1]],[10,"Main Camera",1,[[22,7,-1,-40]],[0,0,530.0075471160765,0,0,0,1,1,1,1]],[11,"ninja",4,[[0,0,-41,[2],3]],[5,120,33],[90,-75,0,0,0,0,1,1,1,1]]],0,[0,0,1,0,4,9,0,5,8,0,6,6,0,7,5,0,8,11,0,0,1,0,0,1,0,-1,13,0,-2,7,0,-3,4,0,-4,2,0,-5,3,0,-6,10,0,-7,11,0,3,2,0,0,2,0,0,2,0,-1,5,0,-2,8,0,0,3,0,3,3,0,0,3,0,-1,6,0,-2,9,0,0,4,0,0,4,0,-1,14,0,0,5,0,0,5,0,0,6,0,0,6,0,0,7,0,0,7,0,0,8,0,0,9,0,0,10,0,0,10,0,0,11,0,0,13,0,0,14,0,9,12,1,10,12,41],[0,0,0,0,0,0,0,0,0,0,0,0,0,0,0,0,0,0],[-1,2,-1,2,-1,2,-1,2,-1,2,-1,2,-1,2,-1,11,-1,12],[0,7,0,8,0,9,0,10,0,11,0,12,0,13,0,14,0,15]],[[{"name":"quit","rect":[0,0,141,141],"offset":[0,0],"originalSize":[141,141],"capInsets":[0,0,0,0]}],[0],0,[0],[1],[16]]]]