[1,["ecpdLyjvZBwrvm+cedCcQy","07Bq8qyHpL8Z2Bx8+eJbOS","1e4U8MlOpEcb0p89ENgfAJ","fdXSdi/DhGN7X/+gjLDgSz","0ejWGaxexNUajq3KbOYh2/","e97GVMl6JHh5Ml5qEDdSGa","71VhFCTINJM6/Ky3oX9nBT","84VRj0k4pJjY5tD1IYRCL3","a0D4ngR0FAOrLrwm4LHH9A","87duUg20NIh4d1F7N98vYB","3eLTvF4jdIDLT2AmKcFZ+o","5eSu0UQJBDaINNvIrJe2vb","9fDc9SjxlKA6zbFhGQFpLK","5fdgmsbu5HaoBjddlxbKT6","2cyo0ZJ5dCt7Hg6uvRdlmX","2duStcE29P4q6hkHtPwgWe","97fP6bIcdJjrBgVBgAURqL","29FYIk+N1GYaeWH/q1NxQO","b2RAEADp9DSJXq2PZAZ9xE","e9UnHFszhHDbdzF5eECgH9","99rPGrwEdESrhhiUeV8AJ5","46p7fIGSJH+ZiaDoaU/sbX","aaNgbKIRpNf5nhBNzZfnGK","b4P/PCArtIdIH38t6mlw8Y"],["node","_textureSetter","_spriteFrame","_N$file","_N$target","_parent","gameOverMenu","readyMenu","ground","maskLayer","scoreLabel","bird","pipeManager","longGround","scene","_defaultClip","_N$pressedSprite","_N$hoverSprite","_N$disabledSprite","pipePrefab","root","bottomPipe","topPipe","data"],[["cc.Node",["_name","_active","_id","_opacity","_components","_contentSize","_parent","_trs","_children","_anchorPoint","_color","_prefab"],-1,9,5,1,7,2,5,5,4],"cc.SpriteFrame",["cc.Widget",["_alignFlags","alignMode","_top","_originalWidth","_originalHeight","_isAbsTop","_bottom","_left","_horizontalCenter","node"],-6,1],["cc.Sprite",["_sizeMode","_type","_fillRange","_isTrimmedMode","node","_materials","_spriteFrame"],-1,1,3,6],["cc.Label",["_string","_fontSize","_isSystemFontUsed","_N$verticalAlign","_N$horizontalAlign","_enableWrapText","_N$overflow","node","_materials","_N$file"],-4,1,3,6],["cc.BoxCollider",["node","_size","_offset"],3,1,5,5],["cc.Button",["_N$transition","zoomScale","node","clickEvents","_N$target","_N$pressedColor","_N$disabledColor","_N$pressedSprite","_N$hoverSprite","_N$disabledSprite","_N$normalColor"],1,1,9,1,5,5,6,6,6,5],["cc.SceneAsset",["_name","asyncLoadAssets"],1],["cc.Node",["_name","_parent","_components","_contentSize","_trs"],2,1,12,5,7],["cc.Node",["_name","_parent","_components"],2,1,2],["cc.Canvas",["node","_designResolution"],3,1,5],["8073f6ww+JGVKIA/j+/4zuG",["goldScore","node","pipeManager","bird","scoreLabel","maskLayer","ground","readyMenu","gameOverMenu"],2,1,1,1,1,1,1,1,1],["b8267Clbu5ObKT5POZPTEWa",["node","canvasNode","longGround"],3,1,1,1],["cc.ClickEvent",["_componentId","handler","target"],1,1],["cc.Animation",["playOnLoad","node","_clips","_defaultClip"],2,1,3,6],["cc.Scene",["_name","autoReleaseAssets","_children","_anchorPoint","_trs"],1,2,5,7],["cc.Camera",["_clearFlags","_depth","node"],1,1],["faf707MYslOt42pVSOmaVlA",["node"],3,1],["f7908QeEJREvazrwaMk2Uf8",["initRiseSpeed","node","ground"],2,1,1],["cc.Prefab",["_name"],2],["8326cSAlkJJQIP/wlrbFpEM",["node","topPipe","bottomPipe"],3,1,1,1],["cc.PrefabInfo",["fileId","root"],2,1]],[[3,0,4,5,6,2],[0,0,6,4,5,7,2],[2,0,9,2],[21,0,1,2],[0,0,6,8,4,5,7,2],[0,0,6,4,11,5,9,2],[8,0,1,2,3,4,2],[3,1,0,2,4,5,6,4],[3,0,4,6,2],[5,0,1,1],[5,0,2,1,1],[13,0,1,2,3],[4,0,1,2,3,7,8,9,5],[7,0,1,3],[0,0,2,8,4,5,7,3],[0,0,8,4,5,9,7,2],[0,0,1,6,8,4,5,7,3],[0,0,1,6,4,10,5,7,3],[0,0,6,8,4,5,2],[0,0,6,8,2],[0,0,1,6,4,10,5,3],[0,0,6,4,5,2],[0,0,6,4,5,9,7,2],[0,0,3,6,4,5,7,3],[0,0,6,4,7,2],[0,0,6,4,10,5,2],[0,0,8,4,11,2],[9,0,1,2,2],[10,0,1,1],[11,0,1,2,3,4,5,6,7,8,2],[2,1,0,3,9,4],[2,1,0,6,9,4],[2,0,7,9,3],[2,0,2,9,3],[2,0,4,9,3],[2,0,3,4,9,4],[2,1,0,3,4,9,5],[2,1,0,2,5,9,5],[2,1,0,2,8,5,9,6],[2,1,0,9,3],[2,1,0,2,9,4],[3,1,0,2,3,4,5,6,5],[3,1,0,4,5,3],[12,0,1,2,1],[6,1,0,2,3,5,6,4,7,8,9,3],[6,0,2,3,10,4,2],[14,0,1,2,3,2],[15,0,1,2,3,4,3],[16,0,1,2,3],[17,0,1],[18,0,1,2,2],[4,0,1,2,4,3,7,8,6],[4,0,1,5,2,4,3,6,7,8,9,8],[19,0,2],[20,0,1,2,1]],[[[{"name":"ground","rect":[1,1,840,281],"offset":[0,0],"originalSize":[840,281],"rotated":1,"capInsets":[0,0,0,0]}],[1],0,[0],[1],[1]],[[{"name":"default_btn_disabled","rect":[0,0,40,40],"offset":[0,0],"originalSize":[40,40],"capInsets":[12,12,12,12]}],[1],0,[0],[1],[6]],[[{"name":"result_board","rect":[799,723,590,298],"offset":[0,0],"originalSize":[590,298],"capInsets":[0,0,0,0]}],[1],0,[0],[1],[1]],[[{"name":"start","rect":[1,843,286,166],"offset":[2,5],"originalSize":[290,176],"capInsets":[0,0,0,0]}],[1],0,[0],[1],[1]],[[{"name":"getready","rect":[289,804,508,144],"offset":[0,-7],"originalSize":[508,158],"capInsets":[0,0,0,0]}],[1],0,[0],[1],[1]],[[[13,"bird_game",null],[14,"Canvas","abu4Ea5tdECpk25JbDAQOD",[-11,-12,-13,-14,-15,-16,-17,-18],[[28,-1,[5,375,750]],[29,30,-9,-8,-7,-6,-5,-4,-3,-2],[2,45,-10]],[5,375,750],[187.5,375,0,0,0,0,1,1,1,1]],[4,"ground",1,[-24],[[41,3,0,1,false,-19,[9],10],[43,-21,1,-20],[30,0,44,600,-22],[9,-23,[5,3000,164]]],[5,375,164],[0,-293,0,0,0,0,1,1,1,1]],[15,"gameOver",[-26,-27,-28,-29],[[2,45,-25]],[5,375,750],[0,0,0],[-187.5,-375,0,0,0,0,1,1,1,1]],[4,"resultBoard",3,[-32,-33,-34],[[0,0,-30,[24],25],[31,0,20,-160,-31]],[5,307,155],[187.5,-82.5,0,0,0,0,1,1,1,1]],[16,"backbtn",false,3,[-39],[[42,1,0,-35,[30]],[44,0.95,3,-37,[[11,"8073f6ww+JGVKIA/j+/4zuG","backBegainPage",1]],[4,4294967295],[4,4294967295],-36,31,32,33],[32,12,10,-38]],[5,60,50],[40,25,0,0,0,0,1,1,1,1]],[6,"bird",1,[[[0,0,-40,[2],3],[46,true,-41,[5,6],4],-42,[9,-43,[5,50,35]]],4,4,1,4],[5,50,35],[-136,51,0,0,0,0,1,1,1,1]],[17,"startBtn",false,3,[[0,0,-44,[26],27],[45,1,-46,[[11,"8073f6ww+JGVKIA/j+/4zuG","restart",1]],[4,4292269782],-45],[33,17,300,-47]],[4,4292269782],[5,137,64],[187.5,368,0,0,0,0,1,1,1,1]],[1,"groundLong",2,[[7,3,0,1,-48,[7],8],[34,5,164,-49]],[5,375,164],[375,0,0,0,0,0,1,1,1,1]],[18,"menu",1,[-51,3],[[2,45,-50]],[5,375,750]],[19,"ready",9,[-52,-53]],[20,"maskLayer",false,1,[[0,0,-54,[34],35],[35,45,750,750,-55]],[4,4278190080],[5,375,750]],[21,"background",1,[[7,3,0,1,-56,[0],1],[36,0,45,1000,750,-57]],[5,375,750]],[6,"score",1,[[-58,[37,0,17,0.10749999999999998,false,-59]],1,4],[5,30,40],[0,274.375,0,0,0,0,1,1,1,1]],[22,"getReady",10,[[0,0,-60,[12],13],[38,0,16,0.2,-1.086430423508709,false,-61]],[5,242,61],[0,0.2937455802624327,2.213286713286723],[-51,303,0,0,0,0,1,1,1,1]],[1,"tapToPlay",10,[[0,0,-62,[14],15],[39,0,16,-63]],[5,157,142],[0,47,0,0,0,0,1,1,1,1]],[23,"gameOverLabel",0,3,[[0,0,-64,[16],17],[40,0,17,150,-65]],[5,216,58],[187.5,571,0,0,0,0,1,1,1,1]],[47,"New Node",true,[1],[0,0,0],[0,0,0,0,0,0,1,1,1,1]],[24,"Main Camera",1,[[48,7,-1,-66]],[0,0,530.0075471160765,0,0,0,1,1,1,1]],[27,"pipeLayer",1,[-67]],[49,19],[50,500,6,2],[51,"0",15,false,1,1,13,[11]],[1,"medal",4,[[0,0,-68,[18],19]],[5,62,62],[-87,-10,0,0,0,0,1,1,1,1]],[1,"currentScore",4,[[12,"0",10,false,1,-69,[20],21]],[5,20,40],[107,24.3,0,0,0,0,1,1,1,1]],[1,"bestScore",4,[[12,"0",10,false,1,-70,[22],23]],[5,20,40],[107,-30.2,0,0,0,0,1,1,1,1]],[25,"Label",5,[[52,"BACK",20,false,false,1,1,1,-71,[28],29]],[4,4280274919],[5,70,40]]],0,[0,0,1,0,6,3,0,7,10,0,8,2,0,9,11,0,10,22,0,11,21,0,12,20,0,0,1,0,0,1,0,-1,18,0,-2,12,0,-3,19,0,-4,6,0,-5,2,0,-6,13,0,-7,9,0,-8,11,0,0,2,0,13,8,0,0,2,0,0,2,0,0,2,0,-1,8,0,0,3,0,-1,16,0,-2,4,0,-3,7,0,-4,5,0,0,4,0,0,4,0,-1,23,0,-2,24,0,-3,25,0,0,5,0,4,5,0,0,5,0,0,5,0,-1,26,0,0,6,0,0,6,0,-3,21,0,0,6,0,0,7,0,4,7,0,0,7,0,0,7,0,0,8,0,0,8,0,0,9,0,-1,10,0,-1,14,0,-2,15,0,0,11,0,0,11,0,0,12,0,0,12,0,-1,22,0,0,13,0,0,14,0,0,14,0,0,15,0,0,15,0,0,16,0,0,16,0,0,18,0,-1,20,0,0,23,0,0,24,0,0,25,0,0,26,0,14,17,1,5,17,3,5,9,71],[0,0,0,0,0,0,0,0,0,0,0,0,0,0,0,0,0,0,0,0,0,0,0,0,0,0,0,0,0,0,0,0,0,0,0,0,20,22],[-1,2,-1,2,15,-1,-2,-1,2,-1,2,-1,-1,2,-1,2,-1,2,-1,2,-1,3,-1,3,-1,2,-1,2,-1,3,-1,16,17,18,-1,2,19,3],[0,7,0,8,3,3,9,0,4,0,4,0,0,10,0,11,0,12,0,13,0,2,0,2,0,14,0,15,0,16,0,5,5,17,0,18,19,2]],[[{"name":"top_pipe","rect":[415,1,129,801],"offset":[0,0],"originalSize":[129,801],"capInsets":[0,0,0,0]}],[1],0,[0],[1],[1]],[[{"name":"tap","rect":[1391,723,286,246],"offset":[0,0],"originalSize":[286,246],"rotated":1,"capInsets":[0,0,0,0]}],[1],0,[0],[1],[1]],[[{"name":"medal_silver","rect":[1639,723,123,113],"offset":[0,0],"originalSize":[123,113],"capInsets":[0,0,0,0]}],[1],0,[0],[1],[1]],[[{"name":"background","rect":[546,1,720,1280],"offset":[0,0],"originalSize":[720,1280],"rotated":1,"capInsets":[0,0,0,0]}],[1],0,[0],[1],[1]],[[{"name":"gameover","rect":[1828,469,500,136],"offset":[3,-2],"originalSize":[508,158],"rotated":1,"capInsets":[0,0,0,0]}],[1],0,[0],[1],[1]],[[{"name":"bird1","rect":[289,950,86,60],"offset":[0,0],"originalSize":[86,60],"capInsets":[0,0,0,0]}],[1],0,[0],[1],[1]],[[{"name":"bottom_pipe","rect":[284,1,129,801],"offset":[0,0],"originalSize":[129,801],"capInsets":[0,0,0,0]}],[1],0,[0],[1],[1]],[[{"name":"mask_bg","rect":[0,0,30,30],"offset":[0,0],"originalSize":[30,30],"capInsets":[0,0,0,0]}],[1],0,[0],[1],[20]],[[[53,"pipeGroup"],[26,"pipeGroup",[-5,-6],[[54,-4,-3,-2]],[3,"50XMGRuFpJ1KotFHvp9NuT",-1]],[5,"topPipe",1,[[8,0,-7,0],[10,-8,[0,37.5,233.5],[5,70,460]]],[3,"6dRAOyktRICokSpSrt+Col",1],[5,75,467],[0,0,0]],[5,"bottomPipe",1,[[8,0,-9,1],[10,-10,[0,37.5,-233.5],[5,70,460]]],[3,"32hmO4riRD0pYb47s3QpQb",1],[5,75,467],[0,0,1]]],0,[0,20,1,0,21,3,0,22,2,0,0,1,0,-1,2,0,-2,3,0,0,2,0,0,2,0,0,3,0,0,3,0,23,1,10],[0,0],[2,2],[21,22]],[[{"name":"default_btn_pressed","rect":[0,0,40,40],"offset":[0,0],"originalSize":[40,40],"capInsets":[12,12,12,12]}],[1],0,[0],[1],[23]]]]