[1,["ecpdLyjvZBwrvm+cedCcQy","e97GVMl6JHh5Ml5qEDdSGa","71VhFCTINJM6/Ky3oX9nBT","b2RAEADp9DSJXq2PZAZ9xE","33S3Ncn89CjJfvbYoS0xSi","6fgBCSDDdPMInvyNlggls2","97fP6bIcdJjrBgVBgAURqL","29FYIk+N1GYaeWH/q1NxQO","99rPGrwEdESrhhiUeV8AJ5","b4P/PCArtIdIH38t6mlw8Y"],["node","_textureSetter","root","data","_N$target","target","scene","_parent","_spriteFrame","fireworksBody","_N$file","_N$pressedSprite","_N$hoverSprite","_N$disabledSprite"],[["cc.Node",["_name","_id","_opacity","_components","_contentSize","_parent","_trs","_children","_color","_prefab","_anchorPoint"],0,9,5,1,7,2,5,4,5],"cc.SpriteFrame",["cc.Widget",["_alignFlags","_left","_originalWidth","_originalHeight","node","_target"],-1,1,1],["cc.Graphics",["_lineWidth","node","_materials"],2,1,3],["cc.Sprite",["_sizeMode","_type","node","_materials","_spriteFrame"],1,1,3,6],["cc.Prefab",["_name"],2],["12823llfEVLFo3qcYFzIVwH",["friction","node"],2,1],["cc.PrefabInfo",["fileId","root"],2,1],["cc.SceneAsset",["_name","asyncLoadAssets"],1],["cc.Canvas",["node","_designResolution"],3,1,5],["cc.Button",["zoomScale","_N$enableAutoGrayEffect","_N$transition","node","clickEvents","_N$pressedColor","_N$disabledColor","_N$target","_N$pressedSprite","_N$hoverSprite","_N$disabledSprite"],0,1,9,5,5,1,6,6,6],["cc.ClickEvent",["_componentId","handler","target"],1,1],["8834eKbd5ZIh5BjhCu0aStr",["node","canvas","fireworksBody"],3,1,1,6],["cc.Scene",["_name","_active","autoReleaseAssets","_children","_anchorPoint","_trs"],0,2,5,7],["cc.Camera",["_clearFlags","_depth","node"],1,1],["cc.Label",["_string","_fontSize","_enableWrapText","_isSystemFontUsed","_N$horizontalAlign","_N$verticalAlign","_N$overflow","node","_materials","_N$file"],-4,1,3,6]],[[2,0,2,3,4,4],[5,0,2],[0,0,3,9,4,2],[0,0,1,7,3,4,6,3],[0,0,5,7,3,4,6,2],[0,0,2,5,3,8,4,10,6,3],[0,0,5,3,4,2],[0,0,5,3,6,2],[0,0,5,3,8,4,2],[6,0,1,2],[3,0,1,2],[3,0,1,2,2],[7,0,1,2],[8,0,1,3],[9,0,1,1],[2,0,4,2],[2,0,1,4,5,3],[4,1,0,2,3,3],[4,0,2,3,4,2],[10,0,1,2,3,4,5,6,7,8,9,10,4],[11,0,1,2,3],[12,0,1,2,1],[13,0,1,2,3,4,5,4],[14,0,1,2,3],[15,0,1,2,3,4,5,6,7,8,9,8]],[[[{"name":"default_btn_disabled","rect":[0,0,40,40],"offset":[0,0],"originalSize":[40,40],"capInsets":[12,12,12,12]}],[1],0,[0],[1],[2]],[[[1,"fireworkBody"],[2,"fireworkBody",[[9,0.95,-2],[10,1,-3]],[12,"a84N0/gPdKyYXr/6QCIsCm",-1],[5,375,750]]],0,[0,2,1,0,0,1,0,0,1,0,3,1,3],[],[],[]],[[[13,"firework",null],[3,"Canvas","1cHHAFJE9AyI4al1nIOKG/",[-3,-4,-5,-6],[[14,-1,[5,375,750]],[15,45,-2]],[5,375,750],[187.5,375,0,0,0,0,1,1,1,1]],[4,"button",1,[-12],[[17,1,0,-7,[6]],[19,0.95,true,3,-10,[[20,"8834eKbd5ZIh5BjhCu0aStr","back_game_list",-9]],[4,4294967295],[4,4294967295],-8,7,8,9],[16,12,10,-11,1]],[5,55,30],[-150,-360,0,0,0,0,1,1,1,1]],[5,"fireworkContainer",124.185,1,[[21,-13,1,2],[11,1,-14,[3]],[0,45,375,750,-15]],[4,4278190080],[5,375,750],[0,0,0],[-187.5,-375,0,0,0,0,1,1,1,1]],[6,"bg",1,[[18,0,-16,[0],1],[0,45,30,30,-17]],[5,375,750]],[22,"New Node",false,true,[1],[0,0,0],[0,0,0,0,0,0,1,1,1,1]],[7,"Main Camera",1,[[23,7,-1,-18]],[0,0,530.0075471160765,0,0,0,1,1,1,1]],[8,"Label",2,[[24,"BACK",16,false,false,1,1,1,-19,[4],5]],[4,4281903801],[5,55,30]]],0,[0,0,1,0,0,1,0,-1,6,0,-2,4,0,-3,3,0,-4,2,0,0,2,0,4,2,0,5,3,0,0,2,0,0,2,0,-1,7,0,0,3,0,0,3,0,0,3,0,0,4,0,0,4,0,0,6,0,0,7,0,6,5,1,7,5,19],[0,0,0,0,0,0,0,0,0,0],[-1,8,9,-1,-1,10,-1,11,12,13],[0,3,4,5,0,6,0,1,1,7]],[[{"name":"mask_bg","rect":[0,0,30,30],"offset":[0,0],"originalSize":[30,30],"capInsets":[0,0,0,0]}],[1],0,[0],[1],[8]],[[{"name":"default_btn_pressed","rect":[0,0,40,40],"offset":[0,0],"originalSize":[40,40],"capInsets":[12,12,12,12]}],[1],0,[0],[1],[9]]]]