[1,["f35esHPL9P9rd0Tn6+vJBQ","3dhru+aN1B9In9Pv1rwYTG"],["spriteFrame","_textureSetter"],["cc.SpriteFrame",["cc.BitmapFont",["_name","fontSize","_fntConfig"],0]],[[1,0,1,2,4]],[[[[0,"number",32,{"commonHeight":32,"fontSize":32,"atlasName":"number.png","fontDefDictionary":{"48":{"xOffset":-4,"yOffset":0,"xAdvance":60,"rect":{"x":560,"y":0,"width":68,"height":90}},"49":{"xOffset":-4,"yOffset":0,"xAdvance":60,"rect":{"x":628,"y":0,"width":68,"height":90}},"50":{"xOffset":-4,"yOffset":0,"xAdvance":61,"rect":{"x":422,"y":0,"width":69,"height":90}},"51":{"xOffset":-4,"yOffset":0,"xAdvance":62,"rect":{"x":142,"y":0,"width":70,"height":90}},"52":{"xOffset":-4,"yOffset":0,"xAdvance":62,"rect":{"x":212,"y":0,"width":70,"height":90}},"53":{"xOffset":-4,"yOffset":0,"xAdvance":62,"rect":{"x":282,"y":0,"width":70,"height":90}},"54":{"xOffset":-4,"yOffset":0,"xAdvance":61,"rect":{"x":491,"y":0,"width":69,"height":90}},"55":{"xOffset":-4,"yOffset":0,"xAdvance":63,"rect":{"x":0,"y":0,"width":71,"height":90}},"56":{"xOffset":-4,"yOffset":0,"xAdvance":63,"rect":{"x":71,"y":0,"width":71,"height":90}},"57":{"xOffset":-4,"yOffset":0,"xAdvance":62,"rect":{"x":352,"y":0,"width":70,"height":90}}},"kerningDict":{}}]],0,0,[0],[0],[0]],[[{"name":"number","rect":[4,0,680,90],"offset":[-5,0],"originalSize":[698,90],"capInsets":[0,0,0,0]}],[0],0,[0],[1],[1]]]]