[1,["60sVGRwINP2bujw0kJnCi7","dalIFF8lNLhY3gizW4lGeR@6c48a","1brw/JvvpFnIvdrxpFCgMZ","f3UX+LFIJCV6gfoa+3n0mo@3550d","f3UX+LFIJCV6gfoa+3n0mo@baec1","f3UX+LFIJCV6gfoa+3n0mo@42db1","f3UX+LFIJCV6gfoa+3n0mo@a0021","f3UX+LFIJCV6gfoa+3n0mo@66d6e","f3UX+LFIJCV6gfoa+3n0mo@ec2bd","28OvcvllhHroo/r8V0XSKH","12Y9dMgWdJKJGmTiZyQR9H@2e76e"],["node","_mesh","mainTexture","_effectAsset","root","nodeGas","data"],[["cc.Node",["_name","_prefab","_parent","_components","_lrot","_lscale","_euler","_lpos","_children"],2,4,1,9,5,5,5,5,2],["cc.MeshRenderer",["_shadowCastingMode","_name","node","__prefab","_materials","bakeSettings","_mesh"],1,1,4,3,4,6],["cc.Material",["_name","_states","_defines","_props"],0,12],["cc.Prefab",["_name"],2],["e6d4fVD3pxJ7Y1Khf8fRUoa",["_name","maxSpeed","minSpeed","node","__prefab","nodeGas"],0,1,4,1],["cc.CompPrefabInfo",["fileId"],2],["cc.BoxCollider",["node","__prefab","_center","_size"],3,1,4,5,5],["cc.RigidBody",["_mass","_linearDamping","_angularDamping","_useGravity","node","__prefab"],-1,1,4],["cc.PrefabInfo",["fileId","instance","targetOverrides","nestedPrefabInstanceRoots","root","asset"],-1,1,1],["cc.ModelBakeSettings",[],3]],[[5,0,2],[8,0,1,2,3,4,5,5],[9,1],[1,0,2,3,4,5,6,2],[0,0,2,3,1,7,5,2],[2,0,1,2,3,4],[3,0,2],[0,0,8,3,1,2],[0,0,2,8,1,2],[0,0,2,3,1,4,5,6,2],[0,0,2,3,1,7,4,5,6,2],[0,0,2,1,7,4,6,2],[4,0,1,2,3,4,5,4],[6,0,1,2,3,1],[7,0,1,2,3,4,5,5],[1,1,2,3,4,5,6,2]],[[[[5,"carGray",[{"blendState":{"targets":[{}]},"depthStencilState":{},"rasterizerState":{}}],[{"USE_ALBEDO_MAP":true,"ROUGHNESS_CHANNEL":"g","METALLIC_CHANNEL":"b","OCCLUSION_CHANNEL":"r"}],[[[{"occlusion":0,"roughness":0.70710676908493,"metallic":0.400000005960464,"alphaThreshold":1,"normalStrenth":1,"normalStrength":1},"albedoScale",8,[1,1,1,1],"pbrScale",8,[2,1,0.70710676908493,0.400000005960464,1],"mainTexture",6,0]],11]]],0,0,[0,0],[2,3],[1,2]],[[[6,"car115"],[7,"car115",[-6,-7,-8],[[12,"car<car>",0.3,0.02,-3,[0,"53+/x02FtCbbYyHm6/H9eg"],-2],[13,-4,[0,"3bBUVIt6dNm7LHef6E82tO"],[1,0,0.3,0],[1,0.6,0.5,1.2]],[14,10,0,0,false,-5,[0,"b23xfh+g5DrLSz6s5SDMS1"]]],[1,"33Uhs1dolM3a6GcJG6G6wf",null,null,null,-1,0]],[8,"RootNode",1,[-9,-10,-11,-12,-13,-14],[1,"Node.827",null,null,null,1,0]],[9,"taxi08",2,[[3,1,-15,[0,"a509+5buVCs7IPoy9o+IYf"],[0],[2],1]],[1,"Node.828",null,null,null,1,0],[3,-0.7071067811865475,0,0,0.7071067811865477],[1,2.53999996185303,2.53999996185303,2.53999996185303],[1,-89.99999999999999,0,0]],[10,"light1",2,[[3,1,-16,[0,"f9LYrnhw1IFZ/CsZbZBQoG"],[2],[2],3]],[1,"Node.829",null,null,null,1,0],[1,0.00154258997645229,0.278005510568619,0.554035782814026],[3,-0.7071067811865476,0,0,0.7071067811865476],[1,2.53999996185303,2.53999996185303,2.53999996185303],[1,-90.00000000000003,0,0]],[4,"tyre1",2,[[3,1,-17,[0,"a1jmA/S4VMOZv6BBt7lTI3"],[4],[2],5]],[1,"Node.830",null,null,null,1,0],[1,-0.239371091127396,0.108000390231609,0.334984689950943],[1,2.53999996185303,2.53999996185303,2.53999996185303]],[4,"tyre2",2,[[3,1,-18,[0,"82boY7ru1O/oIGF2z8yT0O"],[6],[2],7]],[1,"Node.831",null,null,null,1,0],[1,0.241492450237274,0.108000382781029,0.334984302520752],[1,2.53999996185303,2.53999996185303,2.53999996185303]],[4,"tyre3",2,[[3,1,-19,[0,"10Kor9Cr1Ox7WowwT5l12q"],[8],[2],9]],[1,"Node.832",null,null,null,1,0],[1,-0.232472777366638,0.103943504393101,-0.38968214392662],[1,2.53999996185303,2.53999996185303,2.53999996185303]],[4,"tyre4",2,[[3,1,-20,[0,"59TWXD/JNFcrpUeYneeXTE"],[10],[2],11]],[1,"Node.833",null,null,null,1,0],[1,0.23459281027317,0.103943504393101,-0.389682650566101],[1,2.53999996185303,2.53999996185303,2.53999996185303]],[4,"light",1,[[15,"Plane<MeshRenderer>",-21,[0,"ffdC+yqjhFlIN9c8WMHlKk"],[12],[2],13]],[1,"10F5cTK6RI+q7Hynq70NIc",null,null,null,1,0],[1,0,0.1,-1.1000000000000014],[1,0.08,0.1,0.1]],[11,"gas",1,[1,"21uxfv+dNIKrj/NloG0GlU",null,null,null,1,0],[1,0,0.1,0.7],[3,1,0,0,6.123233995736766e-17],[1,180,0,0]]],0,[0,4,1,0,5,10,0,0,1,0,0,1,0,0,1,0,-1,2,0,-2,9,0,-3,10,0,-1,3,0,-2,4,0,-3,5,0,-4,6,0,-5,7,0,-6,8,0,0,3,0,0,4,0,0,5,0,0,6,0,0,7,0,0,8,0,0,9,0,6,1,21],[0,0,0,0,0,0,0,0,0,0,0,0,0,0],[-1,1,-1,1,-1,1,-1,1,-1,1,-1,1,-1,1],[0,3,0,4,0,5,0,6,0,7,0,8,9,10]]]]
