[1,["ecpdLyjvZBwrvm+cedCcQy","89d6TWwlNAop6oKltHmdUL","97fP6bIcdJjrBgVBgAURqL","e97GVMl6JHh5Ml5qEDdSGa","e0GxAYkIVJAJGKuvNblO1E","29FYIk+N1GYaeWH/q1NxQO","5aPILcUXZMfKMKYFoAiEdb","71VhFCTINJM6/Ky3oX9nBT","f7OoSrRZ9GZJPiy8uJpRqz","60ASZk3bpJnJ+6KrGED3d6","4cZx1OQrlCUpXrwHd0S0pN","1dfv5Kx4tMIJobLeEg+2LF","80T6A/0wZKRqdVUDr+UGQZ","70YyMG4DRHnYgt+YbZZ2z7","88B9jxuoZPYpeb07+sRBa+","a9zz1vsAxLtreFNyyln8U/","b4P/PCArtIdIH38t6mlw8Y","30Pd7KorRGX5dgSy9k6uwP"],["node","_spriteFrame","_textureSetter","_N$file","_parent","_N$target","_N$normalSprite","_N$pressedSprite","_N$hoverSprite","_N$disabledSprite","root","spriptAni","data","_defaultClip","scene","mainGm","maskBestScore","maskCurrScore","scoreUi","hpUi","camera","blockPb"],[["cc.Node",["_name","_groupIndex","_active","_opacity","_components","_contentSize","_parent","_trs","_children","_color","_prefab","_anchorPoint"],-1,9,5,1,7,2,5,4,5],["cc.Widget",["_alignFlags","_top","_right","_left","_originalWidth","_originalHeight","_bottom","_isAbsTop","node"],-5,1],"cc.SpriteFrame",["cc.Node",["_name","_id","_components","_contentSize","_trs","_parent","_color","_anchorPoint","_children","_prefab"],1,12,5,7,1,5,5,2,4],["cc.Label",["_string","_fontSize","_isSystemFontUsed","_N$verticalAlign","_N$horizontalAlign","_enableWrapText","_N$overflow","node","_materials","_N$file"],-4,1,3,6],["cc.Sprite",["_sizeMode","_type","node","_spriteFrame","_materials"],1,1,6,3],["cc.Camera",["_cullingMask","_depth","_clearFlags","node"],0,1],["cc.Prefab",["_name"],2],["cc.Node",["_name","_parent","_components","_trs"],2,1,2,7],["79cfci5BnZBEKzaiHjxocp7",["node","spriptAni"],3,1,1],["cc.PrefabInfo",["fileId","root"],2,1],["cc.Animation",["node","_clips"],3,1,3],["cc.SceneAsset",["_name","asyncLoadAssets"],1],["cc.Canvas",["node","_designResolution"],3,1,5],["cc.Button",["zoomScale","_N$transition","node","clickEvents","_N$pressedColor","_N$disabledColor","_N$target","_N$normalSprite","_N$pressedSprite","_N$hoverSprite","_N$disabledSprite"],1,1,9,5,5,1,6,6,6,6],["cc.ClickEvent",["component","handler","target"],1,1],["cc.RigidBody",["_type","node"],2,1],["cc.PhysicsBoxCollider",["tag","_friction","node","_size"],1,1,5],["cc.Scene",["_name","_children","_anchorPoint","_trs"],2,2,5,7],["059caoIKCVFfYa01kH08GoG",["node","blockTmpCtn"],3,1,1],["a378acgdjFGn41gXu2zOQRT",["hp","node","blockTmpCtn","crane","craneRotation","blockContainer","gameOverMask","collBott"],2,1,1,1,1,1,1,1],["cc.AnimationClip",["_name","_duration","curveData"],0]],[[1,0,8,2],[5,0,2,4,3,2],[1,0,1,8,3],[1,0,4,5,8,4],[0,0,6,8,4,5,7,2],[0,0,1,6,4,5,7,3],[0,0,3,6,4,9,5,3],[0,0,6,4,7,2],[0,0,6,4,9,5,2],[3,0,5,2,6,3,7,4,2],[3,0,5,2,6,3,4,2],[10,0,1,2],[5,1,0,2,3,3],[1,0,3,2,1,4,8,6],[14,0,1,2,3,4,5,6,7,8,9,10,3],[15,0,1,2,3],[16,0,1,2],[17,0,1,2,3,3],[4,0,1,5,2,4,3,6,7,9,8],[4,0,1,2,4,3,7,6],[7,0,2],[0,0,1,8,4,10,5,3],[0,0,6,8,4,5,2],[0,0,2,1,6,8,4,5,4],[0,0,1,6,4,9,5,7,3],[0,0,8,4,9,5,7,2],[0,0,6,4,5,7,2],[0,0,1,8,4,5,7,3],[0,0,1,6,8,4,5,3],[0,0,1,6,8,4,5,7,3],[0,0,6,4,5,2],[0,0,1,6,8,3],[0,0,6,4,9,5,7,2],[0,0,6,4,9,5,11,7,2],[3,0,5,2,9,6,3,7,4,2],[3,0,1,8,2,3,4,3],[3,0,8,2,3,7,4,2],[8,0,1,2,3,2],[9,0,1,1],[5,1,0,2,4,3,3],[5,0,2,3,2],[1,0,3,2,1,4,5,8,7],[1,0,3,2,8,4],[1,0,3,2,4,5,8,6],[1,0,2,1,7,8,5],[1,0,3,2,1,6,8,6],[1,0,3,2,1,6,7,4,5,8,9],[1,0,1,6,5,8,5],[1,8,1],[11,0,1,1],[12,0,1,3],[13,0,1,1],[4,0,1,2,3,7,8,9,5],[4,0,1,2,4,3,7,8,6],[4,0,1,2,3,7,8,5],[18,0,1,2,3,2],[6,0,2,1,3,4],[6,0,2],[6,0,1,3,3],[19,0,1,1],[20,0,1,2,3,4,5,6,7,2],[21,0,1,2,4]],[[[[20,"blockPb"],[21,"housePb",7,[-4],[[38,-3,-2]],[11,"06I9hn+kFCyJfzKrz441Yy",-1],[5,55,60]],[34,"buildAni",1,[[[1,0,-5,[0],1],-6,[3,45,60,80,-7]],4,1,4],[11,"721a+yGK1Hu5EXBSi/xtkb",1],[4,4288113227],[5,55,60],[0,0.5,0],[0,-30,0,0,0,0,1,1,1,1]],[49,2,[2]]],0,[0,10,1,0,11,3,0,0,1,0,-1,2,0,0,2,0,-2,3,0,0,2,0,12,1,7],[0,0,0,3],[-1,1,-1,13],[0,6,4,4]],[[{"name":"default_btn_disabled","rect":[0,0,40,40],"offset":[0,0],"originalSize":[40,40],"capInsets":[12,12,12,12]}],[2],0,[0],[2],[7]],[[[50,"skyscraper_game",null],[35,"Canvas","b4+iR3/6pHQY8fnO3YR3JG",[-4,-5,-6,-7,-8,-9],[[[51,-1,[5,375,750]],-2,[0,45,-3]],4,1,4],[5,375,750],[187.5,375,0,0,0,0,1,1,1,1]],[22,"skyscGameContainer",1,[-11,-12,-13,-14,-15,-16],[[0,45,-10]],[5,375,750]],[23,"skyscGameOverMask",false,11,1,[-18,-19,-20,-21,-22],[[0,45,-17]],[5,375,750]],[4,"skyscRestart",3,[-27],[[12,1,0,-23,18],[14,0.95,3,-25,[[15,"skyscraper_game","restartTheGame",1]],[4,4294967295],[4,4294967295],-24,19,20,21,22],[2,17,300,-26]],[5,150,40],[0,55,0,0,0,0,1,1,1,1]],[4,"skyscBack",3,[-32],[[12,1,0,-28,24],[14,0.95,3,-30,[[15,"skyscraper_game","backStartPage",1]],[4,4294967295],[4,4294967295],-29,25,26,27,28],[2,17,360,-31]],[5,150,40],[0,-5,0,0,0,0,1,1,1,1]],[24,"floor",6,2,[[1,0,-33,[4],5],[41,44,-1312.5,-1312.5,730,320,20,-34],[16,0,-35],[17,200,0.02,-36,[5,3000,20]]],[4,4279436034],[5,3000,20],[0,-365,0,0,0,0,1,1,1,1]],[5,"collBott",6,2,[[42,44,-1312.5,-1312.5,-37],[16,0,-38],[17,200,0.02,-39,[5,3000,2]]],[5,3000,2],[0,-374,0,0,0,0,1,1,1,1]],[25,"string",[-42,-43],[[39,2,0,-40,[8],9],[43,45,1.5,1.5,5,400,-41]],[4,4278190080],[5,2,400],[0,-200,0,0,0,0,1,1,1,1]],[36,"craneAni",[8],[[[13,41,-2.5,-2.5,-627,10,-44],-45],4,1],[5,5,400],[0,0.5,1],[0,627,0,0,0,0,1,1,1,1]],[26,"blockTmpCtn",8,[[44,17,-27.5,1,false,-46]],[5,100,60],[0,-230,0,0,0,0,1,1,1,1]],[27,"gameHp",11,[-49],[[45,33,292,10,5,25,-47],[1,0,-48,[13],14]],[5,55,30],[150,355,0,0,0,0,1,1,1,1]],[28,"skyscUi",11,1,[11,-51],[[0,45,-50]],[5,375,750]],[29,"scoreBar",11,12,[-53,-54],[[13,9,10,219.5,5,150,-52]],[5,150,30],[-102.5,355,0,0,0,0,1,1,1,1]],[6,"skyscBg",193,1,[[1,0,-55,[0],1],[3,45,100,100,-56]],[4,4286673992],[5,375,750]],[5,"build_env",12,2,[[1,0,-57,[2],3],[0,20,-58]],[5,800,424],[0,-163,0,0,0,0,1,1,1,1]],[30,"blockContainer",2,[[0,45,-59]],[5,375,750]],[31,"crane",12,2,[9]],[32,"hook",8,[[1,0,-60,[6],7],[46,17,-11,-11,0.99,-16,false,27,20,-61]],[4,4280229663],[5,10,10],[0,-201,0,0,0,0,1,1,1,1]],[9,"hpNum",11,[[-62,[0,2,-63]],1,4],[4,4283075583],[5,13.33,40],[0,1,0.5],[-5.5,0,0,0,0,0,1,1,1,1]],[33,"scoreLabel",13,[[47,10,3,5,35,-64],[52,"Score: ",23,false,1,-65,[10],11]],[4,4294951769],[5,69,40],[0,0,0.5],[-75,0,0,0,0,0,1,1,1,1]],[9,"scoreNum",13,[[-66,[48,-67]],1,4],[4,4288348139],[5,66.5,40],[0,0,0.5],[-4.3,-2.8,0,0,0,0,1,1,1,1]],[6,"sgoMaskBg",201,3,[[40,0,-68,16],[3,45,1,1,-69]],[4,4283911729],[5,375,750]],[10,"CurrentSscore",3,[[-70,[2,17,131.11,-71]],1,4],[4,4285398986],[5,218.11,28.89],[0,229.445,0,0,0,0,1,1,1,1]],[10,"BestScore",3,[[-72,[2,17,176.67,-73]],1,4],[4,4294965712],[5,165,24.44],[0,186.11,0,0,0,0,1,1,1,1]],[55,"New Node",[1],[0,0,0],[0,0,0,0,0,0,1,1,1,1]],[7,"Main Camera",1,[[56,-6337,7,-1,-74]],[0,0,520.4677360275135,0,0,0,1,1,1,1]],[59,9,10],[60,3,1,10,17,27,16,3,7],[57,4288],[37,"camera",2,[29],[0,5.684341886080802e-14,520.4677360275135,0,0,0,1,1,1,1]],[53,"0",16,false,2,1,19,[15]],[54,"100000",18,false,1,21,[12]],[8,"Label",4,[[18,"RESTART",20,false,false,1,1,1,-75,17]],[4,4294953336],[5,150,40]],[8,"Label",5,[[18,"BACK",20,false,false,1,1,1,-76,23]],[4,4294953336],[5,150,40]],[19,"Current score: 100",26,false,1,1,23],[19,"Best score: 1000",22,false,1,1,24],[7,"cameraUi",1,[[58,2048,1,-77]],[0,0,520.4677360275135,0,0,0,1,1,1,1]]],0,[0,0,1,0,-2,28,0,0,1,0,-1,26,0,-2,14,0,-3,2,0,-4,12,0,-5,3,0,-6,37,0,0,2,0,-1,15,0,-2,16,0,-3,6,0,-4,7,0,-5,17,0,-6,30,0,0,3,0,-1,22,0,-2,4,0,-3,5,0,-4,23,0,-5,24,0,0,4,0,5,4,0,0,4,0,0,4,0,-1,33,0,0,5,0,5,5,0,0,5,0,0,5,0,-1,34,0,0,6,0,0,6,0,0,6,0,0,6,0,0,7,0,0,7,0,0,7,0,0,8,0,0,8,0,-1,10,0,-2,18,0,0,9,0,-2,27,0,0,10,0,0,11,0,0,11,0,-1,19,0,0,12,0,-2,13,0,0,13,0,-1,20,0,-2,21,0,0,14,0,0,14,0,0,15,0,0,15,0,0,16,0,0,18,0,0,18,0,-1,31,0,0,19,0,0,20,0,0,20,0,-1,32,0,0,21,0,0,22,0,0,22,0,-1,35,0,0,23,0,-1,36,0,0,24,0,0,26,0,0,33,0,0,34,0,0,37,0,14,25,1,4,25,8,4,9,9,4,17,11,4,12,27,15,28,28,16,36,28,17,35,28,18,32,28,19,31,28,20,29,29,0,30,77],[0,0,0,0,0,0,0,0,0,0,0,0,0,0,0,0,0,0,0,0,0,0,0,0,0,0,0,0,0,28,32,31,35,36],[-1,1,-1,1,-1,1,-1,1,-1,1,-1,3,-1,-1,1,-1,1,3,1,6,7,8,9,3,1,6,7,8,9,21,3,3,3,3],[0,1,0,8,0,1,0,9,0,1,0,2,0,0,10,0,1,2,1,1,3,3,5,2,1,1,3,3,5,11,2,2,2,2]],[[{"name":"hp_bg","rect":[11,8,79,43],"offset":[5.5,-2],"originalSize":[90,55],"capInsets":[0,0,0,0]}],[2],0,[0],[2],[12]],[[{"name":"skysc_block","rect":[0,0,40,40],"offset":[0,0],"originalSize":[40,40],"capInsets":[0,0,0,0]}],[2],0,[0],[2],[13]],[[{"name":"hook_cir","rect":[0,0,40,40],"offset":[0,0],"originalSize":[40,40],"capInsets":[0,0,0,0]}],[2],0,[0],[2],[14]],[[{"name":"skysc_bg","rect":[0,0,1,1],"offset":[0,0],"originalSize":[1,1],"capInsets":[0,0,0,0]}],[2],0,[0],[2],[15]],[[[61,"skysc_house_scale",0.16666666666666666,{"props":{"scaleY":[{"frame":0,"value":1},{"frame":0.08333333333333333,"value":0.85},{"frame":0.16666666666666666,"value":1}]}}]],0,0,[],[],[]],[[{"name":"default_btn_pressed","rect":[0,0,40,40],"offset":[0,0],"originalSize":[40,40],"capInsets":[12,12,12,12]}],[2],0,[0],[2],[16]],[[{"name":"build_env","rect":[0,44,949,504],"offset":[0,-22],"originalSize":[949,548],"capInsets":[0,0,0,0]}],[2],0,[0],[2],[17]]]]