[1,["299rh13aZPH4LDHsN1dUxz@eb794","1brw/JvvpFnIvdrxpFCgMZ","299rh13aZPH4LDHsN1dUxz@c372b","299rh13aZPH4LDHsN1dUxz@40572"],["mainTexture","_effectAsset","root","node","data","_mesh"],[["cc.Node",["_name","_prefab","_children","_parent","_components","_lrot","_lscale","_euler"],2,4,2,1,9,5,5,5],["cc.Mesh",["_native","_hash","_struct"],1,11],["cc.Material",["_name","_states","_defines","_props"],0,12],["cc.Prefab",["_name"],2],["cc.PrefabInfo",["fileId","instance","targetOverrides","nestedPrefabInstanceRoots","root","asset"],-1,1,1],["cc.MeshRenderer",["node","__prefab","_materials","bakeSettings","_mesh"],3,1,4,3,4,6],["cc.CompPrefabInfo",["fileId"],2],["cc.ModelBakeSettings",[],3]],[[4,0,1,2,3,4,5,5],[1,0,1,2,3],[2,0,1,2,3,4],[3,0,2],[0,0,2,1,2],[0,0,3,2,1,2],[0,0,3,4,1,5,6,7,2],[5,0,1,2,3,4,1],[6,0,2],[7,1]],[[[[1,".bin",3596396028,[{"primitives":[{"primitiveMode":7,"vertexBundelIndices":[0],"indexView":{"offset":3200,"length":300,"count":150,"stride":2}}],"vertexBundles":[{"view":{"offset":0,"length":3200,"count":100,"stride":32},"attributes":[{"name":"a_position","format":32,"isNormalized":false},{"name":"a_normal","format":32,"isNormalized":false},{"name":"a_texCoord","format":21,"isNormalized":false}]}]},"minPosition",8,[1,-0.3937007784843445,-0.3937007784843445,0],"maxPosition",8,[1,0.3937007784843445,0.3937007784843445,0.013779527507722378]]],-1],0,0,[],[],[]],[[[2,"Material #88",[{"rasterizerState":{},"blendState":{"targets":[{}]},"depthStencilState":{}}],[{"USE_ALBEDO_MAP":true}],[[[{"metallic":0.400000005960464,"roughness":0.70710676908493},"albedoScale",8,[1,1,1,1],"mainTexture",6,0]],11]]],0,0,[0,0],[0,1],[0,1]],[[[3,"road02"],[4,"road02",[-2],[0,"Node.549",null,null,null,-1,0]],[5,"RootNode",1,[-3],[0,"Node.550",null,null,null,1,0]],[6,"Box023",2,[[7,-4,[8,"57QzBv+hJGgLrY9eSJF60x"],[0],[9],1]],[0,"Node.551",null,null,null,1,0],[3,-0.5000000447034801,-0.4999999552965158,-0.4999999552965158,0.5000000447034801],[1,2.53999996185303,2.53999996185303,2.53999996185303],[1,-90,-89.99998975471657,0]]],0,[0,2,1,0,-1,2,0,-1,3,0,3,3,0,4,1,4],[0,0],[-1,5],[2,3]]]]
