[1,["c4vg+YLvZLdr1V4Wujn3j9","93OmUxJZVAhZGjMH66cGHs@5d0b5","feMHifC8VN0I0QOX3PER0s@6c48a","1brw/JvvpFnIvdrxpFCgMZ"],["node","root","data","_mesh","mainTexture","_effectAsset"],[["cc.Node",["_name","_prefab","_children","_components","_parent","_lpos","_lrot","_lscale","_euler"],2,4,2,9,1,5,5,5,5],["cc.Mesh",["_native","_hash","_struct"],1,11],["cc.Prefab",["_name"],2],["e6d4fVD3pxJ7Y1Khf8fRUoa",["_name","maxSpeed","minSpeed","node","__prefab"],0,1,4],["cc.CompPrefabInfo",["fileId"],2],["cc.BoxCollider",["node","__prefab","_center","_size"],3,1,4,5,5],["cc.RigidBody",["_mass","_linearDamping","_angularDamping","_useGravity","node","__prefab"],-1,1,4],["cc.PrefabInfo",["fileId","instance","targetOverrides","nestedPrefabInstanceRoots","root","asset"],-1,1,1],["cc.MeshRenderer",["node","__prefab","_materials","bakeSettings","_mesh"],3,1,4,3,4,6],["cc.ModelBakeSettings",[],3],["cc.Material",["_name","_states","_defines","_props"],0,12]],[[4,0,2],[7,0,1,2,3,4,5,5],[0,0,4,2,1,2],[1,0,1,2,3],[2,0,2],[0,0,2,3,1,5,2],[0,0,4,3,1,6,7,8,2],[3,0,1,2,3,4,4],[5,0,1,2,3,1],[6,0,1,2,3,4,5,5],[8,0,1,2,3,4,1],[9,1],[10,0,1,2,3,4]],[[[[3,".bin",3795385331,[{"primitives":[{"primitiveMode":7,"vertexBundelIndices":[0],"indexView":{"offset":92576,"length":14412,"count":7206,"stride":2}}],"vertexBundles":[{"view":{"offset":0,"length":92576,"count":2893,"stride":32},"attributes":[{"name":"a_position","format":32,"isNormalized":false},{"name":"a_normal","format":32,"isNormalized":false},{"name":"a_texCoord","format":21,"isNormalized":false}]}]},"minPosition",8,[1,-0.004807741846889257,-0.009065194986760616,-0.000009350203981739469],"maxPosition",8,[1,0.004807741846889257,0.009213550947606564,0.01022884901612997]]],-1],0,0,[],[],[]],[[[4,"car202"],[5,"car202",[-5],[[7,"car<car>",0.3,0.02,-2,[0,"8cLGDWd/RGh6pMqrgoaPSW"]],[8,-3,[0,"c3KFonONZKn5Qxb2NZOFzf"],[1,0,0.4,0],[1,0.7,0.7,1.3]],[9,10,0,0,false,-4,[0,"5fVXhmoC5AD6edivXhG6At"]]],[1,"33Uhs1dolM3a6GcJG6G6wf",null,null,null,-1,0],[1,-1,0,45]],[2,"truck02",1,[-6],[1,"Node.833",null,null,null,1,0]],[2,"RootNode",2,[-7],[1,"Node.834",null,null,null,1,0]],[6,"car_005_0",3,[[10,-8,[0,"82rMqC2I1L/6HSjdZY3LXh"],[0],[11],1]],[1,"Node.835",null,null,null,1,0],[3,-5.338508038181781e-8,0.7071067811865455,0.7071067811865455,5.338508038181781e-8],[1,74.0360412597656,74.0360412597656,74.0360412597656],[1,-89.99999999999999,179.9999913485774,0]]],0,[0,1,1,0,0,1,0,0,1,0,0,1,0,-1,2,0,-1,3,0,-1,4,0,0,4,0,2,1,8],[0,0],[-1,3],[0,1]],[[[12,"blue",[{"blendState":{"targets":[{}]},"depthStencilState":{},"rasterizerState":{}}],[{"USE_ALBEDO_MAP":true,"ROUGHNESS_CHANNEL":"g","METALLIC_CHANNEL":"b","OCCLUSION_CHANNEL":"r"}],[[[{"occlusion":0,"roughness":0.70710676908493,"metallic":0.400000005960464,"alphaThreshold":1,"normalStrenth":1,"normalStrength":1},"albedoScale",8,[1,1,1,1],"pbrScale",8,[2,1,0.70710676908493,0.400000005960464,1],"mainTexture",6,0]],11]]],0,0,[0,0],[4,5],[2,3]]]]
