[1,["8eUXC4Ue9PZZlRsTrl3jAg","c7As3HwPpNz5SGNtlEYlKU@f29e8","c7As3HwPpNz5SGNtlEYlKU@9b25d","c7As3HwPpNz5SGNtlEYlKU@bdfac","c7As3HwPpNz5SGNtlEYlKU@e5185","c7As3HwPpNz5SGNtlEYlKU@59171","c7As3HwPpNz5SGNtlEYlKU@e2346","28OvcvllhHroo/r8V0XSKH","12Y9dMgWdJKJGmTiZyQR9H@2e76e","b9hGBrYF5MZKThth6+kNWP@6c48a","1brw/JvvpFnIvdrxpFCgMZ"],["node","_mesh","root","nodeGas","data","mainTexture","_effectAsset"],[["cc.Node",["_name","_prefab","_parent","_components","_lpos","_lrot","_lscale","_euler","_children"],2,4,1,9,5,5,5,5,2],["cc.MeshRenderer",["_shadowCastingMode","_name","node","__prefab","_materials","bakeSettings","_mesh"],1,1,4,3,4,6],["cc.Prefab",["_name"],2],["e6d4fVD3pxJ7Y1Khf8fRUoa",["_name","maxSpeed","minSpeed","node","__prefab","nodeGas"],0,1,4,1],["cc.CompPrefabInfo",["fileId"],2],["cc.BoxCollider",["node","__prefab","_center","_size"],3,1,4,5,5],["cc.RigidBody",["_mass","_linearDamping","_angularDamping","_useGravity","node","__prefab"],-1,1,4],["cc.PrefabInfo",["fileId","instance","targetOverrides","nestedPrefabInstanceRoots","root","asset"],-1,1,1],["cc.ModelBakeSettings",[],3],["cc.Material",["_name","_states","_defines","_props"],0,12],["cc.Mesh",["_native","_hash","_struct"],1,11]],[[4,0,2],[7,0,1,2,3,4,5,5],[8,1],[1,0,2,3,4,5,6,2],[10,0,1,2,3],[0,0,2,3,1,4,6,2],[2,0,2],[0,0,8,3,1,4,2],[0,0,2,8,1,2],[0,0,2,3,1,5,6,7,2],[0,0,2,3,1,4,5,6,7,2],[0,0,2,1,4,5,7,2],[3,0,1,2,3,4,5,4],[5,0,1,2,3,1],[6,0,1,2,3,4,5,5],[1,1,2,3,4,5,6,2],[9,0,1,2,3,4]],[[[[6,"car108"],[7,"car108",[-6,-7,-8],[[12,"car<car>",0.3,0.02,-3,[0,"94QBQd9PZG7pn1bNb3WslJ"],-2],[13,-4,[0,"d7Ww86MKBK4ai6uMJDTNtA"],[1,0,0.3,0],[1,0.6,0.5,1]],[14,10,0,0,false,-5,[0,"8co/kE+WVANaCl0uKam+bF"]]],[1,"33Uhs1dolM3a6GcJG6G6wf",null,null,null,-1,0],[1,-1,0,45]],[8,"RootNode",1,[-9,-10,-11,-12,-13,-14],[1,"Node.1008",null,null,null,1,0]],[9,"CityCar_01_005",2,[[3,1,-15,[0,"57UlogZCdJ/oEiOKf8DBDN"],[0],[2],1]],[1,"Node.1009",null,null,null,1,0],[3,0.7071067513842091,9.334147838055045e-15,-2.13540298316361e-7,0.7071068109888525],[1,-313.545288085938,-313.545288085938,-313.545288085938],[1,89.99999517032965,0.000017302843352886883,-0.00001730284329874329]],[10,"light1",2,[[3,1,-16,[0,"90JpxksoNCE6zVjGAmo+y0"],[2],[2],3]],[1,"Node.1010",null,null,null,1,0],[1,1.17517409137236e-7,0.205195784568787,0.495395749807358],[3,-1.6015522693459608e-7,0.7071068407911804,-0.7071067215818894,5.338505551282075e-8],[1,-313.545288085938,-313.545288085938,-313.545288085938],[1,89.99999034065503,-179.999991348578,-0.000017302842769238993]],[5,"tyre2",2,[[3,1,-17,[0,"5fk70DaflDbbLLp46PIxAa"],[4],[2],5]],[1,"Node.1011",null,null,null,1,0],[1,0.268910795450211,0.0946801155805588,0.337204456329346],[1,-313.545288085938,-313.545288085938,-313.545288085938]],[5,"tyre4",2,[[3,1,-18,[0,"75r0ksWGpGDoLB9sOiuGQi"],[6],[2],7]],[1,"Node.1012",null,null,null,1,0],[1,0.268910735845566,0.0946800708770752,-0.308667898178101],[1,-313.545288085938,-313.545288085938,-313.545288085938]],[5,"tyre1",2,[[3,1,-19,[0,"baeSKnV7BIF4ClFNtqAAAB"],[8],[2],9]],[1,"Node.1013",null,null,null,1,0],[1,-0.26930633187294,0.0946004837751389,0.337269246578217],[1,-313.545288085938,-313.545288085938,-313.545288085938]],[5,"tyre3",2,[[3,1,-20,[0,"26u/kiC2dIJKuibECfvGOg"],[10],[2],11]],[1,"Node.1014",null,null,null,1,0],[1,-0.269306302070618,0.0946005135774612,-0.308875620365143],[1,-313.545288085938,-313.545288085938,-313.545288085938]],[5,"light",1,[[15,"Plane<MeshRenderer>",-21,[0,"96uqszTHpJg5VJelL/JLiL"],[12],[2],13]],[1,"10F5cTK6RI+q7Hynq70NIc",null,null,null,1,0],[1,0,0.1,-1.1000000000000014],[1,0.08,0.1,0.1]],[11,"gas",1,[1,"21uxfv+dNIKrj/NloG0GlU",null,null,null,1,0],[1,0,0.1,0.7],[3,1,0,0,6.123233995736766e-17],[1,180,0,0]]],0,[0,2,1,0,3,10,0,0,1,0,0,1,0,0,1,0,-1,2,0,-2,9,0,-3,10,0,-1,3,0,-2,4,0,-3,5,0,-4,6,0,-5,7,0,-6,8,0,0,3,0,0,4,0,0,5,0,0,6,0,0,7,0,0,8,0,0,9,0,4,1,21],[0,0,0,0,0,0,0,0,0,0,0,0,0,0],[-1,1,-1,1,-1,1,-1,1,-1,1,-1,1,-1,1],[0,1,0,2,0,3,0,4,0,5,0,6,7,8]],[[[16,"carGreen",[{"rasterizerState":{},"depthStencilState":{},"blendState":{"targets":[{}]}},{},{}],[{"USE_ALBEDO_MAP":true},{},{}],[[[{"roughness":0.8,"metallic":0.6},"mainTexture",6,0],{},{}],11,0,0]]],0,0,[0,0],[5,6],[9,10]],[[[4,".bin",4194295348,[{"primitives":[{"primitiveMode":7,"vertexBundelIndices":[0],"indexView":{"offset":8320,"length":1200,"count":600,"stride":2}}],"vertexBundles":[{"view":{"offset":0,"length":8320,"count":208,"stride":40},"attributes":[{"name":"a_position","format":32,"isNormalized":false},{"name":"a_normal","format":32,"isNormalized":false},{"name":"a_texCoord","format":21,"isNormalized":false},{"name":"a_texCoord1","format":21,"isNormalized":false}]}]},"minPosition",8,[1,-0.00010758938151411712,-0.0002693662536330521,-0.00026936575886793435],"maxPosition",8,[1,0.00010758929420262575,0.000269365991698578,0.00026936575886793435]]],-1],0,0,[],[],[]],[[[4,".bin",962213050,[{"primitives":[{"primitiveMode":7,"vertexBundelIndices":[0],"indexView":{"offset":1840,"length":132,"count":66,"stride":2}}],"vertexBundles":[{"view":{"offset":0,"length":1840,"count":46,"stride":40},"attributes":[{"name":"a_position","format":32,"isNormalized":false},{"name":"a_normal","format":32,"isNormalized":false},{"name":"a_texCoord","format":21,"isNormalized":false},{"name":"a_texCoord1","format":21,"isNormalized":false}]}]},"minPosition",8,[1,-0.0009003401501104236,-0.001630810322239995,0.0004382500774227083],"maxPosition",8,[1,0.0009003400336951017,-0.001491854782216251,0.0008706246735528111]]],-1],0,0,[],[],[]],[[[4,".bin",4249798936,[{"primitives":[{"primitiveMode":7,"vertexBundelIndices":[0],"indexView":{"offset":8320,"length":1200,"count":600,"stride":2}}],"vertexBundles":[{"view":{"offset":0,"length":8320,"count":208,"stride":40},"attributes":[{"name":"a_position","format":32,"isNormalized":false},{"name":"a_normal","format":32,"isNormalized":false},{"name":"a_texCoord","format":21,"isNormalized":false},{"name":"a_texCoord1","format":21,"isNormalized":false}]}]},"minPosition",8,[1,-0.0001075894761015661,-0.000269366311840713,-0.0002693658752832562],"maxPosition",8,[1,0.00010758965072454885,0.0002693658752832562,0.0002693657297641039]]],-1],0,0,[],[],[]],[[[4,".bin",381957744,[{"primitives":[{"primitiveMode":7,"vertexBundelIndices":[0],"indexView":{"offset":8320,"length":1200,"count":600,"stride":2}}],"vertexBundles":[{"view":{"offset":0,"length":8320,"count":208,"stride":40},"attributes":[{"name":"a_position","format":32,"isNormalized":false},{"name":"a_normal","format":32,"isNormalized":false},{"name":"a_texCoord","format":21,"isNormalized":false},{"name":"a_texCoord1","format":21,"isNormalized":false}]}]},"minPosition",8,[1,-0.00010758938151411712,-0.0002693662536330521,-0.00026936575886793435],"maxPosition",8,[1,0.00010758929420262575,0.000269365991698578,0.00026936575886793435]]],-1],0,0,[],[],[]],[[[4,".bin",2113679888,[{"primitives":[{"primitiveMode":7,"vertexBundelIndices":[0],"indexView":{"offset":8320,"length":1200,"count":600,"stride":2}}],"vertexBundles":[{"view":{"offset":0,"length":8320,"count":208,"stride":40},"attributes":[{"name":"a_position","format":32,"isNormalized":false},{"name":"a_normal","format":32,"isNormalized":false},{"name":"a_texCoord","format":21,"isNormalized":false},{"name":"a_texCoord1","format":21,"isNormalized":false}]}]},"minPosition",8,[1,-0.00010758984717540443,-0.0002693661372177303,-0.000269365671556443],"maxPosition",8,[1,0.0001075890613719821,0.0002693660499062389,0.00026936590438708663]]],-1],0,0,[],[],[]],[[[4,".bin",3114146044,[{"primitives":[{"primitiveMode":7,"vertexBundelIndices":[0],"indexView":{"offset":106560,"length":14964,"count":7482,"stride":2}}],"vertexBundles":[{"view":{"offset":0,"length":106560,"count":2664,"stride":40},"attributes":[{"name":"a_position","format":32,"isNormalized":false},{"name":"a_normal","format":32,"isNormalized":false},{"name":"a_texCoord","format":21,"isNormalized":false},{"name":"a_texCoord1","format":21,"isNormalized":false}]}]},"minPosition",8,[1,-0.001005564583465457,-0.0016985179390758276,0.00024288802524097264],"maxPosition",8,[1,0.0010023202048614621,0.0016985179390758276,0.0016795177944004536]]],-1],0,0,[],[],[]]]]
