[1,["aaAh5Kcf9IZa/rjFsRBojd","acEFJGqnhJ8JiHOEcPHD4q@6c48a","1brw/JvvpFnIvdrxpFCgMZ","01FgTfTixMJ7gXKjDtPfki@f14ee","01FgTfTixMJ7gXKjDtPfki@14b6a","01FgTfTixMJ7gXKjDtPfki@8c383","01FgTfTixMJ7gXKjDtPfki@4166c","01FgTfTixMJ7gXKjDtPfki@6726b","01FgTfTixMJ7gXKjDtPfki@801a3","28OvcvllhHroo/r8V0XSKH","12Y9dMgWdJKJGmTiZyQR9H@2e76e"],["node","_mesh","mainTexture","_effectAsset","root","nodeGas","data"],[["cc.Node",["_name","_prefab","_lpos","_parent","_components","_children","_lrot","_lscale","_euler"],2,4,5,1,9,2,5,5,5],["cc.MeshRenderer",["_shadowCastingMode","_name","node","__prefab","_materials","bakeSettings","_mesh"],1,1,4,3,4,6],["cc.Material",["_name","_states","_defines","_props"],0,12],["cc.Prefab",["_name"],2],["e6d4fVD3pxJ7Y1Khf8fRUoa",["_name","maxSpeed","minSpeed","node","__prefab","nodeGas"],0,1,4,1],["cc.CompPrefabInfo",["fileId"],2],["cc.BoxCollider",["node","__prefab","_center","_size"],3,1,4,5,5],["cc.RigidBody",["_mass","_linearDamping","_angularDamping","_useGravity","node","__prefab"],-1,1,4],["cc.PrefabInfo",["fileId","instance","targetOverrides","nestedPrefabInstanceRoots","root","asset"],-1,1,1],["cc.ModelBakeSettings",[],3]],[[5,0,2],[8,0,1,2,3,4,5,5],[9,1],[0,0,3,4,1,2,7,2],[1,0,2,3,4,5,6,2],[0,0,3,4,1,2,6,7,8,2],[2,0,1,2,3,4],[3,0,2],[0,0,5,4,1,2,2],[0,0,3,5,1,2],[0,0,3,1,2,6,8,2],[4,0,1,2,3,4,5,4],[6,0,1,2,3,1],[7,0,1,2,3,4,5,5],[1,1,0,2,3,4,5,6,3],[1,1,2,3,4,5,6,2]],[[[[6,"carPurple",[{"blendState":{"targets":[{}]},"depthStencilState":{},"rasterizerState":{}},{"blendState":{"targets":[{}]},"depthStencilState":{},"rasterizerState":{}}],[{"USE_ALBEDO_MAP":true,"OCCLUSION_CHANNEL":"b","ROUGHNESS_CHANNEL":"r","METALLIC_CHANNEL":"g"},{}],[[[{"occlusion":0,"roughness":0.8,"metallic":0.6},"mainTexture",6,0],{}],11,0]]],0,0,[0,0],[2,3],[1,2]],[[[7,"car105"],[8,"car105",[-6,-7,-8],[[11,"car<car>",0.2,0.02,-3,[0,"e89zS1/thGv610DzOYUr7o"],-2],[12,-4,[0,"2ce/GvjyZFlZXffGQPE+jh"],[1,0,0.3,0],[1,0.6,0.5,1]],[13,10,0,0,false,-5,[0,"00gfKKHVlOb75W8gmP94oj"]]],[1,"33Uhs1dolM3a6GcJG6G6wf",null,null,null,-1,0],[1,-1,0,45]],[9,"RootNode",1,[-9,-10,-11,-12,-13,-14],[1,"Node.779",null,null,null,1,0]],[5,"taxi03",2,[[4,1,-15,[0,"75o0XbR3FDxZ0ZlCtnHtWG"],[0],[2],1]],[1,"Node.780",null,null,null,1,0],[1,0.00915951654314995,2.46519027371436e-34,-0.0337550267577171],[3,5.3385076829104055e-8,0.7071067811865455,0.7071067811865455,-5.3385076829104055e-8],[1,61.8082542419434,53.7873191833496,53.7873191833496],[1,-89.99999999999999,-179.99999134857796,0]],[5,"light1",2,[[4,1,-16,[0,"d3h4O9crBK5q/WXoFhbf8P"],[2],[2],3]],[1,"Node.781",null,null,null,1,0],[1,0.00915959384292364,0.190721854567528,0.47151517868042],[3,5.3385076829104055e-8,0.7071067811865455,0.7071067811865455,-5.3385076829104055e-8],[1,61.8082542419434,53.7873191833496,53.7873191833496],[1,-89.99999999999999,-179.99999134857796,0]],[3,"tyre1",2,[[14,"tyre1<MeshRenderer>",1,-17,[0,"dbMqnBXU5PCavt2mj+Arw+"],[4],[2],5]],[1,"Node.782",null,null,null,1,0],[1,0.215133,0.09738489985466,0.215250968933105],[1,61.8082542419434,53.7873191833496,53.7873191833496]],[3,"tyre2",2,[[4,1,-18,[0,"952xs8lrREv7mhDzESCamG"],[6],[2],7]],[1,"Node.783",null,null,null,1,0],[1,-0.233452,0.09738489985466,0.215250909328461],[1,61.8082542419434,53.7873191833496,53.7873191833496]],[3,"tyre3",2,[[4,1,-19,[0,"88UAO7rVJDmaf/+gYogurs"],[8],[2],9]],[1,"Node.784",null,null,null,1,0],[1,0.215133,0.0973849147558212,-0.274055600166321],[1,61.8082542419434,53.7873191833496,53.7873191833496]],[3,"tyre4",2,[[4,1,-20,[0,"4by7KkY3pJpZcoD+kCztv+"],[10],[2],11]],[1,"Node.785",null,null,null,1,0],[1,-0.233452,0.0973849147558212,-0.274055659770966],[1,61.8082542419434,53.7873191833496,53.7873191833496]],[10,"gas",1,[1,"b91lITCbpLQYIyNIxdKbIj",null,null,null,1,0],[1,0,0.1,0.7],[3,1,0,0,6.123233995736766e-17],[1,180,0,0]],[3,"light",1,[[15,"Plane<MeshRenderer>",-21,[0,"fcL7u2MfJNlp1Q2uS5bP7l"],[12],[2],13]],[1,"b2mueAZqtDyIzRuuO6cyOT",null,null,null,1,0],[1,0,0.1,-1.05],[1,0.08,0.1,0.1]]],0,[0,4,1,0,5,9,0,0,1,0,0,1,0,0,1,0,-1,2,0,-2,9,0,-3,10,0,-1,3,0,-2,4,0,-3,5,0,-4,6,0,-5,7,0,-6,8,0,0,3,0,0,4,0,0,5,0,0,6,0,0,7,0,0,8,0,0,10,0,6,1,21],[0,0,0,0,0,0,0,0,0,0,0,0,0,0],[-1,1,-1,1,-1,1,-1,1,-1,1,-1,1,-1,1],[0,3,0,4,0,5,0,6,0,7,0,8,9,10]]]]
