[1,["3ckg9TMoBCyb2QWbZ+qN0Q@6c48a"],["_textureSource"],["cc.SpriteFrame"],0,[{"name":"head2","rect":{"x":3,"y":3,"width":97,"height":132},"offset":{"x":0,"y":-1.5},"originalSize":{"width":103,"height":135},"rotated":false,"capInsets":[0,0,0,0],"vertices":{"rawPosition":[-48.5,-66,0,48.5,-66,0,-48.5,66,0,48.5,66,0],"indexes":[0,1,2,2,1,3],"uv":[3,132,100,132,3,0,100,0],"nuv":[0.02912621359223301,0,0.970873786407767,0,0.02912621359223301,0.9777777777777777,0.970873786407767,0.9777777777777777],"minPos":{"x":-48.5,"y":-66,"z":0},"maxPos":{"x":48.5,"y":66,"z":0}},"packable":true,"pixelsToUnit":100,"pivot":{"x":0.5,"y":0.5},"meshType":0}],[0],0,[0],[0],[0]]
