[1,["eagVV2FxRIkoZvO4ccnWbO","f3UX+LFIJCV6gfoa+3n0mo@3550d","f3UX+LFIJCV6gfoa+3n0mo@baec1","f3UX+LFIJCV6gfoa+3n0mo@42db1","f3UX+LFIJCV6gfoa+3n0mo@a0021","f3UX+LFIJCV6gfoa+3n0mo@66d6e","f3UX+LFIJCV6gfoa+3n0mo@ec2bd","28OvcvllhHroo/r8V0XSKH","12Y9dMgWdJKJGmTiZyQR9H@2e76e","bal8BpfwtPx5+3IeyU3rDd@6c48a","1brw/JvvpFnIvdrxpFCgMZ"],["node","_mesh","root","nodeGas","data","mainTexture","_effectAsset"],[["cc.Node",["_name","_prefab","_parent","_components","_lrot","_lscale","_euler","_lpos","_children"],2,4,1,9,5,5,5,5,2],["cc.MeshRenderer",["_shadowCastingMode","_name","node","__prefab","_materials","bakeSettings","_mesh"],1,1,4,3,4,6],["cc.Prefab",["_name"],2],["e6d4fVD3pxJ7Y1Khf8fRUoa",["_name","maxSpeed","minSpeed","node","__prefab","nodeGas"],0,1,4,1],["cc.CompPrefabInfo",["fileId"],2],["cc.BoxCollider",["node","__prefab","_center","_size"],3,1,4,5,5],["cc.RigidBody",["_mass","_linearDamping","_angularDamping","_useGravity","node","__prefab"],-1,1,4],["cc.PrefabInfo",["fileId","instance","targetOverrides","nestedPrefabInstanceRoots","root","asset"],-1,1,1],["cc.ModelBakeSettings",[],3],["cc.Material",["_name","_states","_defines","_props"],0,12],["cc.Mesh",["_native","_hash","_struct"],1,11]],[[4,0,2],[7,0,1,2,3,4,5,5],[8,1],[1,0,2,3,4,5,6,2],[10,0,1,2,3],[0,0,2,3,1,7,5,2],[2,0,2],[0,0,8,3,1,2],[0,0,2,8,1,2],[0,0,2,3,1,4,5,6,2],[0,0,2,3,1,7,4,5,6,2],[0,0,2,1,7,4,6,2],[3,0,1,2,3,4,5,4],[5,0,1,2,3,1],[6,0,1,2,3,4,5,5],[1,1,2,3,4,5,6,2],[9,0,1,2,3,4]],[[[[6,"car114"],[7,"car114",[-6,-7,-8],[[12,"car<car>",0.3,0.02,-3,[0,"75EzVCKDNC6r1lH7sBGri7"],-2],[13,-4,[0,"243EL0y4pDyq6+Eqy+BO7p"],[1,0,0.3,0],[1,0.6,0.5,1.2]],[14,10,0,0,false,-5,[0,"45G7E9Sd9F/akEFxQlvO7m"]]],[1,"33Uhs1dolM3a6GcJG6G6wf",null,null,null,-1,0]],[8,"RootNode",1,[-9,-10,-11,-12,-13,-14],[1,"Node.827",null,null,null,1,0]],[9,"taxi08",2,[[3,1,-15,[0,"011ElKXe9LwpgzJJhvx3kv"],[0],[2],1]],[1,"Node.828",null,null,null,1,0],[3,-0.7071067811865475,0,0,0.7071067811865477],[1,2.53999996185303,2.53999996185303,2.53999996185303],[1,-89.99999999999999,0,0]],[10,"light1",2,[[3,1,-16,[0,"efN1gkpH9N6pO1oz8z/vPZ"],[2],[2],3]],[1,"Node.829",null,null,null,1,0],[1,0.00154258997645229,0.278005510568619,0.554035782814026],[3,-0.7071067811865476,0,0,0.7071067811865476],[1,2.53999996185303,2.53999996185303,2.53999996185303],[1,-90.00000000000003,0,0]],[5,"tyre1",2,[[3,1,-17,[0,"dd9yoVGzNMKZy6UH9wIRah"],[4],[2],5]],[1,"Node.830",null,null,null,1,0],[1,-0.239371091127396,0.108000390231609,0.334984689950943],[1,2.53999996185303,2.53999996185303,2.53999996185303]],[5,"tyre2",2,[[3,1,-18,[0,"4bTRUxyhlHJoaa8vPIMFAo"],[6],[2],7]],[1,"Node.831",null,null,null,1,0],[1,0.241492450237274,0.108000382781029,0.334984302520752],[1,2.53999996185303,2.53999996185303,2.53999996185303]],[5,"tyre3",2,[[3,1,-19,[0,"ac9sGFundLNJ+FGycv3U8I"],[8],[2],9]],[1,"Node.832",null,null,null,1,0],[1,-0.232472777366638,0.103943504393101,-0.38968214392662],[1,2.53999996185303,2.53999996185303,2.53999996185303]],[5,"tyre4",2,[[3,1,-20,[0,"39WzbdIBhHZ4eoNgWjEFjb"],[10],[2],11]],[1,"Node.833",null,null,null,1,0],[1,0.23459281027317,0.103943504393101,-0.389682650566101],[1,2.53999996185303,2.53999996185303,2.53999996185303]],[5,"light",1,[[15,"Plane<MeshRenderer>",-21,[0,"e6k1z+vGFP8aGHDnbYG/m9"],[12],[2],13]],[1,"10F5cTK6RI+q7Hynq70NIc",null,null,null,1,0],[1,0,0.1,-1.1000000000000014],[1,0.08,0.1,0.1]],[11,"gas",1,[1,"21uxfv+dNIKrj/NloG0GlU",null,null,null,1,0],[1,0,0.1,0.7],[3,1,0,0,6.123233995736766e-17],[1,180,0,0]]],0,[0,2,1,0,3,10,0,0,1,0,0,1,0,0,1,0,-1,2,0,-2,9,0,-3,10,0,-1,3,0,-2,4,0,-3,5,0,-4,6,0,-5,7,0,-6,8,0,0,3,0,0,4,0,0,5,0,0,6,0,0,7,0,0,8,0,0,9,0,4,1,21],[0,0,0,0,0,0,0,0,0,0,0,0,0,0],[-1,1,-1,1,-1,1,-1,1,-1,1,-1,1,-1,1],[0,1,0,2,0,3,0,4,0,5,0,6,7,8]],[[[16,"carBlack",[{"blendState":{"targets":[{}]},"depthStencilState":{},"rasterizerState":{}}],[{"USE_ALBEDO_MAP":true,"ROUGHNESS_CHANNEL":"g","METALLIC_CHANNEL":"b","OCCLUSION_CHANNEL":"r"}],[[[{"occlusion":0,"roughness":0.70710676908493,"metallic":0.400000005960464,"alphaThreshold":1,"normalStrenth":1,"normalStrength":1},"albedoScale",8,[1,1,1,1],"pbrScale",8,[2,1,0.70710676908493,0.400000005960464,1],"mainTexture",6,0]],11]]],0,0,[0,0],[5,6],[9,10]],[[[4,".bin",3881579197,[{"primitives":[{"primitiveMode":7,"vertexBundelIndices":[0],"indexView":{"offset":58608,"length":6144,"count":3072,"stride":2}}],"vertexBundles":[{"view":{"offset":0,"length":58608,"count":1221,"stride":48},"attributes":[{"name":"a_position","format":32,"isNormalized":false},{"name":"a_normal","format":32,"isNormalized":false},{"name":"a_texCoord","format":21,"isNormalized":false},{"name":"a_tangent","format":44,"isNormalized":false}]}]},"minPosition",8,[1,-0.12560230493545532,-0.2527138888835907,0.03033832460641861],"maxPosition",8,[1,0.12560231983661652,0.25290781259536743,0.18666478991508484]]],-1],0,0,[],[],[]],[[[4,".bin",3452913143,[{"primitives":[{"primitiveMode":7,"vertexBundelIndices":[0],"indexView":{"offset":3168,"length":240,"count":120,"stride":2}}],"vertexBundles":[{"view":{"offset":0,"length":3168,"count":66,"stride":48},"attributes":[{"name":"a_position","format":32,"isNormalized":false},{"name":"a_normal","format":32,"isNormalized":false},{"name":"a_texCoord","format":21,"isNormalized":false},{"name":"a_tangent","format":44,"isNormalized":false}]}]},"minPosition",8,[1,-0.017203256487846375,-0.04264717549085617,-0.0430857352912426],"maxPosition",8,[1,0.017203301191329956,0.04264717176556587,0.043085720390081406]]],-1],0,0,[],[],[]],[[[4,".bin",4002051297,[{"primitives":[{"primitiveMode":7,"vertexBundelIndices":[0],"indexView":{"offset":3168,"length":240,"count":120,"stride":2}}],"vertexBundles":[{"view":{"offset":0,"length":3168,"count":66,"stride":48},"attributes":[{"name":"a_position","format":32,"isNormalized":false},{"name":"a_normal","format":32,"isNormalized":false},{"name":"a_texCoord","format":21,"isNormalized":false},{"name":"a_tangent","format":44,"isNormalized":false}]}]},"minPosition",8,[1,-0.01673990860581398,-0.041498392820358276,-0.04192502796649933],"maxPosition",8,[1,0.01673983223736286,0.04149814695119858,0.04192497581243515]]],-1],0,0,[],[],[]],[[[4,".bin",1078494259,[{"primitives":[{"primitiveMode":7,"vertexBundelIndices":[0],"indexView":{"offset":3168,"length":240,"count":120,"stride":2}}],"vertexBundles":[{"view":{"offset":0,"length":3168,"count":66,"stride":48},"attributes":[{"name":"a_position","format":32,"isNormalized":false},{"name":"a_normal","format":32,"isNormalized":false},{"name":"a_texCoord","format":21,"isNormalized":false},{"name":"a_tangent","format":44,"isNormalized":false}]}]},"minPosition",8,[1,-0.017203330993652344,-0.042647164314985275,-0.04308571666479111],"maxPosition",8,[1,0.017203273251652718,0.04264720529317856,0.043085746467113495]]],-1],0,0,[],[],[]],[[[4,".bin",3040818389,[{"primitives":[{"primitiveMode":7,"vertexBundelIndices":[0],"indexView":{"offset":960,"length":108,"count":54,"stride":2}}],"vertexBundles":[{"view":{"offset":0,"length":960,"count":20,"stride":48},"attributes":[{"name":"a_position","format":32,"isNormalized":false},{"name":"a_normal","format":32,"isNormalized":false},{"name":"a_texCoord","format":21,"isNormalized":false},{"name":"a_tangent","format":44,"isNormalized":false}]}]},"minPosition",8,[1,-0.10110805183649063,-0.019984092563390732,-0.02536258101463318],"maxPosition",8,[1,0.101020447909832,0.019984101876616478,0.02536260522902012]]],-1],0,0,[],[],[]],[[[4,".bin",2661023758,[{"primitives":[{"primitiveMode":7,"vertexBundelIndices":[0],"indexView":{"offset":3168,"length":240,"count":120,"stride":2}}],"vertexBundles":[{"view":{"offset":0,"length":3168,"count":66,"stride":48},"attributes":[{"name":"a_position","format":32,"isNormalized":false},{"name":"a_normal","format":32,"isNormalized":false},{"name":"a_texCoord","format":21,"isNormalized":false},{"name":"a_tangent","format":44,"isNormalized":false}]}]},"minPosition",8,[1,-0.01673983596265316,-0.041498374193906784,-0.041924986988306046],"maxPosition",8,[1,0.01673978753387928,0.04149814695119858,0.04192502424120903]]],-1],0,0,[],[],[]]]]
