[1,["07Bq8qyHpL8Z2Bx8+eJbOS","a0D4ngR0FAOrLrwm4LHH9A","20q3kNiSVL8Ii0pfltABoS","49XBO6XatJfrZex+/1A8bi"],["value","_textureSetter"],["cc.SpriteFrame",["cc.AnimationClip",["_name","_duration","speed","wrapMode","curveData"],-2],["cc.AnimationClip",["_name","_duration","speed","wrapMode","curveData"],-1,11]],[[1,0,1,2,3,4,6],[2,0,1,2,3,4,5]],[[[{"name":"bird2","rect":[377,950,86,60],"offset":[0,0],"originalSize":[86,60],"capInsets":[0,0,0,0]}],[0],0,[0],[1],[0]],[[{"name":"bird3","rect":[465,950,86,60],"offset":[0,0],"originalSize":[86,60],"capInsets":[0,0,0,0]}],[0],0,[0],[1],[0]],[[[0,"birdFlapping",0.6666666666666666,0.9,2,{"props":{"y":[{"frame":0,"value":70},{"frame":0.3333333333333333,"value":90},{"frame":0.6666666666666666,"value":70}]}}]],0,0,[],[],[]],[[{"name":"bird1","rect":[289,950,86,60],"offset":[0,0],"originalSize":[86,60],"capInsets":[0,0,0,0]}],[0],0,[0],[1],[0]],[[[1,"birdWing",0.5166666666666667,2,2,[{},"comps",11,[{},"cc.Sprite",11,[{},"spriteFrame",12,[[[{"frame":0},"value",6,0],[{"frame":0.16666666666666666},"value",6,1],[{"frame":0.3333333333333333},"value",6,2],[{"frame":0.5},"value",6,3]],11,11,11,11]]]]]],0,0,[0,0,0,0],[0,0,0,0],[1,2,3,1]]]]