[1,["ecpdLyjvZBwrvm+cedCcQy","97fP6bIcdJjrBgVBgAURqL","e97GVMl6JHh5Ml5qEDdSGa","b58PO/tPlEUZGMn3JTbO9n","29FYIk+N1GYaeWH/q1NxQO","71VhFCTINJM6/Ky3oX9nBT","f0BIwQ8D5Ml7nTNQbh1YlS","c4Dwdc0c5MjKlJU0zhI3/R","b4P/PCArtIdIH38t6mlw8Y","e8Ueib+qJEhL6mXAHdnwbi"],["node","_textureSetter","_N$file","_parent","_spriteFrame","_N$target","target","_N$pressedSprite","_N$hoverSprite","_N$disabledSprite","scene","_N$normalSprite"],[["cc.Node",["_name","_id","_opacity","_components","_contentSize","_parent","_trs","_color","_children"],0,9,5,1,7,5,2],["cc.Widget",["_alignFlags","_top","_originalWidth","_originalHeight","alignMode","_left","_right","_bottom","node"],-5,1],"cc.SpriteFrame",["cc.Sprite",["_sizeMode","_type","_fillRange","node","_materials","_spriteFrame"],0,1,3,6],["cc.Label",["_string","_fontSize","_isSystemFontUsed","_N$horizontalAlign","_N$verticalAlign","_enableWrapText","_N$overflow","_lineHeight","node","_materials","_N$file"],-5,1,3,6],["cc.Button",["zoomScale","_N$transition","node","clickEvents","_N$pressedColor","_N$disabledColor","_N$target","_N$pressedSprite","_N$hoverSprite","_N$disabledSprite","_N$normalColor","_N$hoverColor","_N$normalSprite"],1,1,9,5,5,1,6,6,6,5,5,6],["cc.SceneAsset",["_name","asyncLoadAssets"],1],["cc.Canvas",["node","_designResolution"],3,1,5],["cc.ClickEvent",["_componentId","handler","target"],1,1],["28d22NtPmxBobTFoJ0BfiaM",["node","loadingBg"],3,1,1],["cc.Scene",["_name","autoReleaseAssets","_children","_anchorPoint","_trs"],1,2,5,7],["cc.Camera",["_clearFlags","_depth","node"],1,1]],[[1,0,8,2],[0,0,5,8,3,7,4,6,2],[0,0,5,3,4,2],[8,0,1,2,3],[4,0,1,5,2,3,4,6,8,9,10,8],[6,0,1,3],[0,0,1,8,3,7,4,6,3],[0,0,2,3,7,4,3],[0,0,1,3,6,3],[0,0,5,8,3,4,2],[0,0,5,3,7,4,2],[0,0,5,3,7,4,6,2],[0,0,5,3,4,6,2],[0,0,5,3,6,2],[7,0,1,1],[1,4,0,5,6,1,7,2,3,8,9],[1,0,6,1,8,4],[1,0,2,3,8,4],[1,0,1,8,3],[1,0,5,7,8,4],[1,4,0,2,3,8,5],[3,1,0,2,3,4,5,4],[3,1,0,3,4,5,3],[3,0,3,4,5,2],[5,0,1,2,3,10,4,11,5,6,7,8,9,3],[5,0,1,2,3,4,5,6,12,7,8,9,3],[9,0,1,1],[10,0,1,2,3,4,3],[4,0,1,2,8,9,10,4],[4,0,1,7,2,3,4,8,9,10,7],[11,0,1,2,3]],[[[{"name":"default_btn_disabled","rect":[0,0,40,40],"offset":[0,0],"originalSize":[40,40],"capInsets":[12,12,12,12]}],[2],0,[0],[1],[5]],[[[5,"aircraft_war_start",null],[6,"Canvas","a286bbGknJLZpRpxROV6M94",[-3,-4,-5,-6,-7,-8,-9],[[14,-1,[5,375,750]],[0,45,-2]],[4,4294769916],[5,375,750],[187.5,375,0,0,0,0,1,1,1,1]],[1,"gameStart",1,[-15],[[21,1,0,1,-10,[4],5],[24,0.95,3,-13,[[3,"28d22NtPmxBobTFoJ0BfiaM","startGame",-12]],[4,4291480004],[4,4291480004],[4,4291480004],[4,4291480004],-11,6,7,8],[15,0,17,205,235,300,525,200,50,-14]],[4,4290292851],[5,150,40],[0,55,0,0,0,0,1,1,1,1]],[1,"back",1,[-21],[[22,1,0,-16,[11],12],[25,0.95,3,-19,[[3,"28d22NtPmxBobTFoJ0BfiaM","backList",-18]],[4,4294967295],[4,4294967295],-17,13,14,15,16],[16,17,112.5,360,-20]],[4,4290292851],[5,150,40],[0,-5,0,0,0,0,1,1,1,1]],[7,"AwMaskbg",200,[[23,0,-22,[0],1],[17,45,100,750,-23]],[4,4280427042],[5,375,750]],[8,"start","2a752Y9oWFEqbckayRaztqN",[[26,-24,4]],[187.5,375,0,0,0,0,1,1,1,1]],[27,"New Node",true,[1,5],[0,0,0],[0,0,0,0,0,0,1,1,1,1]],[9,"loadingMask",1,[4],[[0,45,-25]],[5,375,750]],[10,"Label",2,[[4,"START",20,false,false,1,1,1,-26,[2],3],[0,1,-27]],[4,4294309365],[5,150,40]],[11,"label",1,[[28,"AIRCRAFT WAR",28,false,-28,[17],18],[18,17,106.66500000000002,-29]],[4,4285387007],[5,213.89,40],[0,248.33499999999998,0,0,0,0,1,1,1,1]],[12,"desc",1,[[29,"Left or right sliding control aircraft",11,20,false,1,1,-30,[19],20],[19,12,10,5,-31]],[5,175.39,20],[-89.805,-360,0,0,0,0,1,1,1,1]],[13,"Main Camera",1,[[30,7,-1,-32]],[0,0,530.0075471160765,0,0,0,1,1,1,1]],[2,"background",1,[[20,0,45,200,150,-33]],[5,375,750]],[2,"Label",3,[[4,"BACK",20,false,false,1,1,1,-34,[9],10]],[5,150,40]]],0,[0,0,1,0,0,1,0,-1,11,0,-2,12,0,-3,7,0,-4,2,0,-5,3,0,-6,9,0,-7,10,0,0,2,0,5,2,0,6,5,0,0,2,0,0,2,0,-1,8,0,0,3,0,5,3,0,6,5,0,0,3,0,0,3,0,-1,13,0,0,4,0,0,4,0,0,5,0,0,7,0,0,8,0,0,8,0,0,9,0,0,9,0,0,10,0,0,10,0,0,11,0,0,12,0,0,13,0,10,6,1,3,6,4,3,7,5,3,6,34],[0,0,0,0,0,0,0,0,0,0,0,0,0,0,0,0,0,0,0,0,0],[-1,4,-1,2,-1,4,7,8,9,-1,2,-1,4,11,7,8,9,-1,2,-1,2],[0,3,0,1,0,3,2,2,4,0,1,0,3,6,2,2,4,0,1,0,1]],[[{"name":"mask_bg_ar","rect":[0,0,4,4],"offset":[0,0],"originalSize":[4,4],"capInsets":[0,0,0,0]}],[2],0,[0],[1],[7]],[[{"name":"default_btn_pressed","rect":[0,0,40,40],"offset":[0,0],"originalSize":[40,40],"capInsets":[12,12,12,12]}],[2],0,[0],[1],[8]],[[{"name":"default_btn_normal","rect":[0,0,40,40],"offset":[0,0],"originalSize":[40,40],"capInsets":[12,12,12,12]}],[2],0,[0],[1],[9]]]]