[1,["48ohBVzb5N0593042KBh9K@0bac0","1brw/JvvpFnIvdrxpFCgMZ","48ohBVzb5N0593042KBh9K@442db","48ohBVzb5N0593042KBh9K@eb794","48ohBVzb5N0593042KBh9K@c372b","48ohBVzb5N0593042KBh9K@40572","48ohBVzb5N0593042KBh9K@a8fa3","48ohBVzb5N0593042KBh9K@6eeec","48ohBVzb5N0593042KBh9K@c75d3","48ohBVzb5N0593042KBh9K@207a8"],["node","_mesh","mainTexture","_effectAsset","root","data"],[["cc.Node",["_name","_prefab","_parent","_children","_components","_lrot","_lscale","_euler","_lpos"],2,4,1,2,9,5,5,5,5],["cc.Material",["_name","_states","_defines","_props"],0,12],["cc.Mesh",["_native","_hash","_struct"],1,11],["cc.Prefab",["_name"],2],["cc.PrefabInfo",["fileId","instance","targetOverrides","nestedPrefabInstanceRoots","root","asset"],-1,1,1],["cc.MeshRenderer",["node","__prefab","_materials","bakeSettings","_mesh"],3,1,4,3,4,6],["cc.CompPrefabInfo",["fileId"],2],["cc.ModelBakeSettings",[],3]],[[4,0,1,2,3,4,5,5],[2,0,1,2,3],[5,0,1,2,3,4,1],[6,0,2],[7,1],[0,0,2,4,1,8,5,6,7,2],[1,0,1,2,3,4],[3,0,2],[0,0,3,1,2],[0,0,2,3,1,2],[0,0,2,4,1,5,6,7,2]],[[[[6,"Material #87",[{"rasterizerState":{},"blendState":{"targets":[{}]},"depthStencilState":{}}],[{"USE_ALBEDO_MAP":true}],[[[{"metallic":0.400000005960464,"roughness":0.70710676908493},"albedoScale",8,[1,1,1,1],"mainTexture",6,0]],11]]],0,0,[0,0],[2,3],[2,1]],[[[1,".bin",1282249409,[{"primitives":[{"primitiveMode":7,"vertexBundelIndices":[0],"indexView":{"offset":1536,"length":180,"count":90,"stride":2}}],"vertexBundles":[{"view":{"offset":0,"length":1536,"count":48,"stride":32},"attributes":[{"name":"a_position","format":32,"isNormalized":false},{"name":"a_normal","format":32,"isNormalized":false},{"name":"a_texCoord","format":21,"isNormalized":false}]}]},"minPosition",8,[1,-0.3937007784843445,-0.3937007784843445,0],"maxPosition",8,[1,0.3937007784843445,0.3937007784843445,0.013779527507722378]]],-1],0,0,[],[],[]],[[[1,".bin",3596396028,[{"primitives":[{"primitiveMode":7,"vertexBundelIndices":[0],"indexView":{"offset":3200,"length":300,"count":150,"stride":2}}],"vertexBundles":[{"view":{"offset":0,"length":3200,"count":100,"stride":32},"attributes":[{"name":"a_position","format":32,"isNormalized":false},{"name":"a_normal","format":32,"isNormalized":false},{"name":"a_texCoord","format":21,"isNormalized":false}]}]},"minPosition",8,[1,-0.3937007784843445,-0.3937007784843445,0],"maxPosition",8,[1,0.3937007784843445,0.3937007784843445,0.013779527507722378]]],-1],0,0,[],[],[]],[[[1,".bin",2017125618,[{"primitives":[{"primitiveMode":7,"vertexBundelIndices":[0],"indexView":{"offset":1536,"length":180,"count":90,"stride":2}}],"vertexBundles":[{"view":{"offset":0,"length":1536,"count":48,"stride":32},"attributes":[{"name":"a_position","format":32,"isNormalized":false},{"name":"a_normal","format":32,"isNormalized":false},{"name":"a_texCoord","format":21,"isNormalized":false}]}]},"minPosition",8,[1,-0.3937007784843445,-0.3937007784843445,0],"maxPosition",8,[1,0.3937007784843445,0.3937007784843445,0.013779527507722378]]],-1],0,0,[],[],[]],[[[1,".bin",1282249409,[{"primitives":[{"primitiveMode":7,"vertexBundelIndices":[0],"indexView":{"offset":1536,"length":180,"count":90,"stride":2}}],"vertexBundles":[{"view":{"offset":0,"length":1536,"count":48,"stride":32},"attributes":[{"name":"a_position","format":32,"isNormalized":false},{"name":"a_normal","format":32,"isNormalized":false},{"name":"a_texCoord","format":21,"isNormalized":false}]}]},"minPosition",8,[1,-0.3937007784843445,-0.3937007784843445,0],"maxPosition",8,[1,0.3937007784843445,0.3937007784843445,0.013779527507722378]]],-1],0,0,[],[],[]],[[[6,"Material #88",[{"rasterizerState":{},"blendState":{"targets":[{}]},"depthStencilState":{}}],[{"USE_ALBEDO_MAP":true}],[[[{"metallic":0.400000005960464,"roughness":0.70710676908493},"albedoScale",8,[1,1,1,1],"mainTexture",6,0]],11]]],0,0,[0,0],[2,3],[3,1]],[[[1,".bin",3413861653,[{"primitives":[{"primitiveMode":7,"vertexBundelIndices":[0],"indexView":{"offset":1536,"length":180,"count":90,"stride":2}}],"vertexBundles":[{"view":{"offset":0,"length":1536,"count":48,"stride":32},"attributes":[{"name":"a_position","format":32,"isNormalized":false},{"name":"a_normal","format":32,"isNormalized":false},{"name":"a_texCoord","format":21,"isNormalized":false}]}]},"minPosition",8,[1,-0.3937007784843445,-0.3937007784843445,0],"maxPosition",8,[1,0.3937007784843445,0.3937007784843445,0.013779527507722378]]],-1],0,0,[],[],[]],[[[7,"road03"],[8,"road03",[-2],[0,"Node.552",null,null,null,-1,0]],[9,"RootNode",1,[-3,-4,-5,-6,-7],[0,"Node.553",null,null,null,1,0]],[10,"Box023",2,[[2,-8,[3,"4cXnGLcsxLmIB54eJm3Kum"],[0],[4],1]],[0,"Node.554",null,null,null,1,0],[3,-0.5000000447034801,-0.4999999552965158,-0.4999999552965158,0.5000000447034801],[1,2.53999996185303,2.53999996185303,2.53999996185303],[1,-90,-89.99998975471657,0]],[5,"Box042",2,[[2,-9,[3,"c0tWGCdTZFUZUgMoRveYdm"],[2],[4],3]],[0,"Node.555",null,null,null,1,0],[1,6.31088710070877e-32,0,2],[3,-0.5000000447034801,-0.4999999552965158,-0.4999999552965158,0.5000000447034801],[1,2.53999996185303,2.53999996185303,2.53999996185303],[1,-90,-89.99998975471657,0]],[5,"Box043",2,[[2,-10,[3,"5cTY3vEClJl5djNdGEDrRh"],[4],[4],5]],[0,"Node.556",null,null,null,1,0],[1,-2,0,9.26096828091777e-23],[3,-1.1520232076718429e-7,0.7071067811865381,0.7071067811865381,1.1520232076718429e-7],[1,2.53999996185303,2.53999996185303,2.53999996185303],[1,-90,179.99998133066478,0]],[5,"Box047",2,[[2,-11,[3,"adRx/cFbNEqJ/JBn+VE9/k"],[6],[4],7]],[0,"Node.557",null,null,null,1,0],[1,2,0,-9.26096828091777e-23],[3,-1.1520232076718429e-7,0.7071067811865381,0.7071067811865381,1.1520232076718429e-7],[1,2.53999996185303,2.53999996185303,2.53999996185303],[1,-90,179.99998133066478,0]],[5,"Box050",2,[[2,-12,[3,"65V9IfF21AsZVrGZKu7YgH"],[8],[4],9]],[0,"Node.558",null,null,null,1,0],[1,-6.31088710070877e-32,0,-2],[3,-0.5000000447034801,-0.4999999552965158,-0.4999999552965158,0.5000000447034801],[1,2.53999996185303,2.53999996185303,2.53999996185303],[1,-90,-89.99998975471657,0]]],0,[0,4,1,0,-1,2,0,-1,3,0,-2,4,0,-3,5,0,-4,6,0,-5,7,0,0,3,0,0,4,0,0,5,0,0,6,0,0,7,0,5,1,12],[0,0,0,0,0,0,0,0,0,0],[-1,1,-1,1,-1,1,-1,1,-1,1],[4,5,0,6,0,7,0,8,0,9]]]]
