[1,["ecpdLyjvZBwrvm+cedCcQy","07Bq8qyHpL8Z2Bx8+eJbOS","0ejWGaxexNUajq3KbOYh2/","87duUg20NIh4d1F7N98vYB","fdXSdi/DhGN7X/+gjLDgSz","e97GVMl6JHh5Ml5qEDdSGa","71VhFCTINJM6/Ky3oX9nBT","99rPGrwEdESrhhiUeV8AJ5","84VRj0k4pJjY5tD1IYRCL3","85p4oVwwRFU70lkFulUS1C","a0D4ngR0FAOrLrwm4LHH9A","2duStcE29P4q6hkHtPwgWe","97fP6bIcdJjrBgVBgAURqL","29FYIk+N1GYaeWH/q1NxQO","b2RAEADp9DSJXq2PZAZ9xE","b4P/PCArtIdIH38t6mlw8Y"],["node","_textureSetter","_spriteFrame","_N$target","_defaultClip","maskLayer","longGround","scene","_parent","_N$file","_N$pressedSprite","_N$hoverSprite","_N$disabledSprite"],["cc.SpriteFrame",["cc.Widget",["_alignFlags","alignMode","_originalWidth","_top","_originalHeight","_left","_right","_horizontalCenter","_isAbsTop","node","_target"],-6,1,1],["cc.Node",["_name","_id","_active","_components","_contentSize","_parent","_trs","_children","_color"],0,9,5,1,7,2,5],["cc.Sprite",["_sizeMode","_type","_fillRange","_isTrimmedMode","node","_materials","_spriteFrame"],-1,1,3,6],["cc.Button",["_N$transition","zoomScale","node","clickEvents","_N$target","_N$pressedColor","_N$disabledColor","_N$pressedSprite","_N$hoverSprite","_N$disabledSprite","_N$normalColor"],1,1,9,1,5,5,6,6,6,5],["cc.ClickEvent",["handler","_componentId","component","target"],0,1],["cc.SceneAsset",["_name","asyncLoadAssets"],1],["cc.Canvas",["node","_designResolution"],3,1,5],["55419DQ6YVDL6sosruuEvaj",["node","maskLayer"],3,1,1],["b8267Clbu5ObKT5POZPTEWa",["node","canvasNode","longGround"],3,1,1,1],["cc.Animation",["playOnLoad","node","_clips","_defaultClip"],2,1,3,6],["cc.Scene",["_name","autoReleaseAssets","_children","_anchorPoint","_trs"],1,2,5,7],["cc.Camera",["_clearFlags","_depth","node"],1,1],["cc.Label",["_string","_fontSize","_enableWrapText","_isSystemFontUsed","_N$horizontalAlign","_N$verticalAlign","_N$overflow","node","_materials","_N$file"],-4,1,3,6]],[[3,0,4,5,6,2],[2,0,5,3,4,6,2],[2,0,5,7,3,4,6,2],[2,0,5,3,8,4,6,2],[10,0,1,2,3,2],[6,0,1,3],[2,0,1,7,3,4,6,3],[2,0,2,5,3,8,4,3],[2,0,5,3,4,2],[2,0,5,3,6,2],[7,0,1,1],[8,0,1,1],[1,0,9,2],[1,1,0,5,6,3,7,9,7],[1,1,0,2,9,4],[1,0,3,9,3],[1,0,4,9,3],[1,0,2,4,9,10,4],[1,1,0,2,4,9,5],[1,1,0,5,6,3,8,2,9,8],[3,1,0,4,5,3],[3,0,2,3,4,5,6,4],[3,0,4,6,2],[3,1,0,2,4,5,6,4],[4,1,0,2,3,5,6,4,7,8,9,3],[4,0,2,3,10,4,2],[5,1,0,3,3],[5,2,0,3,3],[9,0,1,2,1],[11,0,1,2,3,4,3],[12,0,1,2,3],[13,0,1,2,3,4,5,6,7,8,9,8]],[[[{"name":"ground","rect":[1,1,840,281],"offset":[0,0],"originalSize":[840,281],"rotated":1,"capInsets":[0,0,0,0]}],[0],0,[0],[1],[1]],[[{"name":"default_btn_disabled","rect":[0,0,40,40],"offset":[0,0],"originalSize":[40,40],"capInsets":[12,12,12,12]}],[0],0,[0],[1],[6]],[[{"name":"start","rect":[1,843,286,166],"offset":[2,5],"originalSize":[290,176],"capInsets":[0,0,0,0]}],[0],0,[0],[1],[1]],[[{"name":"background","rect":[546,1,720,1280],"offset":[0,0],"originalSize":[720,1280],"rotated":1,"capInsets":[0,0,0,0]}],[0],0,[0],[1],[1]],[[{"name":"game_name","rect":[1828,1,466,140],"offset":[-7,9],"originalSize":[508,158],"rotated":1,"capInsets":[0,0,0,0]}],[0],0,[0],[1],[1]],[[{"name":"bird1","rect":[289,950,86,60],"offset":[0,0],"originalSize":[86,60],"capInsets":[0,0,0,0]}],[0],0,[0],[1],[1]],[[{"name":"mask_bg","rect":[0,0,30,30],"offset":[0,0],"originalSize":[30,30],"capInsets":[0,0,0,0]}],[0],0,[0],[1],[7]],[[[5,"flappy_bird",null],[6,"Canvas","54eXcdNN9Hw4elYGXeP0fu",[-5,-6,-7,-8,-9,-10,-11,-12],[[10,-1,[5,375,750]],[11,-3,-2],[12,45,-4]],[5,375,750],[187.5,375,0,0,0,0,1,1,1,1]],[2,"backbtn",1,[-17],[[20,1,0,-13,[18]],[24,0.95,3,-15,[[26,"55419DQ6YVDL6sosruuEvaj","backGameList",1]],[4,4294967295],[4,4294967295],-14,19,20,21],[13,0,12,10,10,674.337,-117.693,-16]],[5,60,50],[-147.5,-350,0,0,0,0,1,1,1,1]],[2,"ground",1,[-22],[[21,0,0.4,false,-18,[4],5],[28,-20,1,-19],[14,0,44,600,-21]],[5,375,164],[0,-293,0,0,0,0,1,1,1,1]],[3,"startBtn",1,[[0,0,-23,[14],15],[25,1,-25,[[27,"bird_game_start","startGame",1]],[4,4292269782],-24],[15,17,380,-26]],[4,4292269782],[5,120,56],[0,-33,0,0,0,0,1,1,1,1]],[1,"groundLong",3,[[0,0,-27,[2],3],[16,5,164,-28]],[5,375,164],[375,0,0,0,0,0,1,1,1,1]],[1,"bird",1,[[0,0,-29,[8],9],[4,true,-30,[11],10],[4,true,-31,[13],12]],[5,50,35],[0,70,0,0,0,0,1,1,1,1]],[7,"maskLayer",false,1,[[22,0,-32,22],[17,45,700,750,-33,1]],[4,4278190080],[5,375,750]],[8,"background",1,[[23,3,0,1,-34,[0],1],[18,0,45,1000,750,-35]],[5,375,750]],[1,"gameName",1,[[0,0,-36,[6],7],[19,0,17,88,96,0.1,false,191,-37]],[5,191,59],[0,270.5,0,0,0,0,1,1,1,1]],[29,"New Node",true,[1],[0,0,0],[0,0,0,0,0,0,1,1,1,1]],[9,"Main Camera",1,[[30,7,-1,-38]],[0,0,530.0075471160765,0,0,0,1,1,1,1]],[3,"Label",2,[[31,"BACK",20,false,false,1,1,1,-39,[16],17]],[4,4280274919],[5,70,40],[1,-0.32499999999999996,0,0,0,0,1,1,1,1]]],0,[0,0,1,0,5,7,0,0,1,0,0,1,0,-1,11,0,-2,8,0,-3,3,0,-4,9,0,-5,6,0,-6,4,0,-7,2,0,-8,7,0,0,2,0,3,2,0,0,2,0,0,2,0,-1,12,0,0,3,0,6,5,0,0,3,0,0,3,0,-1,5,0,0,4,0,3,4,0,0,4,0,0,4,0,0,5,0,0,5,0,0,6,0,0,6,0,0,6,0,0,7,0,0,7,0,0,8,0,0,8,0,0,9,0,0,9,0,0,11,0,0,12,0,7,10,1,8,10,39],[0,0,0,0,0,0,0,0,0,0,0,0,0,0,0,0,0,0,0,0,0,0,0],[-1,2,-1,2,-1,2,-1,2,-1,2,4,-1,4,-1,-1,2,-1,9,-1,10,11,12,2],[0,8,0,2,0,2,0,9,0,10,3,3,4,4,0,11,0,12,0,5,5,13,14]],[[{"name":"default_btn_pressed","rect":[0,0,40,40],"offset":[0,0],"originalSize":[40,40],"capInsets":[12,12,12,12]}],[0],0,[0],[1],[15]]]]