[1,["ecpdLyjvZBwrvm+cedCcQy","40xGf2B5BAoab+IIAi9ohl","97fP6bIcdJjrBgVBgAURqL","e97GVMl6JHh5Ml5qEDdSGa","29FYIk+N1GYaeWH/q1NxQO","71VhFCTINJM6/Ky3oX9nBT","76DFpu6PBP16a4jIAs1edh","eblNcKo6tJm4oEzHVmJYre","c8SZTa2sFPEZI5VnaFMB8b","a3y26xIABOyq7w/f0nS9SD","b4P/PCArtIdIH38t6mlw8Y"],["node","_N$file","_spriteFrame","_textureSetter","_N$target","target","_N$normalSprite","_N$pressedSprite","_N$hoverSprite","_N$disabledSprite","bestScore","maskCurrScore","scoreLabel","scene","_parent","rowPfb","root","data"],[["cc.Node",["_name","_active","_id","_components","_contentSize","_parent","_trs","_children","_color","_anchorPoint","_prefab"],0,9,5,1,7,2,5,5,4],["cc.Widget",["_alignFlags","_left","_originalWidth","_top","_bottom","_right","_originalHeight","_isAbsRight","node"],-5,1],["cc.Label",["_string","_fontSize","_isSystemFontUsed","_N$verticalAlign","_N$horizontalAlign","_enableWrapText","_N$overflow","node","_materials","_N$file"],-4,1,3,6],"cc.SpriteFrame",["cc.Node",["_name","_parent","_components","_contentSize","_trs","_color","_anchorPoint"],2,1,12,5,7,5,5],["cc.Sprite",["_sizeMode","_type","node","_materials","_spriteFrame"],1,1,3,6],["cc.SceneAsset",["_name","asyncLoadAssets"],1],["cc.Canvas",["node","_designResolution"],3,1,5],["cc.Button",["zoomScale","_N$transition","node","clickEvents","_N$pressedColor","_N$disabledColor","_N$target","_N$normalSprite","_N$pressedSprite","_N$hoverSprite","_N$disabledSprite"],1,1,9,5,5,1,6,6,6,6],["cc.ClickEvent",["component","handler","target"],1,1],["b62a4ZBtf9OcoTuhec6hJ2a",["initSpeed","maxSpeed","node","scoreLabel","gameOverMask","maskCurrScore","bestScore","rowPfb"],1,1,1,1,1,1,6],["cc.Scene",["_name","_children","_anchorPoint","_trs"],2,2,5,7],["cc.Camera",["_clearFlags","_depth","node"],1,1],["cc.Prefab",["_name"],2],["77d5bHMiEpJP6NXhtSfknpY",["node","colItems"],3,1,2],["cc.PrefabInfo",["fileId","root"],2,1]],[[15,0,1,2],[5,0,2,3,4,2],[1,0,8,2],[0,0,5,7,3,10,4,9,6,2],[0,0,1,5,3,10,4,6,3],[1,0,3,8,3],[2,0,1,2,4,3,7,9,6],[0,0,5,7,3,4,6,2],[0,0,5,3,8,4,2],[1,0,2,6,8,4],[1,0,1,5,3,4,7,8,7],[5,1,0,2,3,4,3],[8,0,1,2,3,4,5,6,7,8,9,10,3],[9,0,1,2,3],[2,0,1,5,2,4,3,6,7,8,9,8],[6,0,1,3],[0,0,2,7,3,4,6,3],[0,0,1,5,7,3,8,4,3],[0,0,5,3,4,9,6,2],[0,0,5,3,4,2],[0,0,5,3,8,4,6,2],[0,0,5,3,6,2],[0,0,7,3,10,8,4,9,2],[4,0,1,2,5,3,6,4,2],[4,0,1,2,3,4,2],[4,0,1,2,5,3,4,2],[7,0,1,1],[1,0,2,8,3],[1,0,1,8,3],[1,0,1,4,8,4],[1,0,1,5,3,4,2,6,8,8],[1,0,1,5,3,4,2,8,7],[10,0,1,2,3,4,5,6,7,3],[2,0,1,2,4,3,7,8,9,6],[2,0,1,2,3,7,8,5],[2,0,1,2,4,3,7,8,6],[2,0,1,2,7,8,4],[11,0,1,2,3,2],[12,0,1,2,3],[13,0,2],[14,0,1,1]],[[[{"name":"default_btn_disabled","rect":[0,0,40,40],"offset":[0,0],"originalSize":[40,40],"capInsets":[12,12,12,12]}],[3],0,[0],[3],[5]],[[{"name":"dtwb_bg","rect":[0,0,1,1],"offset":[0,0],"originalSize":[1,1],"capInsets":[0,0,0,0]}],[3],0,[0],[3],[6]],[[{"name":"dtwb_mask_bg","rect":[0,0,4,4],"offset":[0,0],"originalSize":[4,4],"capInsets":[0,0,0,0]}],[3],0,[0],[3],[7]],[[[15,"dontt_white_block",null],[16,"Canvas","ceRFCLCBlBFZy31IBeBLGF",[-3,-4,-5,-6,-7],[[26,-1,[5,375,750]],[27,45,375,-2]],[5,375,750],[187.5,375,0,0,0,0,1,1,1,1]],[17,"dtwbGameOverMask",false,1,[-10,-11,-12,-13],[[1,0,-8,[24],25],[9,45,10,10,-9]],[4,4278190080],[5,375,750]],[7,"dtwbRestart",2,[-19],[[11,1,0,-14,[10],11],[12,0.95,3,-17,[[13,"dtwb_game","restartGame",-16]],[4,4294967295],[4,4294967295],-15,12,13,14,15],[5,17,320,-18]],[5,150,40],[0,35,0,0,0,0,1,1,1,1]],[7,"dtwbGameBack",2,[-25],[[11,1,0,-20,[18],19],[12,0.95,3,-23,[[13,"dtwb_game","backStartPage",-22]],[4,4294967295],[4,4294967295],-21,20,21,22,23],[5,1,380,-24]],[5,150,40],[0,-25,0,0,0,0,1,1,1,1]],[18,"dtwbContainer",1,[[2,45,-26],[32,9,15,-30,-29,2,-28,-27,5]],[5,375,750],[0,0,0],[-187.5,-375,0,0,0,0,1,1,1,1]],[7,"dtwbScoreLabel",1,[-32,-33],[[28,9,10,-31]],[5,200,30],[-77.5,360,0,0,0,0,1,1,1,1]],[19,"dtwbGameBg",1,[[1,0,-34,[0],1],[9,45,1,1,-35]],[5,375,750]],[23,"scoreNum",6,[[-36,[29,10,59,3.8900000000000006,-37]],1,4],[4,4285005823],[5,15,40],[0,0,0.5],[-41,0,0,0,0,0,1,1,1,1]],[20,"scoreTxt",6,[[33,"Score:",18,false,1,1,-38,[2],3],[2,10,-39]],[4,4285005823],[5,54,40],[-73,0,0,0,0,0,1,1,1,1]],[24,"currentScore",2,[[-40,[5,17,148.885,-41]],1,4],[5,176.67,40],[0,206.115,0,0,0,0,1,1,1,1]],[25,"bestScore",2,[[-42,[5,17,190,-43]],1,4],[4,4282961151],[5,150,40],[0,165,0,0,0,0,1,1,1,1]],[37,"New Node",[1],[0,0,0],[0,0,0,0,0,0,1,1,1,1]],[21,"Main Camera",1,[[38,7,-1,-44]],[0,0,520.4677360275135,0,0,0,1,1,1,1]],[34,"0",18,false,1,8,[4]],[35,"Current score: 0",24,false,1,1,10,[6]],[36,"Best score: 1000",20,false,11,[7]],[8,"Label",3,[[14,"RESTART",20,false,false,1,1,1,-45,[8],9]],[4,4290295992],[5,150,40]],[8,"Label",4,[[14,"BACK",20,false,false,1,1,1,-46,[16],17]],[4,4290295992],[5,150,40]]],0,[0,0,1,0,0,1,0,-1,13,0,-2,7,0,-3,5,0,-4,6,0,-5,2,0,0,2,0,0,2,0,-1,10,0,-2,11,0,-3,3,0,-4,4,0,0,3,0,4,3,0,5,5,0,0,3,0,0,3,0,-1,17,0,0,4,0,4,4,0,5,5,0,0,4,0,0,4,0,-1,18,0,0,5,0,10,16,0,11,15,0,12,14,0,0,5,0,0,6,0,-1,9,0,-2,8,0,0,7,0,0,7,0,-1,14,0,0,8,0,0,9,0,0,9,0,-1,15,0,0,10,0,-1,16,0,0,11,0,0,13,0,0,17,0,0,18,0,13,12,1,14,12,46],[0,0,0,0,0,0,0,0,0,0,0,0,0,0,0,0,0,0,0,0,0,0,0,0,0,0,14,15,16],[-1,2,-1,1,-1,15,-1,-1,-1,1,-1,2,6,7,8,9,-1,1,-1,2,6,7,8,9,-1,2,1,1,1],[0,1,0,2,0,8,0,0,0,2,0,1,1,3,3,4,0,2,0,1,1,3,3,4,0,9,2,2,2]],[[[39,"rowPfb"],[22,"rowPfb",[-8,-9,-10,-11],[[1,0,-2,[12],13],[40,-7,[-3,-4,-5,-6]]],[0,"d1I3IZr79PlIsTON4clTDb",-1],[4,4284111450],[5,375,187.5],[0,0,1]],[3,"col_1",1,[-14],[[30,5,1,280.25,1,1,93.75,150,-12],[1,0,-13,[1],2]],[0,"8bUOEmfBBLdanTiv5vLjDs",1],[5,91.75,185.5],[0,0,1],[1,-1,0,0,0,0,1,1,1,1]],[3,"col_2",1,[-17],[[10,5,94.75,0.7473333333333333,1,1,false,-15],[1,0,-16,[4],5]],[0,"487SiIIYZPp5U0JAkZPUNp",1],[5,91.75,185.5],[0,0,1],[94.75,-1,0,0,0,0,1,1,1,1]],[3,"col_3",1,[-20],[[10,5,188.5,0.4973333333333333,1,1,false,-18],[1,0,-19,[7],8]],[0,"3cfU8aMhlJQKX6Odtuhq0D",1],[5,91.75,185.5],[0,0,1],[188.5,-1,0,0,0,0,1,1,1,1]],[3,"col_4",1,[-23],[[31,5,282.25,1,1,1,92.75,-21],[1,0,-22,[10],11]],[0,"ceoqiH/txI4L7HD+j97m5N",1],[5,92.75,185.5],[0,0,1],[282.25,-1,0,0,0,0,1,1,1,1]],[4,"start",false,2,[[6,"START",16,false,1,1,-24,0],[2,18,-25]],[0,"abHALrdbNG1YK7192aeU4H",1],[5,53.78,17.78],[45.875,-92.75,0,0,0,0,1,1,1,1]],[4,"start",false,3,[[6,"START",16,false,1,1,-26,3],[2,18,-27]],[0,"31Q6CeiKdEwLTduPlKABKQ",1],[5,53.78,17.78],[45.875,-92.75,0,0,0,0,1,1,1,1]],[4,"start",false,4,[[6,"START",16,false,1,1,-28,6],[2,18,-29]],[0,"e0QJCwX15B3K1Pex7FZhyb",1],[5,53.78,17.78],[45.875,-92.75,0,0,0,0,1,1,1,1]],[4,"start",false,5,[[6,"START",16,false,1,1,-30,9],[2,18,-31]],[0,"353rpgYfVKipU0MHP3PMjC",1],[5,53.78,17.78],[46.375,-92.75,0,0,0,0,1,1,1,1]]],0,[0,16,1,0,0,1,0,-1,2,0,-2,3,0,-3,4,0,-4,5,0,0,1,0,-1,2,0,-2,3,0,-3,4,0,-4,5,0,0,2,0,0,2,0,-1,6,0,0,3,0,0,3,0,-1,7,0,0,4,0,0,4,0,-1,8,0,0,5,0,0,5,0,-1,9,0,0,6,0,0,6,0,0,7,0,0,7,0,0,8,0,0,8,0,0,9,0,0,9,0,17,1,31],[0,0,0,0,0,0,0,0,0,0,0,0,0,0],[1,-1,2,1,-1,2,1,-1,2,1,-1,2,-1,2],[2,0,1,2,0,1,2,0,1,2,0,1,0,1]],[[{"name":"default_btn_pressed","rect":[0,0,40,40],"offset":[0,0],"originalSize":[40,40],"capInsets":[12,12,12,12]}],[3],0,[0],[3],[10]]]]