[1,["4fL2aIfVZAc4v98pR+hqfs@f9941","6c/HBr90hLZpQ2IziJmkxC@f9941","388xBRHptH4aw00UeXvuf7@f9941","20g1ukYUVPvKWKBRznAKo+@f9941","54TknWPwVPqJqeCR+Y/Czo@f9941","95EkngnxZFbYuFpsqVTaFr@f9941","09JfptWl1IjZeP0R0IY5sA@6c48a","388xBRHptH4aw00UeXvuf7@6c48a","97JD5bF7xG9JdkjQFb/xl1@f9941","09JfptWl1IjZeP0R0IY5sA@f9941"],["node","_spriteFrame","_target","_normalSprite","_textureSource","_hoverSprite","_pressedSprite","_disabledSprite","root","wgMenu","spIcon","spCountDown","data","_parent"],[["cc.Node",["_name","_layer","_active","_components","_prefab","_parent","_lpos","_children"],0,9,4,1,5,2],["cc.Sprite",["_sizeMode","_type","_isTrimmedMode","_name","_fillType","_fillRange","node","__prefab","_spriteFrame","_color","_fillCenter"],-3,1,4,6,5,5],["cc.Label",["_string","_actualFontSize","_fontSize","_isBold","_enableWrapText","_lineHeight","_name","node","__prefab","_color"],-4,1,4,5],["cc.Node",["_name","_layer","_active","_parent","_components","_prefab","_lpos","_children","_lrot","_euler"],0,1,12,4,5,2,5,5],["cc.UITransform",["_name","node","__prefab","_contentSize","_anchorPoint"],2,1,4,5,5],["cc.Widget",["_alignFlags","_alignMode","_bottom","_originalWidth","_originalHeight","_name","node","__prefab"],-3,1,4],"cc.SpriteFrame",["cc.Button",["_name","_transition","_zoomScale","node","__prefab","clickEvents","_normalColor","_target","_normalSprite","_hoverSprite","_pressedSprite","_disabledSprite"],0,1,4,9,5,1,6,6,6,6],["f130br9GwZGkJEkRGonhXxR",["_name","node","__prefab"],2,1,4],["c4c1axXN+NL4oYQEr2M4qn2",["_dataID","_name","node","__prefab"],1,1,4],["cc.Prefab",["_name"],2],["cc.CompPrefabInfo",["fileId"],2],["95f63L653dBgLBdIgYWzpHv",["node","__prefab","spCountDown","spIcon","wgMenu"],3,1,4,1,1,1],["cc.PrefabInfo",["fileId","instance","targetOverrides","nestedPrefabInstanceRoots","root","asset"],-1,1,1],["cc.ClickEvent",["_componentId","handler","target"],1,1],["cc.Layout",["_resizeMode","_layoutType","_spacingY","node","__prefab"],0,1,4]],[[11,0,2],[13,0,1,2,3,4,5,5],[4,1,2,3,1],[0,0,1,5,3,4,3],[4,0,1,2,3,2],[14,0,1,2,3],[9,0,2,3,2],[0,0,1,5,3,4,6,3],[5,0,3,4,1,6,7,5],[7,0,1,2,3,4,5,6,7,8,9,10,11,4],[8,0,1,2,2],[10,0,2],[0,0,1,7,3,4,3],[0,0,2,1,5,7,3,4,6,4],[0,0,1,7,3,4,6,3],[0,0,1,5,7,3,4,6,3],[0,0,2,1,5,3,4,6,4],[3,0,1,3,7,4,5,6,3],[3,0,1,3,4,5,8,9,3],[3,0,2,1,3,4,5,6,4],[4,1,2,3,4,1],[5,5,0,2,1,6,7,5],[5,0,2,1,6,7,4],[12,0,1,2,3,4,1],[1,0,6,7,8,2],[1,3,1,0,6,7,8,4],[1,0,6,7,9,8,2],[1,0,2,6,7,8,3],[1,1,4,0,5,6,7,10,5],[1,0,2,6,7,3],[7,3,4,5,6,7,8,1],[8,1,2,1],[15,0,1,2,3,4,4],[2,0,1,2,5,3,7,8,6],[2,6,0,1,2,3,7,8,6],[2,0,1,2,4,3,7,8,9,6],[2,0,1,2,4,7,8,9,5],[9,1,0,2,3,3]],[[[{"name":"fightLineRed","rect":{"x":0,"y":0,"width":308,"height":308},"offset":{"x":0,"y":0},"originalSize":{"width":308,"height":308},"rotated":false,"capInsets":[0,0,0,0],"vertices":{"rawPosition":[-154,-154,0,154,-154,0,-154,154,0,154,154,0],"indexes":[0,1,2,2,1,3],"uv":[0,308,308,308,0,0,308,0],"nuv":[0,0,1,0,0,1,1,1],"minPos":{"x":-154,"y":-154,"z":0},"maxPos":{"x":154,"y":154,"z":0}},"packable":true,"pixelsToUnit":100,"pivot":{"x":0.5,"y":0.5},"meshType":0}],[6],0,[0],[4],[6]],[[{"name":"fightLineGray","rect":{"x":0,"y":0,"width":308,"height":308},"offset":{"x":0,"y":0},"originalSize":{"width":308,"height":308},"rotated":false,"capInsets":[0,0,0,0],"vertices":{"rawPosition":[-154,-154,0,154,-154,0,-154,154,0,154,154,0],"indexes":[0,1,2,2,1,3],"uv":[0,308,308,308,0,0,308,0],"nuv":[0,0,1,0,0,1,1,1],"minPos":{"x":-154,"y":-154,"z":0},"maxPos":{"x":154,"y":154,"z":0}},"packable":true,"pixelsToUnit":100,"pivot":{"x":0.5,"y":0.5},"meshType":0}],[6],0,[0],[4],[7]],[[[11,"revive"],[12,"revive",33554432,[-8,-9,-10,-11],[[2,-2,[0,"a6r4YL7yNBXKw5qgPM5VkM"],[5,720,1280]],[8,45,100,100,1,-3,[0,"92RT5lyfNKYojeC9j43c4B"]],[23,-7,[0,"17Y4zuT8JHtLPkCsPGpGKI"],-6,-5,-4]],[1,"59UY8JeSFF3IZOkEVwLLyB",null,null,null,-1,0]],[13,"countdown",false,33554432,1,[-17,-18,-19],[[2,-12,[0,"84VwmTWitBoIvy98PNrh7x"],[5,308,308]],[24,2,-13,[0,"62Xhoo8bVJ94+GOKDwoCp3"],2],[30,-15,[0,"97tGbtZDhBo6LHSlxbA0pD"],[[5,"95f63L653dBgLBdIgYWzpHv","onBtnReviveClick",1]],[4,4292269782],-14,3],[31,-16,[0,"0aI4b585VOsqLU2ZnJgiy3"]]],[1,"d92Q1ADJhGAZsJGYfO7krB",null,null,null,1,0],[1,0,31,0]],[14,"btnRevive",33554432,[-26,-27],[[4,"btnRevive<UITransform>",-20,[0,"85a+q5aX1Djrjev09NnnXn"],[5,148,88]],[25,"btnRevive<Sprite>",1,0,-21,[0,"ab3ESvzilJ1pCSRXBn9ne4"],4],[9,"btnRevive<Button>",3,0.85,-23,[0,"10gOFKSqBCF6lwFLy52Pxc"],[[5,"95f63L653dBgLBdIgYWzpHv","onBtnReviveClick",1]],[4,4292269782],-22,5,6,7,8],[21,"btnRevive<Widget>",4,65,1,-24,[0,"6bpcWSSRZIpK6gPfNFDoLq"]],[10,"btnRevive<btnAdapter>",-25,[0,"68SNNP3NtFLJ8/Sr+DzJjB"]]],[1,"3djB8NxG9GOIK60C38xL4P",null,null,null,1,0],[1,0,-11.870000000000005,0]],[17,"menu",33554432,1,[3,-31],[[[20,-28,[0,"balSySgLlAGIaDxe/PV7FH"],[5,208,153],[0,0.5,0.79]],[32,1,2,15,-29,[0,"0c+e25EB1L5IrIQDHeK5GU"]],-30],4,4,1],[1,"45tcwvrWxMpYvVoUVo/puP",null,null,null,1,0],[1,0,-269.13,0]],[15,"btnSkip",33554432,4,[-36],[[4,"btnSkip<UITransform>",-32,[0,"95Sp1CnWdPppR3f5N/FNf0"],[5,208,50]],[9,"btnSkip<Button>",3,0.85,-34,[0,"ceNHl8QdBM6bHNlfuyzmJe"],[[5,"95f63L653dBgLBdIgYWzpHv","onBtnSkipClick",1]],[4,4292269782],-33,9,10,11,12],[10,"btnSkip<btnAdapter>",-35,[0,"2fJFtCMKhEhIYFkbAtjUPQ"]]],[1,"e9bsrtdulK1YchZx7aQYkQ",null,null,null,1,0],[1,0,-95.87,0]],[3,"bg",33554432,1,[[2,-37,[0,"bbAS/olddOOpCZqndDblOQ"],[5,720,1280]],[26,0,-38,[0,"5bnYA3oxVAC4WFHMkPLYOl"],[4,3372220415],0],[8,45,100,100,1,-39,[0,"19G7qPUdZCKI2M/Zb/kXYC"]]],[1,"61KHOJGylObYwj5RsFCf10",null,null,null,1,0]],[16,"tips",false,33554432,1,[[2,-40,[0,"6752kfqsRLs5CnzWzavchS"],[5,504,75.6]],[33,"真可惜，只差一点就到终点了！",36,36,60,true,-41,[0,"b5GzYG8NRLp4A95ibkEIud"]],[6,"revive.tips",-42,[0,"07I34aUk1C7oV+PXghCeAS"]]],[1,"dddnbTcMhKO5Irc1cvvpt+",null,null,null,1,0],[1,0,360,0]],[7,"tips",33554432,2,[[4,"tips<UITransform>",-43,[0,"d0w9mOO1VJe4PUccwtwPFl"],[5,144,50.4]],[34,"tips<Label>","复活继续",36,36,true,-44,[0,"4dmQUpc8ZC1bi3pFHcE/Hg"]],[37,"tips<LocalizedLabel>","revive.continue",-45,[0,"32g9jp4stKCZXQni2yw2FK"]]],[1,"bbRHGwZk5NYph59IhkXrfV",null,null,null,1,0],[1,0,73.294,0]],[3,"Label",33554432,3,[[2,-46,[0,"e7eqTPY5lEuLNK1d71M4fO"],[5,128,50.4]],[35,"立即复活",32,32,false,true,-47,[0,"2fy6BSsGVNeKsO9qRdFcVb"],[4,4279976099]],[6,"revive.reviveImmediately",-48,[0,"02+AdXgnVCw4k+PbdBY9wU"]]],[1,"05OU3WCvVH+45zUKX4oiXG",null,null,null,1,0]],[3,"Label",33554432,5,[[2,-49,[0,"d0BES6uTBPgZ7KwVCV1qrx"],[5,64,50.4]],[36,"跳过",32,32,false,-50,[0,"60ZYAvyExIpL3be0ArnpTr"],[4,4289374632]],[6,"revive.skip",-51,[0,"7beSByGoNNx57mzDWd1I9K"]]],[1,"32OIuwuepLeIRIBxod5TJp",null,null,null,1,0]],[18,"progress",33554432,2,[[[2,-52,[0,"2fgsmsCAxH/bVSIvY71Z6Q"],[5,308,308]],-53],4,1],[1,"c0xmrU8vZI5qSfK0TCprTL",null,null,null,1,0],[3,0,0,0.7071067811865475,0.7071067811865476],[1,0,0,90]],[7,"icon",33554432,2,[[2,-54,[0,"768YmCT9lGaaIFcd0WSDyt"],[5,58,40]],[27,2,false,-55,[0,"53w83KdEhKzY1iqkZgzhYT"],1]],[1,"3favgIr7FMALszabvXPGix",null,null,null,1,0],[1,0,-30,0]],[19,"icon",false,33554432,3,[[[2,-56,[0,"ee0wT1x6FNwIUJihiQ344z"],[5,58,40]],-57],4,1],[1,"e25DzIqu1Li5I1sFrXEllH",null,null,null,1,0],[1,-74,0,0]],[28,3,2,0,1,11,[0,"7etUJYoHdCKbJLgoZSmX3Z"],[0,0.5,0.5]],[29,2,false,13,[0,"9aMhsWC89H07GmRIk45K4h"]],[22,4,250,1,4,[0,"2aR3W3MIFJtZ/fRPIj3cDt"]]],0,[0,8,1,0,0,1,0,0,1,0,9,16,0,10,15,0,11,14,0,0,1,0,-1,6,0,-2,7,0,-3,2,0,-4,4,0,0,2,0,0,2,0,2,2,0,0,2,0,0,2,0,-1,11,0,-2,8,0,-3,12,0,0,3,0,0,3,0,2,3,0,0,3,0,0,3,0,0,3,0,-1,13,0,-2,9,0,0,4,0,0,4,0,-3,16,0,-2,5,0,0,5,0,2,5,0,0,5,0,0,5,0,-1,10,0,0,6,0,0,6,0,0,6,0,0,7,0,0,7,0,0,7,0,0,8,0,0,8,0,0,8,0,0,9,0,0,9,0,0,9,0,0,10,0,0,10,0,0,10,0,0,11,0,-2,14,0,0,12,0,0,12,0,0,13,0,-2,15,0,12,1,3,13,4,57],[0,0,0,0,0,0,0,0,0,0,0,0,0,14,15],[1,1,1,3,1,3,5,6,7,3,5,6,7,1,1],[8,1,2,2,0,0,3,4,5,0,3,4,5,9,1]]]]
