{"paths":{"0":["res_bundle",0],"1":["res_bundle",1]},"types":["cc.Texture2D","cc.SpriteAtlas"],"uuids":["92iMREIR1LU5pn/BYG4UN5","b6h9aO32dCvIcVUbkoYkit","0d38aVvKJNGq55L6u7vvOu","154+VFQrxCVbEXFAClhy+Y","1cvlD/ZLlGb4fRYQLk+q4v","2dmXNepIREQ74BKXvqDvCF","35CveP3JpNc4BnWq+IcKte","48Vnpz3O1BOKGiS4tCpdpj","56oWJu42xMwLMLcSDeT4TC","58hslKDa1IkLpyUyB5mJ4z","5cD6I4W2RNYr5GNE1hwAy8","62iL8pS+ZI/75BY0JZ8IIk","9fjsiEhC9Do53nHxihuVpZ","b55lpZI7dK1bHImnJCelVN","e2Rq6IXZRHRaaX2g7LFImB","f0AUecqgdPSZ4NkZXPQtcn","f7jDyKlUxP/Jx4AWZ/6699","fcJGFcaHVGgpJLEIM1Zhka"],"scenes":{},"redirect":[],"deps":[],"packs":{"0e7acaf3d":[2,3,4,5,6,8,9,10,11,12,13,1,14,15,16,17]},"name":"resources","importBase":"import","nativeBase":"native","debug":false,"isZip":false,"encrypted":false,"versions":{"import":["0e7acaf3d","3e3e1",7,"c726b",0,"7871f"],"native":[0,"fa862"]}}