[1,["76Vj2se2hPP6iA0b5D5aYB@bc797","1brw/JvvpFnIvdrxpFCgMZ","76Vj2se2hPP6iA0b5D5aYB@530d1","76Vj2se2hPP6iA0b5D5aYB@44034"],["mainTexture","_effectAsset","root","node","data","_mesh"],[["cc.Node",["_name","_prefab","_children","_parent","_components","_lpos","_lrot","_lscale","_euler"],2,4,2,1,9,5,5,5,5],["cc.Mesh",["_native","_hash","_struct"],1,11],["cc.Material",["_name","_states","_defines","_props"],0,12],["cc.Prefab",["_name"],2],["cc.PrefabInfo",["fileId","instance","targetOverrides","nestedPrefabInstanceRoots","root","asset"],-1,1,1],["cc.MeshRenderer",["node","__prefab","_materials","bakeSettings","_mesh"],3,1,4,3,4,6],["cc.CompPrefabInfo",["fileId"],2],["cc.ModelBakeSettings",[],3]],[[4,0,1,2,3,4,5,5],[1,0,1,2,3],[2,0,1,2,3,4],[3,0,2],[0,0,2,1,2],[0,0,3,2,1,2],[0,0,3,4,1,5,6,7,8,2],[5,0,1,2,3,4,1],[6,0,2],[7,1]],[[[[1,".bin",4290507946,[{"primitives":[{"primitiveMode":7,"vertexBundelIndices":[0],"indexView":{"offset":6240,"length":702,"count":351,"stride":2}}],"vertexBundles":[{"view":{"offset":0,"length":6240,"count":195,"stride":32},"attributes":[{"name":"a_position","format":32,"isNormalized":false},{"name":"a_normal","format":32,"isNormalized":false},{"name":"a_texCoord","format":21,"isNormalized":false}]}]},"minPosition",8,[1,-1.574803113937378,-7.629394360719743e-8,-0.0000014853477523502079],"maxPosition",8,[1,0,1.5748143196105957,0.013938126154243946]]],-1],0,0,[],[],[]],[[[2,"Material #103",[{"rasterizerState":{},"blendState":{"targets":[{}]},"depthStencilState":{}}],[{"USE_ALBEDO_MAP":true}],[[[{"metallic":0.400000005960464,"roughness":0.70710676908493},"albedoScale",8,[1,1,1,1],"mainTexture",6,0]],11]]],0,0,[0,0],[0,1],[0,1]],[[[3,"road05"],[4,"road05",[-2],[0,"Node.279",null,null,null,-1,0]],[5,"RootNode",1,[-3],[0,"Node.280",null,null,null,1,0]],[6,"001",2,[[7,-4,[8,"91XnxDQ4ZBQJ62hlrlG+4e"],[0],[9],1]],[0,"Node.281",null,null,null,1,0],[1,3,0,0],[3,-0.7071067811865476,0,0,0.7071067811865476],[1,2.53999996185303,2.53999996185303,2.53999996185303],[1,-90.00000000000003,0,0]]],0,[0,2,1,0,-1,2,0,-1,3,0,3,3,0,4,1,4],[0,0],[-1,5],[2,3]]]]
