{"assets/audio/1024.mp3":["assets/audio/1024.mp3"],"assets/audio/128.mp3":["assets/audio/128.mp3"],"assets/audio/16.mp3":["assets/audio/16.mp3"],"assets/audio/2048.mp3":["assets/audio/2048.mp3"],"assets/audio/256.mp3":["assets/audio/256.mp3"],"assets/audio/32.mp3":["assets/audio/32.mp3"],"assets/audio/4.mp3":["assets/audio/4.mp3"],"assets/audio/4096.mp3":["assets/audio/4096.mp3"],"assets/audio/512.mp3":["assets/audio/512.mp3"],"assets/audio/64.mp3":["assets/audio/64.mp3"],"assets/audio/8.mp3":["assets/audio/8.mp3"],"assets/audio/menu_button_click.mp3":["assets/audio/menu_button_click.mp3"],"assets/fonts/Rubik/Rubik-Bold.ttf":["assets/fonts/Rubik/Rubik-Bold.ttf"],"assets/fonts/Rubik/Rubik-BoldItalic.ttf":["assets/fonts/Rubik/Rubik-BoldItalic.ttf"],"assets/fonts/Rubik/Rubik-ExtraBold.ttf":["assets/fonts/Rubik/Rubik-ExtraBold.ttf"],"assets/fonts/Rubik/Rubik-Light.ttf":["assets/fonts/Rubik/Rubik-Light.ttf"],"assets/fonts/Rubik/Rubik-Medium.ttf":["assets/fonts/Rubik/Rubik-Medium.ttf"],"assets/fonts/Rubik/Rubik-Regular.ttf":["assets/fonts/Rubik/Rubik-Regular.ttf"],"assets/images/png/down-arrow.png":["assets/images/png/down-arrow.png"],"assets/images/png/game_icon.png":["assets/images/png/game_icon.png"],"assets/images/png/left-arrow.png":["assets/images/png/left-arrow.png"],"assets/images/png/right-arrow.png":["assets/images/png/right-arrow.png"],"assets/images/png/up-arrow.png":["assets/images/png/up-arrow.png"],"assets/images/svg/down-arrow.svg":["assets/images/svg/down-arrow.svg"],"assets/images/svg/left-arrow.svg":["assets/images/svg/left-arrow.svg"],"assets/images/svg/play-game.svg":["assets/images/svg/play-game.svg"],"assets/images/svg/right-arrow.svg":["assets/images/svg/right-arrow.svg"],"assets/images/svg/save.svg":["assets/images/svg/save.svg"],"assets/images/svg/sound-adjust.svg":["assets/images/svg/sound-adjust.svg"],"assets/images/svg/up-arrow.svg":["assets/images/svg/up-arrow.svg"],"packages/cupertino_icons/assets/CupertinoIcons.ttf":["packages/cupertino_icons/assets/CupertinoIcons.ttf"]}