[1,["88Wah4wLNFGYILbZEPWtm1@6c48a"],["_textureSource"],["cc.SpriteFrame"],0,[{"name":"car106Black","rect":{"x":9,"y":35,"width":142,"height":90},"offset":{"x":0,"y":0},"originalSize":{"width":160,"height":160},"rotated":false,"capInsets":[0,0,0,0],"vertices":{"rawPosition":[-71,-45,0,71,-45,0,-71,45,0,71,45,0],"indexes":[0,1,2,2,1,3],"uv":[9,125,151,125,9,35,151,35],"nuv":[0.05625,0.21875,0.94375,0.21875,0.05625,0.78125,0.94375,0.78125],"minPos":{"x":-71,"y":-45,"z":0},"maxPos":{"x":71,"y":45,"z":0}},"packable":true,"pixelsToUnit":100,"pivot":{"x":0.5,"y":0.5},"meshType":0}],[0],0,[0],[0],[0]]
