[1,["59ug9oYm9O2Zg03Vf5q4gK@84e8a","59ug9oYm9O2Zg03Vf5q4gK@b8a2d","59ug9oYm9O2Zg03Vf5q4gK@bc797","1brw/JvvpFnIvdrxpFCgMZ"],["root","node","data","_mesh","mainTexture","_effectAsset"],[["cc.Node",["_name","_prefab","_children","_lpos","_parent","_components","_lrot","_lscale","_euler"],2,4,2,5,1,9,5,5,5],["cc.Prefab",["_name"],2],["cc.PrefabInfo",["fileId","instance","targetOverrides","nestedPrefabInstanceRoots","root","asset"],-1,1,1],["cc.MeshRenderer",["node","__prefab","_materials","bakeSettings","_mesh"],3,1,4,3,4,6],["cc.CompPrefabInfo",["fileId"],2],["cc.ModelBakeSettings",[],3],["cc.Material",["_name","_states","_defines","_props"],0,12],["cc.Mesh",["_native","_hash","_struct"],1,11]],[[2,0,1,2,3,4,5,5],[1,0,2],[0,0,2,1,3,2],[0,0,4,2,1,3,2],[0,0,4,5,1,6,7,8,2],[3,0,1,2,3,4,1],[4,0,2],[5,1],[6,0,1,2,3,4],[7,0,1,2,3]],[[[[1,"sign01"],[2,"sign01",[-2],[0,"Node.477",null,null,null,-1,0],[1,0,0,57]],[3,"RootNode",1,[-3],[0,"Node.478",null,null,null,1,0],[1,0,0.01,0]],[4,"Plane001",2,[[5,-4,[6,"7bINlOB3BMEbzwYKOMh87T"],[0],[7],1]],[0,"Node.479",null,null,null,1,0],[3,-0.7071067811865476,0,0,0.7071067811865476],[1,1.2539803981781,1.2539803981781,1.2539803981781],[1,-90.00000000000003,0,0]]],0,[0,0,1,0,-1,2,0,-1,3,0,1,3,0,2,1,4],[0,0],[-1,3],[0,1]],[[[8,"Material #91",[{"rasterizerState":{},"blendState":{"targets":[{}]},"depthStencilState":{}}],[{"USE_ALBEDO_MAP":true}],[[[{"metallic":0.400000005960464,"roughness":0.70710676908493},"albedoScale",8,[1,1,1,1],"mainTexture",6,0]],11]]],0,0,[0,0],[4,5],[2,3]],[[[9,".bin",1492976704,[{"primitives":[{"primitiveMode":7,"vertexBundelIndices":[0],"indexView":{"offset":224,"length":30,"count":15,"stride":2}}],"vertexBundles":[{"view":{"offset":0,"length":224,"count":7,"stride":32},"attributes":[{"name":"a_position","format":32,"isNormalized":false},{"name":"a_normal","format":32,"isNormalized":false},{"name":"a_texCoord","format":21,"isNormalized":false}]}]},"minPosition",8,[1,-0.09502281248569489,-0.34137022495269775,0.005177446641027927],"maxPosition",8,[1,0.09502281248569489,0.34137022495269775,0.005177447572350502]]],-1],0,0,[],[],[]]]]
