[1,["c27qmYhNhDkrqEhE0yoTun@f9941","6af+/++FNKEKWoBkktVKsX@f9941","893tPrOZFIpIBFjj9E59u1@f9941","6fHYRCchhKeJ7AydHrIYcE@f9941","93Y+8sgNtB5oJ2WgDlZxJC@f9941","4fL2aIfVZAc4v98pR+hqfs@f9941","20g1ukYUVPvKWKBRznAKo+@f9941","54TknWPwVPqJqeCR+Y/Czo@f9941","95EkngnxZFbYuFpsqVTaFr@f9941","fafkn4FSJPDpuWE1FLZu5B@f9941","74f4UqdpNPvLLtmDhiRTxe@f9941","4aDhmcn05AJrC+wlMr0EQt@f9941","54ZU+oBkhFLIbY81lGvmDG","20g1ukYUVPvKWKBRznAKo+@6c48a","4aDhmcn05AJrC+wlMr0EQt@6c48a","54TknWPwVPqJqeCR+Y/Czo@6c48a","6af+/++FNKEKWoBkktVKsX@6c48a","6c/HBr90hLZpQ2IziJmkxC@6c48a","6fHYRCchhKeJ7AydHrIYcE@6c48a","73L4nmqWFHh5+P3bSzkfN+@6c48a","74f4UqdpNPvLLtmDhiRTxe@6c48a","893tPrOZFIpIBFjj9E59u1@6c48a","93Y+8sgNtB5oJ2WgDlZxJC@6c48a","95EkngnxZFbYuFpsqVTaFr@6c48a","c27qmYhNhDkrqEhE0yoTun@6c48a","97JD5bF7xG9JdkjQFb/xl1@f9941","73L4nmqWFHh5+P3bSzkfN+@f9941","6c/HBr90hLZpQ2IziJmkxC@f9941","fafkn4FSJPDpuWE1FLZu5B@6c48a"],["node","_textureSource","_spriteFrame","_target","_normalSprite","_parent","_hoverSprite","_pressedSprite","_disabledSprite","root","nodeDouble","spIcon","lbGetMulti","lbGetNormal","lbTakeCount","wgMenu","lbTargetLevel","lbCurLevel","spEnd","spStart","data","_defaultClip","imgLevelFinished","imgLevelUnfinished","imgProgressNoActive","imgProgressActive","imgProgressFinished"],["cc.SpriteFrame",["cc.Node",["_name","_layer","_active","_components","_prefab","_children","_parent","_lpos","_lscale"],0,9,4,2,1,5,5],["cc.Label",["_string","_actualFontSize","_lineHeight","_isBold","_fontSize","_enableWrapText","node","__prefab","_color"],-3,1,4,5],["cc.Widget",["_alignFlags","_alignMode","_name","_originalWidth","_originalHeight","_top","_left","_bottom","node","__prefab"],-5,1,4],["cc.Sprite",["_sizeMode","_isTrimmedMode","_type","node","__prefab","_spriteFrame","_color"],0,1,4,6,5],["cc.Button",["_zoomScale","_transition","node","__prefab","clickEvents","_normalColor","_target","_normalSprite","_hoverSprite","_pressedSprite","_disabledSprite"],1,1,4,9,5,1,6,6,6,6],["cc.Node",["_name","_layer","_parent","_components","_prefab","_lpos","_children"],1,1,12,4,5,2],["cc.UITransform",["_name","node","__prefab","_contentSize"],2,1,4,5],["cc.Layout",["_resizeMode","_layoutType","_isAlign","_spacingX","_horizontalDirection","_name","_spacingY","node","__prefab"],-4,1,4],["cc.Prefab",["_name"],2],["cc.CompPrefabInfo",["fileId"],2],["b6b06mpFMlIZqLpxXisU3Cu",["node","__prefab","spStart","spEnd","lbCurLevel","lbTargetLevel","wgMenu","progress","lbTakeCount","lbGetNormal","lbGetMulti","spIcon","nodeDouble","imgLevelFinished","imgLevelUnfinished","imgProgressNoActive","imgProgressActive","imgProgressFinished"],3,1,4,1,1,1,1,1,2,1,1,1,1,1,6,6,6,6,6],["cc.PrefabInfo",["fileId","instance","targetOverrides","nestedPrefabInstanceRoots","root","asset"],-1,1,1],["cc.ClickEvent",["_componentId","handler","target"],1,1],["f130br9GwZGkJEkRGonhXxR",["node","__prefab"],3,1,4],["cc.Animation",["_name","playOnLoad","node","__prefab","_clips","_defaultClip"],1,1,4,3,6],["c4c1axXN+NL4oYQEr2M4qn2",["_dataID","node","__prefab"],2,1,4]],[[10,0,2],[12,0,1,2,3,4,5,5],[7,1,2,3,1],[1,0,1,6,3,4,7,3],[6,0,1,2,3,4,5,3],[4,0,1,3,4,5,3],[4,2,0,1,3,4,5,4],[13,0,1,2,3],[14,0,1,1],[1,0,1,6,5,3,4,7,3],[6,0,1,2,6,3,4,5,3],[4,0,1,3,4,3],[1,0,1,6,3,4,3],[7,0,1,2,3,2],[3,0,5,1,8,9,4],[3,0,6,1,8,9,4],[5,1,0,2,3,4,5,6,7,8,9,10,3],[2,0,1,2,3,6,7,5],[16,0,1,2,2],[9,0,2],[1,0,1,5,3,4,3],[1,0,1,5,3,4,8,3],[1,0,1,5,3,4,7,3],[1,0,2,1,6,5,3,4,7,4],[3,2,0,3,4,1,8,9,6],[3,0,3,4,1,8,9,5],[3,2,0,7,1,8,9,5],[11,0,1,2,3,4,5,6,7,8,9,10,11,12,13,14,15,16,17,1],[4,0,3,4,6,5,2],[5,0,2,3,4,5,6,7,2],[5,1,0,2,3,4,5,6,7,3],[15,0,1,2,3,4,5,3],[8,0,1,3,4,2,7,8,6],[8,5,0,1,6,2,7,8,6],[2,0,1,2,3,6,7,8,5],[2,0,1,4,5,3,6,7,8,6],[2,0,1,4,5,6,7,8,5],[2,0,1,4,2,3,6,7,8,6],[2,0,1,2,5,6,7,5],[2,0,1,4,2,5,3,6,7,8,7]],[[[{"name":"default_btn_normal","rect":{"x":0,"y":0,"width":40,"height":40},"offset":{"x":0,"y":0},"originalSize":{"width":40,"height":40},"rotated":false,"capInsets":[12,12,12,12],"vertices":{"rawPosition":[-20,-20,0,20,-20,0,-20,20,0,20,20,0],"indexes":[0,1,2,2,1,3],"uv":[0,40,40,40,0,0,40,0],"nuv":[0,0,1,0,0,1,1,1],"minPos":{"x":-20,"y":-20,"z":0},"maxPos":{"x":20,"y":20,"z":0}},"packable":true,"pixelsToUnit":100,"pivot":{"x":0.5,"y":0.5},"meshType":0}],[0],0,[0],[1],[13]],[[{"name":"fightBoxGold","rect":{"x":0,"y":0,"width":152,"height":98},"offset":{"x":0,"y":0},"originalSize":{"width":152,"height":98},"rotated":false,"capInsets":[51,44,48,48],"vertices":{"rawPosition":[-76,-49,0,76,-49,0,-76,49,0,76,49,0],"indexes":[0,1,2,2,1,3],"uv":[0,98,152,98,0,0,152,0],"nuv":[0,0,1,0,0,1,1,1],"minPos":{"x":-76,"y":-49,"z":0},"maxPos":{"x":76,"y":49,"z":0}},"packable":true,"pixelsToUnit":100,"pivot":{"x":0.5,"y":0.5},"meshType":0}],[0],0,[0],[1],[14]],[[{"name":"default_btn_pressed","rect":{"x":0,"y":0,"width":40,"height":40},"offset":{"x":0,"y":0},"originalSize":{"width":40,"height":40},"rotated":false,"capInsets":[12,12,12,12],"vertices":{"rawPosition":[-20,-20,0,20,-20,0,-20,20,0,20,20,0],"indexes":[0,1,2,2,1,3],"uv":[0,40,40,40,0,0,40,0],"nuv":[0,0,1,0,0,1,1,1],"minPos":{"x":-20,"y":-20,"z":0},"maxPos":{"x":20,"y":20,"z":0}},"packable":true,"pixelsToUnit":100,"pivot":{"x":0.5,"y":0.5},"meshType":0}],[0],0,[0],[1],[15]],[[{"name":"fightBox2c","rect":{"x":0,"y":0,"width":75,"height":31},"offset":{"x":0,"y":0},"originalSize":{"width":75,"height":31},"rotated":false,"capInsets":[0,0,0,0],"vertices":{"rawPosition":[-37.5,-15.5,0,37.5,-15.5,0,-37.5,15.5,0,37.5,15.5,0],"indexes":[0,1,2,2,1,3],"uv":[0,31,75,31,0,0,75,0],"nuv":[0,0,1,0,0,1,1,1],"minPos":{"x":-37.5,"y":-15.5,"z":0},"maxPos":{"x":37.5,"y":15.5,"z":0}},"packable":true,"pixelsToUnit":100,"pivot":{"x":0.5,"y":0.5},"meshType":0}],[0],0,[0],[1],[16]],[[{"name":"homeIconVedio","rect":{"x":0,"y":0,"width":58,"height":40},"offset":{"x":0,"y":0},"originalSize":{"width":58,"height":40},"rotated":false,"capInsets":[0,0,0,0],"vertices":{"rawPosition":[-29,-20,0,29,-20,0,-29,20,0,29,20,0],"indexes":[0,1,2,2,1,3],"uv":[0,40,58,40,0,0,58,0],"nuv":[0,0,1,0,0,1,1,1],"minPos":{"x":-29,"y":-20,"z":0},"maxPos":{"x":29,"y":20,"z":0}},"packable":true,"pixelsToUnit":100,"pivot":{"x":0.5,"y":0.5},"meshType":0}],[0],0,[0],[1],[17]],[[{"name":"fightBox2a","rect":{"x":0,"y":0,"width":75,"height":31},"offset":{"x":0,"y":0},"originalSize":{"width":75,"height":31},"rotated":false,"capInsets":[0,0,0,0],"vertices":{"rawPosition":[-37.5,-15.5,0,37.5,-15.5,0,-37.5,15.5,0,37.5,15.5,0],"indexes":[0,1,2,2,1,3],"uv":[0,31,75,31,0,0,75,0],"nuv":[0,0,1,0,0,1,1,1],"minPos":{"x":-37.5,"y":-15.5,"z":0},"maxPos":{"x":37.5,"y":15.5,"z":0}},"packable":true,"pixelsToUnit":100,"pivot":{"x":0.5,"y":0.5},"meshType":0}],[0],0,[0],[1],[18]],[[{"name":"fightBox3a","rect":{"x":0,"y":0,"width":97,"height":66},"offset":{"x":0,"y":0},"originalSize":{"width":97,"height":66},"rotated":false,"capInsets":[0,0,0,0],"vertices":{"rawPosition":[-48.5,-33,0,48.5,-33,0,-48.5,33,0,48.5,33,0],"indexes":[0,1,2,2,1,3],"uv":[0,66,97,66,0,0,97,0],"nuv":[0,0,1,0,0,1,1,1],"minPos":{"x":-48.5,"y":-33,"z":0},"maxPos":{"x":48.5,"y":33,"z":0}},"packable":true,"pixelsToUnit":100,"pivot":{"x":0.5,"y":0.5},"meshType":0}],[0],0,[0],[1],[19]],[[{"name":"commonBtnRed","rect":{"x":0,"y":0,"width":208,"height":88},"offset":{"x":0,"y":0},"originalSize":{"width":208,"height":88},"rotated":false,"capInsets":[0,0,0,0],"vertices":{"rawPosition":[-104,-44,0,104,-44,0,-104,44,0,104,44,0],"indexes":[0,1,2,2,1,3],"uv":[0,88,208,88,0,0,208,0],"nuv":[0,0,1,0,0,1,1,1],"minPos":{"x":-104,"y":-44,"z":0},"maxPos":{"x":104,"y":44,"z":0}},"packable":true,"pixelsToUnit":100,"pivot":{"x":0.5,"y":0.5},"meshType":0}],[0],0,[0],[1],[20]],[[{"name":"fightBox2b","rect":{"x":0,"y":0,"width":75,"height":31},"offset":{"x":0,"y":0},"originalSize":{"width":75,"height":31},"rotated":false,"capInsets":[0,0,0,0],"vertices":{"rawPosition":[-37.5,-15.5,0,37.5,-15.5,0,-37.5,15.5,0,37.5,15.5,0],"indexes":[0,1,2,2,1,3],"uv":[0,31,75,31,0,0,75,0],"nuv":[0,0,1,0,0,1,1,1],"minPos":{"x":-37.5,"y":-15.5,"z":0},"maxPos":{"x":37.5,"y":15.5,"z":0}},"packable":true,"pixelsToUnit":100,"pivot":{"x":0.5,"y":0.5},"meshType":0}],[0],0,[0],[1],[21]],[[{"name":"commonIconGold","rect":{"x":0,"y":0,"width":49,"height":52},"offset":{"x":0,"y":0},"originalSize":{"width":49,"height":52},"rotated":false,"capInsets":[0,0,0,0],"vertices":{"rawPosition":[-24.5,-26,0,24.5,-26,0,-24.5,26,0,24.5,26,0],"indexes":[0,1,2,2,1,3],"uv":[0,52,49,52,0,0,49,0],"nuv":[0,0,1,0,0,1,1,1],"minPos":{"x":-24.5,"y":-26,"z":0},"maxPos":{"x":24.5,"y":26,"z":0}},"packable":true,"pixelsToUnit":100,"pivot":{"x":0.5,"y":0.5},"meshType":0}],[0],0,[0],[1],[22]],[[{"name":"default_btn_disabled","rect":{"x":0,"y":0,"width":40,"height":40},"offset":{"x":0,"y":0},"originalSize":{"width":40,"height":40},"rotated":false,"capInsets":[12,12,12,12],"vertices":{"rawPosition":[-20,-20,0,20,-20,0,-20,20,0,20,20,0],"indexes":[0,1,2,2,1,3],"uv":[0,40,40,40,0,0,40,0],"nuv":[0,0,1,0,0,1,1,1],"minPos":{"x":-20,"y":-20,"z":0},"maxPos":{"x":20,"y":20,"z":0}},"packable":true,"pixelsToUnit":100,"pivot":{"x":0.5,"y":0.5},"meshType":0}],[0],0,[0],[1],[23]],[[{"name":"fightBox3b","rect":{"x":0,"y":0,"width":97,"height":66},"offset":{"x":0,"y":0},"originalSize":{"width":97,"height":66},"rotated":false,"capInsets":[0,0,0,0],"vertices":{"rawPosition":[-48.5,-33,0,48.5,-33,0,-48.5,33,0,48.5,33,0],"indexes":[0,1,2,2,1,3],"uv":[0,66,97,66,0,0,97,0],"nuv":[0,0,1,0,0,1,1,1],"minPos":{"x":-48.5,"y":-33,"z":0},"maxPos":{"x":48.5,"y":33,"z":0}},"packable":true,"pixelsToUnit":100,"pivot":{"x":0.5,"y":0.5},"meshType":0}],[0],0,[0],[1],[24]],[[[19,"balance"],[20,"balance",33554432,[-18,-19,-20,-21],[[13,"balance<UITransform>",-2,[0,"ad2zRQeF5AYIbzXWYKSp6f"],[5,720,1280]],[24,"balance<Widget>",45,100,100,1,-3,[0,"5d22P/5UBIKoy0/2kPMEcv"]],[27,-17,[0,"5dszOyV2NM5Lh5WryGGIYI"],-16,-15,-14,-13,-12,[-9,-10,-11],-8,-7,-6,-5,-4,22,23,24,25,26]],[1,"26BQ70JbxKKrH/BadLuLZB",null,null,null,-1,0]],[21,"btnGetMulti",33554432,[-28,-29,-30],[[2,-22,[0,"9fpNXEcL9LA5b/0EQCSSkc"],[5,480,98]],[6,1,0,false,-23,[0,"402khxTdFK1oyJ6Kl7Zj6m"],18],[29,0.85,-25,[0,"2dszDa3HxNX5sTOmySIYSv"],[[7,"b6b06mpFMlIZqLpxXisU3Cu","onBtnGetMultiClick",1]],[4,4292269782],-24,19],[8,-26,[0,"7etFO6DxBKEY8US811AFyh"]],[31,"btnGetMulti<Animation>",true,-27,[0,"1eCLLv4DpDWYiu/lIRBUkT"],[20],21]],[1,"d9q7xjyg5DJIOFrV9n24Vy",null,null,null,1,0],[1,1.043387999944389,1.043387999944389,1.043387999944389]],[9,"progress",33554432,1,[-34,-35,-36,-37,-38],[[2,-31,[0,"27G9Fc1NdEuL9p2w+RRvAz"],[5,379,66]],[32,1,1,-10,1,true,-32,[0,"0bBE/YbDNLIIIqDhVKbzhO"]],[14,1,150,1,-33,[0,"a0r3VOj9NEoZL9pkbboeYr"]]],[1,"ee5SMO7blGA7WgRH9S8YNz",null,null,null,1,0],[1,0,457,0]],[22,"btnGetNormal",33554432,[-44,-45,-46],[[2,-39,[0,"530kovFRxOfqSgRLHtwO4l"],[5,380,78.4]],[6,1,0,false,-40,[0,"6ahoDKpDlJU5pP4b4Mi9YQ"],10],[30,3,0.85,-42,[0,"f1ItGQiwRD27d/C5vZcN5M"],[[7,"b6b06mpFMlIZqLpxXisU3Cu","onBtnGetNormalClick",1]],[4,4292269782],-41,11],[8,-43,[0,"30MblFehVN47utpKa7IWZw"]]],[1,"c3PqrhOMBLh7p/W6t8xvXj",null,null,null,1,0],[1,0,-40.239999999999995,0]],[9,"btnGet",33554432,2,[-52,-53],[[2,-47,[0,"5b5tYdcRtKGrmhlFbE6tfB"],[5,208,88]],[6,1,2,false,-48,[0,"celShHwdBH95OJXAKIt+2S"],13],[16,3,0.85,-50,[0,"ecQc1oTc1PJrkIJiXVqZT4"],[[7,"b6b06mpFMlIZqLpxXisU3Cu","onBtnGetMultiClick",1]],[4,4292269782],-49,14,15,16,17],[8,-51,[0,"7aayEdQ4NHmI1jLkRcPZkT"]]],[1,"e5UVx22Y9OL5RA2SyoZruR",null,null,null,1,0],[1,130.218,0,0]],[10,"bottom",33554432,1,[-57,4,-58],[[[13,"bottom<UITransform>",-54,[0,"070pAGDaBHKKI/3UufD4TY"],[5,480,158.88]],[33,"bottom<Layout>",1,2,20,true,-55,[0,"9dkeweqhZLP62qLAOXUghp"]],-56],4,4,1],[1,"fcc18jQL5O7rGVbTtRjlNr",null,null,null,1,0],[1,0,-291.795,0]],[9,"btnGet",33554432,4,[-64],[[2,-59,[0,"e48Fr205dEGJgOCzx3bNjN"],[5,166.4,70.4]],[6,1,0,false,-60,[0,"8cSQUaFT5Az7HhCipR/rTu"],5],[16,3,0.85,-62,[0,"69HdaTyvRIKpBl+y7tCeI4"],[[7,"b6b06mpFMlIZqLpxXisU3Cu","onBtnGetNormalClick",1]],[4,4292269782],-61,6,7,8,9],[8,-63,[0,"ebHClq/8VBarlQNO5jO5Wh"]]],[1,"63nTUujuhDRp74rDJ4QgRq",null,null,null,1,0],[1,100.21799999999999,0,0]],[12,"bg",33554432,1,[[2,-65,[0,"c5sdWKPHxFYqbsprzQj9XQ"],[5,720,1280]],[28,0,-66,[0,"22EfqdEv1J56R3q1vPfplL"],[4,3372220415],0],[25,45,100,100,1,-67,[0,"70Z6GIj2JBgKmQ7sId8Wmm"]]],[1,"bdmNW8/qhNF49p++l+LFdT",null,null,null,1,0]],[10,"target",33554432,3,[-70],[[[2,-68,[0,"34N/AcPN5Ct5PRpRF8+uHD"],[5,97,66]],-69],4,1],[1,"97H6W1JsBOup6ZfybCoocx",null,null,null,1,0],[1,141,0,0]],[3,"progress3",33554432,3,[[2,-71,[0,"5acCGBc2xEz4lJXp+TvDJs"],[5,75,31]],[5,2,false,-72,[0,"a4EFNt8j5FeZl3T/PKiXAA"],1]],[1,"1d/vtk4ohAhb+i9El/BR9w",null,null,null,1,0],[1,65,0,0]],[12,"progress2",33554432,3,[[2,-73,[0,"9bass+aSpGZr/ODzC057j4"],[5,75,31]],[5,2,false,-74,[0,"0cqN0daD9DdalZRnj8zN3M"],2]],[1,"07cwTjzVhE1IJIRpsvhHC6",null,null,null,1,0]],[3,"progress1",33554432,3,[[2,-75,[0,"1a3GGhi+REcqzMzUuzwFRC"],[5,75,31]],[5,2,false,-76,[0,"d4UrSviGhOjZzdBrjv8Ln5"],3]],[1,"f5LtK/8zVIUo/vnFA9x95j",null,null,null,1,0],[1,-65,0,0]],[10,"src",33554432,3,[-79],[[[2,-77,[0,"e5/IhNRGpNMaE99HXAkVzz"],[5,97,66]],-78],4,1],[1,"e48eFJicJPDpQFdWkf8bmm",null,null,null,1,0],[1,-141,0,0]],[4,"tips",33554432,1,[[[2,-80,[0,"24N0O/EV9HqrM0J1uNQFl3"],[5,362.7,90.72]],-81,[14,1,230,1,-82,[0,"61PpQqSnpH/qbec1b50O4e"]]],4,1,4],[1,"cfeRdeqRhPoIQPtt5wqHJG",null,null,null,1,0],[1,0,364.64,0]],[3,"tips",33554432,6,[[2,-83,[0,"d6WzrUiIlDb5TLhk1UJ2M9"],[5,200,60.48]],[34,"你赚到了：",40,48,true,-84,[0,"84/oEyRhFEuYwmrw/cy8SK"],[4,4293722111]],[18,"balance.youEarnedIt",-85,[0,"9c/X+7/CdO4KqLr2MIKhWl"]]],[1,"bbK+yyoxtMDqpq4FLeHF9H",null,null,null,1,0],[1,0,49.2,0]],[3,"icon",33554432,4,[[2,-86,[0,"46nb8wAjZOp6JHZeakJe0D"],[5,58.8,62.4]],[5,0,false,-87,[0,"d4ijMnlMpDlrxQkTKml5X8"],4],[15,8,8.350000000000001,1,-88,[0,"4ece4XL75JXKfPoSB4gE+t"]]],[1,"261z3HaTJPxJLpmTX82OsM",null,null,null,1,0],[1,-152.25,0,0]],[3,"Label",33554432,7,[[2,-89,[0,"0btDV0Ra9MjqY4rNg3es7M"],[5,112,50.4]],[35,"点击领取",28,28,false,true,-90,[0,"6aqWRaCchEXL19nQwXKq19"],[4,4279976099]],[18,"balance.clickReceive",-91,[0,"81pnUAhX9MNYmiw1p2iT3C"]]],[1,"350AgjXiZKu77Ca6CjUTg7",null,null,null,1,0],[1,0,3,0]],[3,"icon",33554432,2,[[2,-92,[0,"76bZk/2ApAyZqcGyjqxuvJ"],[5,73.5,78]],[5,0,false,-93,[0,"eeLK/IGhRIaYmxNOS9GDTz"],12],[15,8,18,1,-94,[0,"00ZHLA6hVIQo3YRM6d3bLw"]]],[1,"bfU5PzJhFJA7dduyYZM/0L",null,null,null,1,0],[1,-185.25,0,0]],[4,"targetLevel",33554432,9,[[[2,-95,[0,"a7qojM9qpDC4S3/iKqPVoc"],[5,22.25,60.48]],-96],4,1],[1,"8197tcMy5CJahoMBHaZJiO",null,null,null,1,0],[1,0,-2,0]],[4,"curLevel",33554432,13,[[[2,-97,[0,"f9LUANIWpHv5mBeC8c1S0o"],[5,22.25,60.48]],-98],4,1],[1,"58hjlJwU9LGLFpskTKruBE",null,null,null,1,0],[1,0,-2,0]],[4,"txt",33554432,4,[[[2,-99,[0,"f9RtUfxHlPLbAqlygdYXW+"],[5,93.42,60.48]],-100],4,1],[1,"33jCDgRddOcasOCIm6jX1t",null,null,null,1,0],[1,-56,-2,0]],[23,"multiSpace",false,33554432,6,[2],[[2,-101,[0,"e30zLvJd1ODZ5F71IHodtf"],[5,480,98]]],[1,"c0CxbMyTlMqKoVkFvRKgr1",null,null,null,1,0],[1,0,-89.44000000000001,0]],[4,"txt",33554432,2,[[[2,-102,[0,"9aH/f4GBdPh7cXUUFb/rD3"],[5,124.31,75.6]],-103],4,1],[1,"faQhUk3iZDgaCakcqokMQ4",null,null,null,1,0],[1,-56,-6,0]],[4,"imgAd",33554432,5,[[[2,-104,[0,"7cs9/n8fdN64pfMnMVbjVd"],[5,58,40]],-105],4,1],[1,"e57B/Jc9NKC7UnNb8qMJpR",null,null,null,1,0],[1,-25,5,0]],[3,"txtMulti",33554432,5,[[2,-106,[0,"1a3ZlgMYxBrYZrkvOsFY1t"],[5,39.14,50.4]],[36,"X3",32,32,false,-107,[0,"83hXhWzKRGbL+MIbx8xqAM"],[4,4278650243]]],[1,"94SN0bQytMWKxDU+oIuF8i",null,null,null,1,0],[1,43,3,0]],[17,"2",40,48,true,19,[0,"80jZ1cdNxLVq3RSGbaiSOu"]],[11,2,false,9,[0,"c9IgpGRhJO1IVCb2+BBQDt"]],[17,"1",40,48,true,20,[0,"4dXI9yC3BHkYxN/PoFKKEM"]],[11,2,false,13,[0,"9foy1TpsxAWomtmX4Ce6S5"]],[37,"你完成了1个订单",48,48,72,true,14,[0,"0cBo05RaRE27hrTJop4o5J"],[4,4284797171]],[38,"999K",40,48,false,21,[0,"c724hex49CbI5oDst0xHRK"]],[39,"999K",52,52,60,false,true,23,[0,"c5zHp1VSJJu7KMB1o1q4Eg"],[4,4284916479]],[11,2,false,24,[0,"47kDGK5dRBo7Xa6YE3mCpj"]],[26,"bottom<Widget>",4,268.765,1,6,[0,"63583leX9GOr0DXa8OXd8B"]]],0,[0,9,1,0,0,1,0,0,1,0,10,2,0,11,33,0,12,32,0,13,31,0,14,30,0,-1,12,0,-2,11,0,-3,10,0,15,34,0,16,26,0,17,28,0,18,27,0,19,29,0,0,1,0,-1,8,0,-2,3,0,-3,14,0,-4,6,0,0,2,0,0,2,0,3,2,0,0,2,0,0,2,0,0,2,0,-1,23,0,-2,18,0,-3,5,0,0,3,0,0,3,0,0,3,0,-1,9,0,-2,10,0,-3,11,0,-4,12,0,-5,13,0,0,4,0,0,4,0,3,4,0,0,4,0,0,4,0,-1,21,0,-2,16,0,-3,7,0,0,5,0,0,5,0,3,5,0,0,5,0,0,5,0,-1,24,0,-2,25,0,0,6,0,0,6,0,-3,34,0,-1,15,0,-3,22,0,0,7,0,0,7,0,3,7,0,0,7,0,0,7,0,-1,17,0,0,8,0,0,8,0,0,8,0,0,9,0,-2,27,0,-1,19,0,0,10,0,0,10,0,0,11,0,0,11,0,0,12,0,0,12,0,0,13,0,-2,29,0,-1,20,0,0,14,0,-2,30,0,0,14,0,0,15,0,0,15,0,0,15,0,0,16,0,0,16,0,0,16,0,0,17,0,0,17,0,0,17,0,0,18,0,0,18,0,0,18,0,0,19,0,-2,26,0,0,20,0,-2,28,0,0,21,0,-2,31,0,0,22,0,0,23,0,-2,32,0,0,24,0,-2,33,0,0,25,0,0,25,0,20,1,2,5,22,4,5,6,107],[0,0,0,0,0,0,0,0,0,0,0,0,0,0,0,0,0,0,0,0,0,0,0,0,0,0,0,27,29,33],[2,2,2,2,2,2,4,6,7,8,2,4,2,2,4,6,7,8,2,4,-1,21,22,23,24,25,26,2,2,2],[25,1,2,3,4,5,5,6,7,8,9,9,4,10,10,6,7,8,11,11,12,12,0,26,1,2,3,0,0,27]],[[{"name":"fightBoxGold02","rect":{"x":0,"y":0,"width":130,"height":78},"offset":{"x":0,"y":0},"originalSize":{"width":130,"height":78},"rotated":false,"capInsets":[41,36,45,39],"vertices":{"rawPosition":[-65,-39,0,65,-39,0,-65,39,0,65,39,0],"indexes":[0,1,2,2,1,3],"uv":[0,78,130,78,0,0,130,0],"nuv":[0,0,1,0,0,1,1,1],"minPos":{"x":-65,"y":-39,"z":0},"maxPos":{"x":65,"y":39,"z":0}},"packable":true,"pixelsToUnit":100,"pivot":{"x":0.5,"y":0.5},"meshType":0}],[0],0,[0],[1],[28]]]]
