[1,["15mfIbeAZKmp5vvB6Dv/uC@6c48a"],["_textureSource"],["cc.SpriteFrame"],0,[{"name":"car112","rect":{"x":1,"y":33,"width":157,"height":103},"offset":{"x":-0.5,"y":-4.5},"originalSize":{"width":160,"height":160},"rotated":false,"capInsets":[0,0,0,0],"vertices":{"rawPosition":[-78.5,-51.5,0,78.5,-51.5,0,-78.5,51.5,0,78.5,51.5,0],"indexes":[0,1,2,2,1,3],"uv":[1,127,158,127,1,24,158,24],"nuv":[0.00625,0.15,0.9875,0.15,0.00625,0.79375,0.9875,0.79375],"minPos":{"x":-78.5,"y":-51.5,"z":0},"maxPos":{"x":78.5,"y":51.5,"z":0}},"packable":true,"pixelsToUnit":100,"pivot":{"x":0.5,"y":0.5},"meshType":0}],[0],0,[0],[0],[0]]
