[1,["822QtbDkhOibE84I0W2O22","c5iiESAm5EM6OSul0zfI0J@f620b","8fKkJQ8r9PNpM50eidxrHb@6c48a","1brw/JvvpFnIvdrxpFCgMZ"],["root","node","data","_mesh","mainTexture","_effectAsset"],[["cc.Node",["_name","_prefab","_children","_parent","_lpos","_components","_lrot","_lscale","_euler"],2,4,2,1,5,9,5,5,5],["cc.Prefab",["_name"],2],["cc.PrefabInfo",["fileId","instance","targetOverrides","nestedPrefabInstanceRoots","root","asset"],-1,1,1],["cc.MeshRenderer",["_name","node","__prefab","_materials","bakeSettings","_mesh"],2,1,4,3,4,6],["cc.CompPrefabInfo",["fileId"],2],["cc.ModelBakeSettings",[],3],["cc.Material",["_name","_states","_defines","_props"],0,12],["cc.Mesh",["_native","_hash","_struct"],1,11]],[[2,0,1,2,3,4,5,5],[1,0,2],[0,0,2,1,2],[0,0,3,2,1,4,2],[0,0,3,5,1,6,7,8,2],[3,0,1,2,3,4,5,2],[4,0,2],[5,1],[6,0,1,2,3,4],[7,0,1,2,3]],[[[[1,"plane01"],[2,"plane01",[-2],[0,"Node.438",null,null,null,-1,0]],[3,"RootNode",1,[-3],[0,"Node.439",null,null,null,1,0],[1,0,-0.03,0]],[4,"Plane011",2,[[5,"Plane011<MeshRenderer>",-4,[6,"ffGV5zWi1JaKeUQ+FAg4oC"],[0],[7],1]],[0,"Node.440",null,null,null,1,0],[3,-0.7071067811865477,0,0,0.7071067811865474],[1,9.54580116271973,7.76876258850098,2.53999996185303],[1,-90.00000000000003,0,0]]],0,[0,0,1,0,-1,2,0,-1,3,0,1,3,0,2,1,4],[0,0],[-1,3],[0,1]],[[[8,"Material50x50",[{"blendState":{"targets":[{}]},"depthStencilState":{},"rasterizerState":{}},{"blendState":{"targets":[{}]},"depthStencilState":{},"rasterizerState":{}}],[{"USE_ALBEDO_MAP":true,"OCCLUSION_CHANNEL":"b","ROUGHNESS_CHANNEL":"r","METALLIC_CHANNEL":"g"},{}],[[[{"occlusion":0,"roughness":0.8,"metallic":0.6},"tilingOffset",8,[2,50,50,0,0],"mainTexture",6,0],{}],11,0]]],0,0,[0,0],[4,5],[2,3]],[[[9,".bin",120156343,[{"primitives":[{"primitiveMode":7,"vertexBundelIndices":[0],"indexView":{"offset":128,"length":12,"count":6,"stride":2}}],"vertexBundles":[{"view":{"offset":0,"length":128,"count":4,"stride":32},"attributes":[{"name":"a_position","format":32,"isNormalized":false},{"name":"a_normal","format":32,"isNormalized":false},{"name":"a_texCoord","format":21,"isNormalized":false}]}]},"minPosition",8,[1,-19.685039520263672,-19.685039520263672,0],"maxPosition",8,[1,19.685039520263672,19.685039520263672,0]]],-1],0,0,[],[],[]]]]
