[1,["1brw/JvvpFnIvdrxpFCgMZ","7aoejIMYdDhIJMTipu+qcI@442db","7aoejIMYdDhIJMTipu+qcI@4b8d7","7aoejIMYdDhIJMTipu+qcI@8dbc3","7aoejIMYdDhIJMTipu+qcI@0bac0","7aoejIMYdDhIJMTipu+qcI@44034"],["mainTexture","_effectAsset","root","node","data","_mesh"],[["cc.Node",["_name","_prefab","_children","_parent","_components","_lpos","_lrot","_lscale","_euler"],2,4,2,1,9,5,5,5,5],["cc.Material",["_name","_states","_defines","_props"],0,12],["cc.Mesh",["_native","_hash","_struct"],1,11],["cc.Prefab",["_name"],2],["cc.PrefabInfo",["fileId","instance","targetOverrides","nestedPrefabInstanceRoots","root","asset"],-1,1,1],["cc.MeshRenderer",["node","__prefab","_materials","bakeSettings","_mesh"],3,1,4,3,4,6],["cc.CompPrefabInfo",["fileId"],2],["cc.ModelBakeSettings",[],3]],[[4,0,1,2,3,4,5,5],[1,0,1,2,3,4],[2,0,1,2,3],[3,0,2],[0,0,2,1,2],[0,0,3,2,1,2],[0,0,3,4,1,5,6,7,8,2],[5,0,1,2,3,4,1],[6,0,2],[7,1]],[[[[1,"Material #87",[{"rasterizerState":{},"blendState":{"targets":[{}]},"depthStencilState":{}}],[{"USE_ALBEDO_MAP":true}],[[[{"metallic":0.400000005960464,"roughness":0.70710676908493},"albedoScale",8,[1,1,1,1],"mainTexture",6,0]],11]]],0,0,[0,0],[0,1],[1,0]],[[[2,".bin",2008981142,[{"primitives":[{"primitiveMode":7,"vertexBundelIndices":[0],"indexView":{"offset":5568,"length":540,"count":270,"stride":2}},{"primitiveMode":7,"vertexBundelIndices":[1],"indexView":{"offset":8124,"length":162,"count":81,"stride":2}}],"vertexBundles":[{"view":{"offset":0,"length":5568,"count":174,"stride":32},"attributes":[{"name":"a_position","format":32,"isNormalized":false},{"name":"a_normal","format":32,"isNormalized":false},{"name":"a_texCoord","format":21,"isNormalized":false}]},{"view":{"offset":6108,"length":2016,"count":63,"stride":32},"attributes":[{"name":"a_position","format":32,"isNormalized":false},{"name":"a_normal","format":32,"isNormalized":false},{"name":"a_texCoord","format":21,"isNormalized":false}]}]},"minPosition",8,[1,0,-7.629394360719743e-8,-0.0000014853477523502079],"maxPosition",8,[1,1.574803113937378,1.5748143196105957,0.013938126154243946]]],-1],0,0,[],[],[]],[[[1,"Material #90",[{"rasterizerState":{},"blendState":{"targets":[{}]},"depthStencilState":{}}],[{"USE_ALBEDO_MAP":true}],[[[{"metallic":0.400000005960464,"roughness":0.70710676908493},"albedoScale",8,[1,1,1,1],"mainTexture",6,0]],11]]],0,0,[0,0],[0,1],[2,0]],[[[3,"road06"],[4,"road06",[-2],[0,"Node.228",null,null,null,-1,0]],[5,"RootNode",1,[-3],[0,"Node.229",null,null,null,1,0]],[6,"001",2,[[7,-4,[8,"c2mASNwVRJoK9Ec117wJxo"],[0,1],[9],2]],[0,"Node.230",null,null,null,1,0],[1,-3,0,0],[3,-0.7071067811865476,0,0,0.7071067811865476],[1,2.53999996185303,2.53999996185303,2.53999996185303],[1,-90.00000000000003,0,0]]],0,[0,2,1,0,-1,2,0,-1,3,0,3,3,0,4,1,4],[0,0,0],[-1,-2,5],[3,4,5]]]]
