[1,["97te0/9wdNQYrboVJvG08m@c774a","1brw/JvvpFnIvdrxpFCgMZ","97te0/9wdNQYrboVJvG08m@b537b","97te0/9wdNQYrboVJvG08m@b8a2d"],["mainTexture","_effectAsset","root","node","data","_mesh"],[["cc.Node",["_name","_prefab","_children","_lpos","_parent","_components","_lrot","_lscale","_euler"],2,4,2,5,1,9,5,5,5],["cc.Material",["_name","_states","_defines","_props"],0,12],["cc.Mesh",["_native","_hash","_struct"],1,11],["cc.Prefab",["_name"],2],["cc.PrefabInfo",["fileId","instance","targetOverrides","nestedPrefabInstanceRoots","root","asset"],-1,1,1],["cc.MeshRenderer",["node","__prefab","_materials","bakeSettings","_mesh"],3,1,4,3,4,6],["cc.CompPrefabInfo",["fileId"],2],["cc.ModelBakeSettings",[],3]],[[4,0,1,2,3,4,5,5],[1,0,1,2,3,4],[2,0,1,2,3],[3,0,2],[0,0,2,1,3,2],[0,0,4,2,1,2],[0,0,4,5,1,3,6,7,8,2],[5,0,1,2,3,4,1],[6,0,2],[7,1]],[[[[1,"Material #93",[{"rasterizerState":{},"blendState":{"targets":[{}]},"depthStencilState":{}}],[{"USE_ALBEDO_MAP":true}],[[[{"metallic":0.400000005960464,"roughness":0.70710676908493},"albedoScale",8,[1,1,1,1],"mainTexture",6,0]],11]]],0,0,[0,0],[0,1],[0,1]],[[[2,".bin",1808380024,[{"primitives":[{"primitiveMode":7,"vertexBundelIndices":[0],"indexView":{"offset":128,"length":12,"count":6,"stride":2}}],"vertexBundles":[{"view":{"offset":0,"length":128,"count":4,"stride":32},"attributes":[{"name":"a_position","format":32,"isNormalized":false},{"name":"a_normal","format":32,"isNormalized":false},{"name":"a_texCoord","format":21,"isNormalized":false}]}]},"minPosition",8,[1,-0.38009172677993774,-0.04937722906470299,0],"maxPosition",8,[1,0.38009172677993774,0.04937722906470299,0]]],-1],0,0,[],[],[]],[[[3,"start"],[4,"start",[-2],[0,"Node.483",null,null,null,-1,0],[1,0,0,91.187]],[5,"RootNode",1,[-3],[0,"Node.484",null,null,null,1,0]],[6,"Plane001",2,[[7,-4,[8,"74Lk72bJZBNofPdy6uKxey"],[0],[9],1]],[0,"Node.485",null,null,null,1,0],[1,0.000716526061296463,0.0147108370438218,-0.0107674142345786],[3,-0.7071067811865476,0,0,0.7071067811865476],[1,2.53999996185303,2.53999996185303,2.53999996185303],[1,-90.00000000000003,0,0]]],0,[0,2,1,0,-1,2,0,-1,3,0,3,3,0,4,1,4],[0,0],[-1,5],[2,3]]]]
