[1,["4fL2aIfVZAc4v98pR+hqfs@f9941","e3WXWFh01Eab6MPd54dTQH@f9941","4fL2aIfVZAc4v98pR+hqfs@6c48a","59j67kw3ZEn5QZQlMy3QZ7@6c48a","97JD5bF7xG9JdkjQFb/xl1@6c48a","97JD5bF7xG9JdkjQFb/xl1@f9941","f25PxLKkdPGIWd1KhkP77f@f9941","faPYTrEk1Jh5zFEKnLSZ+f@f9941","c0pat0705JR7axzPQnrKqL","d7zv4j105Ld49Alp3KPRPz","59j67kw3ZEn5QZQlMy3QZ7@f9941","e3WXWFh01Eab6MPd54dTQH@6c48a","f25PxLKkdPGIWd1KhkP77f@6c48a","faPYTrEk1Jh5zFEKnLSZ+f@6c48a"],["node","_spriteFrame","_textureSource","_target","_parent","_normalSprite","root","aniReward","ndBtnImmediately","ndBtnNormal","ndBtnDouble","ndCarParent","lbImmediateBtn","lbTitle","lbTips","lbRewardValue","spIcon","data","sfGold"],[["cc.Node",["_name","_layer","_active","_components","_prefab","_lpos","_parent","_children","_lscale","_lrot","_euler"],0,9,4,5,1,2,5,5,5],"cc.SpriteFrame",["cc.Sprite",["_sizeMode","_name","_type","_isTrimmedMode","node","__prefab","_spriteFrame","_color"],-1,1,4,6,5],["cc.Label",["_string","_actualFontSize","_fontSize","_lineHeight","_horizontalAlign","_isBold","_name","_overflow","node","__prefab","_color"],-5,1,4,5],["cc.Node",["_name","_layer","_active","_parent","_components","_prefab","_lpos","_children","_lscale"],0,1,12,4,5,2,5],["cc.Widget",["_alignMode","_name","_alignFlags","_bottom","_originalWidth","_originalHeight","_top","_left","_right","node","__prefab"],-6,1,4],["cc.UITransform",["_name","node","__prefab","_contentSize"],2,1,4,5],["cc.Layout",["_layoutType","_spacingX","_spacingY","_resizeMode","node","__prefab"],-1,1,4],["cc.Button",["_transition","_zoomScale","_name","node","__prefab","clickEvents","_normalColor","_target","_normalSprite"],0,1,4,9,5,1,6],["cc.Prefab",["_name"],2],["cc.CompPrefabInfo",["fileId"],2],["968ba6c9F9AupY/AbKjAj++",["node","__prefab"],3,1,4],["880e1kClIdKPqdXdgTIpdv2",["node","__prefab","spIcon","lbRewardValue","lbTips","lbTitle","lbImmediateBtn","ndCarParent","ndBtnDouble","ndBtnNormal","ndBtnImmediately","aniReward","sfGold"],3,1,4,1,1,1,1,1,1,1,1,1,1,6],["cc.PrefabInfo",["fileId","instance","targetOverrides","nestedPrefabInstanceRoots","root","asset"],-1,1,1],["cc.ClickEvent",["_componentId","handler","target"],1,1],["f130br9GwZGkJEkRGonhXxR",["node","__prefab"],3,1,4],["c4c1axXN+NL4oYQEr2M4qn2",["_dataID","node","__prefab"],2,1,4],["cc.Animation",["_name","node","__prefab","_clips"],2,1,4,3]],[[10,0,2],[13,0,1,2,3,4,5,5],[6,1,2,3,1],[6,0,1,2,3,2],[16,0,1,2,2],[14,0,1,2,3],[15,0,1,1],[0,0,1,7,3,4,3],[0,0,1,6,7,3,4,5,3],[0,0,1,6,3,4,5,3],[4,0,1,3,4,5,6,3],[5,1,2,4,5,0,9,10,6],[5,1,7,8,6,3,4,5,0,9,10,9],[2,1,0,4,5,6,3],[8,0,1,3,4,5,6,7,8,3],[9,0,2],[0,0,2,1,7,3,4,4],[0,0,1,3,4,5,3],[0,0,1,6,3,4,3],[0,0,1,6,3,4,5,8,3],[0,0,1,6,3,4,5,9,8,10,3],[4,0,1,3,7,4,5,6,3],[4,0,1,3,4,5,3],[4,0,2,1,3,4,5,6,4],[4,0,1,3,4,5,6,8,3],[5,2,6,3,0,9,10,5],[5,1,2,7,3,0,9,10,6],[5,1,2,7,8,6,3,4,5,0,9,10,10],[11,0,1,1],[12,0,1,2,3,4,5,6,7,8,9,10,11,12,1],[2,0,4,5,6,2],[2,2,0,4,5,6,3],[2,1,0,4,5,7,6,3],[2,0,3,4,5,7,6,3],[2,0,4,5,7,2],[7,0,1,2,4,5,4],[7,3,0,1,4,5,4],[8,2,0,1,3,4,5,6,7,4],[3,6,0,4,1,2,8,9,10,6],[3,0,4,1,2,5,8,9,10,6],[3,0,1,3,8,9,4],[3,0,1,3,7,8,9,5],[3,0,1,2,3,8,9,10,5],[3,0,1,2,5,8,9,10,5],[17,0,1,2,3,2]],[[[{"name":"commonBtnYellow","rect":{"x":0,"y":0,"width":208,"height":88},"offset":{"x":0,"y":0},"originalSize":{"width":208,"height":88},"rotated":false,"capInsets":[107,36,91,49],"vertices":{"rawPosition":[-104,-44,0,104,-44,0,-104,44,0,104,44,0],"indexes":[0,1,2,2,1,3],"uv":[0,88,208,88,0,0,208,0],"nuv":[0,0,1,0,0,1,1,1],"minPos":{"x":-104,"y":-44,"z":0},"maxPos":{"x":104,"y":44,"z":0}},"packable":true,"pixelsToUnit":100,"pivot":{"x":0.5,"y":0.5},"meshType":0}],[1],0,[0],[2],[2]],[[{"name":"homeIconShare","rect":{"x":0,"y":0,"width":68,"height":48},"offset":{"x":0,"y":0},"originalSize":{"width":68,"height":48},"rotated":false,"capInsets":[0,0,0,0],"vertices":{"rawPosition":[-34,-24,0,34,-24,0,-34,24,0,34,24,0],"indexes":[0,1,2,2,1,3],"uv":[0,48,68,48,0,0,68,0],"nuv":[0,0,1,0,0,1,1,1],"minPos":{"x":-34,"y":-24,"z":0},"maxPos":{"x":34,"y":24,"z":0}},"packable":true,"pixelsToUnit":100,"pivot":{"x":0.5,"y":0.5},"meshType":0}],[1],0,[0],[2],[3]],[[{"name":"singleColorBlack","rect":{"x":0,"y":0,"width":2,"height":2},"offset":{"x":0,"y":0},"originalSize":{"width":2,"height":2},"rotated":false,"capInsets":[0,0,0,0],"vertices":{"rawPosition":[-1,-1,0,1,-1,0,-1,1,0,1,1,0],"indexes":[0,1,2,2,1,3],"uv":[0,2,2,2,0,0,2,0],"nuv":[0,0,1,0,0,1,1,1],"minPos":{"x":-1,"y":-1,"z":0},"maxPos":{"x":1,"y":1,"z":0}},"packable":true,"pixelsToUnit":100,"pivot":{"x":0.5,"y":0.5},"meshType":0}],[1],0,[0],[2],[4]],[[[15,"showReward"],[7,"showReward",33554432,[-16,-17,-18],[[3,"balance<UITransform>",-2,[0,"f5tvWGz6VKN5tH7hREPxap"],[5,720,1280]],[11,"balance<Widget>",45,100,100,1,-3,[0,"187WjmhRBPJ7y4FuFO50sd"]],[28,-4,[0,"f9JXg5LhNKdL1rmv3vQwrP"]],[29,-15,[0,"276HN3Xw9H8KIv+1GHtUeN"],-14,-13,-12,-11,-10,-9,-8,-7,-6,-5,10]],[1,"26BQ70JbxKKrH/BadLuLZB",null,null,null,-1,0]],[16,"btnDouble",false,33554432,[-27,-28],[[2,-19,[0,"13MNik1INJjJdTYYqjv8+g"],[5,264,105.6]],[30,0,-20,[0,"304BIvlP5KAbi4DcoRlA+U"],6],[35,1,5,5,-21,[0,"beGYAGcGlCWaF2Pm9hhelC"]],[25,4,342.84900000000005,-52.79999999999997,1,-22,[0,"47gN4Pe7FEcKyIDUxG2N0g"]],[14,3,0.85,-24,[0,"60YP86BRJGXqFzFcA4ZEWQ"],[[5,"880e1kClIdKPqdXdgTIpdv2","onBtnDoubleClick",1]],[4,4292269782],-23,7],[6,-25,[0,"8cIn2yOlJDTLItP9/RRXAx"]],[36,1,1,20,-26,[0,"82EUFMVylLdrjkl02jzgFE"]]],[1,"ca/KcdX2pNG6MpaldbpyZL",null,null,null,1,0]],[21,"main",33554432,1,[-32,-33,-34,-35,-36,-37],[[[3,"main<UITransform>",-29,[0,"85aoXZWAROLr7SGFr+CxUb"],[5,650,600]],[12,"main<Widget>",35,35,113.78800000000001,266.212,650,900,1,-30,[0,"f7L+YlBb9JQJTyc+vrKm72"]],-31],4,4,1],[1,"b0d/7sNv9GvpwYmiXzP+3C",null,null,null,1,0],[1,0,41.772,0]],[17,"btnNormal",33554432,[[3,"btnNormal<UITransform>",-38,[0,"1dRThW31lPOJqnAZ1huNzC"],[5,120,50.4]],[38,"btnNormal<Label>","普通领取",0,30,30,-39,[0,"59KVVkZU9H7LrDuUcF4OK0"],[4,4289374632]],[37,"btnNormal<Button>",3,0.85,-41,[0,"363zuZ8+tC6o2g6hhuHz6r"],[[5,"880e1kClIdKPqdXdgTIpdv2","onBtnNormalClick",1]],[4,4292269782],-40],[26,"btnNormal<Widget>",4,300,-110.88699999999994,1,-42,[0,"67v4h80XpHr6rvX3s6JTjx"]],[6,-43,[0,"d3KGsNdLNF94joC9Vd1+l+"]],[4,"showReward.normalReceive",-44,[0,"cdf+3d4gRNNInNXKiRH1rA"]]],[1,"1eCEkrnpRMno0L700sKqG6",null,null,null,1,0],[1,0,-85.68699999999997,0]],[7,"btnImmediately",33554432,[-50],[[2,-45,[0,"e2yCUV3MdPWJ6kEs8hP5Tm"],[5,164,105.6]],[31,1,0,-46,[0,"08S3cKEJZKyKyg2K/tCCVH"],8],[14,3,0.85,-48,[0,"c8qvQb8GZAPLqVO3l8sltg"],[[5,"880e1kClIdKPqdXdgTIpdv2","onBtnImmediatelyClick",1]],[4,4292269782],-47,9],[6,-49,[0,"36JENnr69M55HSY6jBYvFt"]]],[1,"63ZOZZKRRG9pIDaqCT41Pg",null,null,null,1,0]],[8,"menu",33554432,1,[2,4,5],[[3,"mainBg<UITransform>",-51,[0,"fe1L/cP3JGmrZadurSfFiT"],[5,0,5.684341886080802e-14]],[27,"mainBg<Widget>",45,360,360,974.4369999999999,305.56300000000005,660,890,1,-52,[0,"acJ3abNaFECYaumbgA/fDX"]]],[1,"94VwCHYVFCfp1zMxNvZZld",null,null,null,1,0],[1,0,-334.4369999999999,0]],[8,"title",33554432,3,[-56],[[3,"title<UITransform>",-53,[0,"ef5sEBIvlO4JEYK5oTbfze"],[5,482,124]],[13,"title<Sprite>",2,-54,[0,"20e9KbvAtJlol7WYkHbknO"],1],[12,"title<Widget>",193.648,186.352,-69.52699999999999,885.315,270,80,1,-55,[0,"4eFS4MyJ1FP69FKvXalbN/"]]],[1,"5fDc4VUj1Mi4nN3ElUfwro",null,null,null,1,0],[1,3.648,395.918,0]],[18,"bg",33554432,1,[[3,"bg<UITransform>",-57,[0,"d0j9e3+9hKaoT9XpCcgFPW"],[5,720,1280]],[32,"bg<Sprite>",0,-58,[0,"9exNutTwJGSboSJUW1nYJ/"],[4,3355443200],0],[11,"bg<Widget>",45,100,100,1,-59,[0,"e8bhGx7q9CqYXSiI+PUBHP"]]],[1,"64P9L+oANBrK0H4XsEBrqE",null,null,null,1,0]],[10,"txt",33554432,7,[[[2,-60,[0,"81NbFKobJJn5lJK1CRGoAc"],[5,80,63]],-61,[4,"showReward.title",-62,[0,"bb7aOg96tK+p2UdPEkcOtj"]]],4,1,4],[1,"f4vBgmFq5OM4y5Iqw6AKBm",null,null,null,1,0],[1,-3.262,13.845,0]],[9,"txt",33554432,2,[[2,-63,[0,"14yWAL7c5LgLdU45xzmqUe"],[5,144,50.4]],[39,"双倍领取",0,36,36,true,-64,[0,"60JdPD0ORCkYWS+3pKfjiF"],[4,4279976099]],[4,"showReward.doubleReceive",-65,[0,"9aNptivaNAy7WzBT10ITwr"]]],[1,"58MTVqmf1H942s24/1qpVX",null,null,null,1,0],[1,50,0,0]],[22,"txt",33554432,5,[[[2,-66,[0,"20mclftOxAhKIPJ08mVCsj"],[5,144,50.4]],-67,[4,"showReward.ReceiveImmediately",-68,[0,"712QdHSkZEwrcSSK8uAxbt"]]],4,1,4],[1,"5aZUBffVNMWpurQ8Ila6dW",null,null,null,1,0]],[23,"tips",false,33554432,3,[[[2,-69,[0,"6bb1Pn9gxOl4W1zNeu6riP"],[5,600,63]],-70],4,1],[1,"42nURQy1BOfoV16dcHeaSl",null,null,null,1,0],[1,0,258.516,0]],[19,"light",33554432,3,[[2,-71,[0,"b4yNpnFDlPsrcfYW/PR2qP"],[5,320,320]],[33,2,false,-72,[0,"65zafLcXZPxaNvLvbWyHGE"],[4,16777215],2]],[1,"60zAO0qKdFIIzQXJdSLosx",null,null,null,1,0],[1,0,-50,0],[1,0,0,0]],[24,"icon",33554432,3,[[[2,-73,[0,"b5UB1uy31L7IGoKpMu3MM6"],[5,250,200]],-74],4,1],[1,"8f74ivOr1EIIj5TbfHXy2K",null,null,null,1,0],[1,0,-50.041,0],[1,2,2,2]],[20,"car",33554432,3,[[2,-75,[0,"5deOXtv6RA0pskWs/xL8lO"],[5,320,320]]],[1,"a9OoHR2xpFSrkLbdDx+B+K",null,null,null,1,0],[1,0,-90,40],[3,0.022441021635427605,0.9525423816496932,0.14982690691616027,0.2640289940007063],[1,3,3,3],[1,-16,150,7]],[10,"value",33554432,3,[[[2,-76,[0,"38TV9hjs1EUrODm+SyA9Yd"],[5,83.42,75.6]],-77],4,1],[1,"d0zcMA5j1EN7qKNPIduSzu",null,null,null,1,0],[1,0,-280,0]],[9,"icon",33554432,2,[[3,"icon<UITransform>",-78,[0,"34da5xKHhCLL3Rv5Tooj7n"],[5,70,50]],[13,"icon<Sprite>",0,-79,[0,"6f88YV8cpHOrWaDJdV/d89"],5]],[1,"3a2G5tsHBGd4FHXVXeDFhV",null,null,null,1,0],[1,-77,0,0]],[40,"奖励",40,50,9,[0,"63mwnpO45BD6MgfjafZuXO"]],[41,"",25,50,2,12,[0,"aaqnr8Ne1NbqwVnKg5zAs9"]],[34,0,14,[0,"a6PCZ/q3ZPJLTIZmwv0Or1"],[4,16777215]],[42,"200",50,50,60,16,[0,"03hN5U5QtHWYRoUYlt3k7K"],[4,16777215]],[44,"main<Animation>",3,[0,"03EKA5JfBBqLDYsdzlkQZe"],[3,4]],[43,"立即领取",36,36,true,11,[0,"a8Jf4wrx9BF7uxytR6a01l"],[4,4279976099]]],0,[0,6,1,0,0,1,0,0,1,0,0,1,0,7,22,0,8,5,0,9,4,0,10,2,0,11,15,0,12,23,0,13,18,0,14,19,0,15,21,0,16,20,0,0,1,0,-1,8,0,-2,3,0,-3,6,0,0,2,0,0,2,0,0,2,0,0,2,0,3,2,0,0,2,0,0,2,0,0,2,0,-1,17,0,-2,10,0,0,3,0,0,3,0,-3,22,0,-1,7,0,-2,12,0,-3,13,0,-4,14,0,-5,15,0,-6,16,0,0,4,0,0,4,0,3,4,0,0,4,0,0,4,0,0,4,0,0,4,0,0,5,0,0,5,0,3,5,0,0,5,0,0,5,0,-1,11,0,0,6,0,0,6,0,0,7,0,0,7,0,0,7,0,-1,9,0,0,8,0,0,8,0,0,8,0,0,9,0,-2,18,0,0,9,0,0,10,0,0,10,0,0,10,0,0,11,0,-2,23,0,0,11,0,0,12,0,-2,19,0,0,13,0,0,13,0,0,14,0,-2,20,0,0,15,0,0,16,0,-2,21,0,0,17,0,0,17,0,17,1,2,4,6,4,4,6,5,4,6,79],[0,0,0,0,0,0,0,0,0,0,0,20],[1,1,1,-1,-2,1,1,5,1,5,18,1],[5,6,7,8,9,10,0,0,0,0,1,1]],[[{"name":"fightImgGold","rect":{"x":0,"y":0,"width":268,"height":209},"offset":{"x":0,"y":0},"originalSize":{"width":268,"height":209},"rotated":false,"capInsets":[0,0,0,0],"vertices":{"rawPosition":[-134,-104.5,0,134,-104.5,0,-134,104.5,0,134,104.5,0],"indexes":[0,1,2,2,1,3],"uv":[0,209,268,209,0,0,268,0],"nuv":[0,0,1,0,0,1,1,1],"minPos":{"x":-134,"y":-104.5,"z":0},"maxPos":{"x":134,"y":104.5,"z":0}},"packable":true,"pixelsToUnit":100,"pivot":{"x":0.5,"y":0.5},"meshType":0}],[1],0,[0],[2],[11]],[[{"name":"commonTitle02","rect":{"x":0,"y":0,"width":482,"height":124},"offset":{"x":0,"y":0},"originalSize":{"width":482,"height":124},"rotated":false,"capInsets":[0,0,0,0],"vertices":{"rawPosition":[-241,-62,0,241,-62,0,-241,62,0,241,62,0],"indexes":[0,1,2,2,1,3],"uv":[0,124,482,124,0,0,482,0],"nuv":[0,0,1,0,0,1,1,1],"minPos":{"x":-241,"y":-62,"z":0},"maxPos":{"x":241,"y":62,"z":0}},"packable":true,"pixelsToUnit":100,"pivot":{"x":0.5,"y":0.5},"meshType":0}],[1],0,[0],[2],[12]],[[{"name":"dailyImgLight","rect":{"x":0,"y":0,"width":320,"height":319},"offset":{"x":0,"y":0.5},"originalSize":{"width":320,"height":320},"rotated":false,"capInsets":[0,0,0,0],"vertices":{"rawPosition":[-160,-159.5,0,160,-159.5,0,-160,159.5,0,160,159.5,0],"indexes":[0,1,2,2,1,3],"uv":[0,320,320,320,0,1,320,1],"nuv":[0,0.003125,1,0.003125,0,1,1,1],"minPos":{"x":-160,"y":-159.5,"z":0},"maxPos":{"x":160,"y":159.5,"z":0}},"packable":true,"pixelsToUnit":100,"pivot":{"x":0.5,"y":0.5},"meshType":0}],[1],0,[0],[2],[13]]]]
