[1,["f3d5R3fb9HUZAvmFlzcgFS","49LBk7l6RC87epam5M7MDp"],["_textureSetter","spriteFrame"],["cc.SpriteFrame",["cc.BitmapFont",["_name","fontSize","_fntConfig"],0]],[[1,0,1,2,4]],[[[{"name":"mikado_outline_shadow","rect":[3,3,497,232],"offset":[-4.5,9],"originalSize":[512,256],"capInsets":[0,0,0,0]}],[0],0,[0],[0],[0]],[[[0,"mikado_outline_shadow",36,{"commonHeight":49,"fontSize":36,"atlasName":"mikado_outline_shadow.png","fontDefDictionary":{"32":{"xOffset":0,"yOffset":40,"xAdvance":7,"rect":{"x":294,"y":208,"width":0,"height":0}},"33":{"xOffset":1,"yOffset":3,"xAdvance":11,"rect":{"x":460,"y":132,"width":18,"height":37}},"34":{"xOffset":0,"yOffset":3,"xAdvance":15,"rect":{"x":131,"y":208,"width":23,"height":22}},"35":{"xOffset":0,"yOffset":3,"xAdvance":22,"rect":{"x":68,"y":132,"width":31,"height":37}},"36":{"xOffset":0,"yOffset":-1,"xAdvance":21,"rect":{"x":122,"y":2,"width":30,"height":44}},"37":{"xOffset":0,"yOffset":3,"xAdvance":30,"rect":{"x":128,"y":51,"width":39,"height":38}},"38":{"xOffset":1,"yOffset":3,"xAdvance":25,"rect":{"x":242,"y":51,"width":33,"height":38}},"39":{"xOffset":0,"yOffset":3,"xAdvance":7,"rect":{"x":156,"y":208,"width":15,"height":22}},"40":{"xOffset":0,"yOffset":3,"xAdvance":14,"rect":{"x":251,"y":2,"width":23,"height":42}},"41":{"xOffset":-1,"yOffset":3,"xAdvance":14,"rect":{"x":276,"y":2,"width":23,"height":42}},"42":{"xOffset":0,"yOffset":1,"xAdvance":15,"rect":{"x":50,"y":208,"width":23,"height":24}},"43":{"xOffset":0,"yOffset":9,"xAdvance":19,"rect":{"x":232,"y":171,"width":28,"height":30}},"44":{"xOffset":0,"yOffset":21,"xAdvance":10,"rect":{"x":30,"y":208,"width":18,"height":26}},"45":{"xOffset":1,"yOffset":16,"xAdvance":14,"rect":{"x":246,"y":208,"width":22,"height":16}},"46":{"xOffset":0,"yOffset":22,"xAdvance":10,"rect":{"x":196,"y":208,"width":18,"height":19}},"47":{"xOffset":0,"yOffset":1,"xAdvance":17,"rect":{"x":223,"y":2,"width":26,"height":42}},"48":{"xOffset":0,"yOffset":3,"xAdvance":22,"rect":{"x":134,"y":92,"width":30,"height":38}},"49":{"xOffset":-1,"yOffset":3,"xAdvance":15,"rect":{"x":435,"y":132,"width":23,"height":37}},"50":{"xOffset":0,"yOffset":3,"xAdvance":19,"rect":{"x":349,"y":132,"width":27,"height":37}},"51":{"xOffset":0,"yOffset":2,"xAdvance":19,"rect":{"x":351,"y":92,"width":28,"height":38}},"52":{"xOffset":-1,"yOffset":3,"xAdvance":21,"rect":{"x":35,"y":132,"width":31,"height":37}},"53":{"xOffset":0,"yOffset":2,"xAdvance":19,"rect":{"x":321,"y":92,"width":28,"height":38}},"54":{"xOffset":0,"yOffset":2,"xAdvance":20,"rect":{"x":259,"y":92,"width":29,"height":38}},"55":{"xOffset":0,"yOffset":3,"xAdvance":17,"rect":{"x":378,"y":132,"width":27,"height":37}},"56":{"xOffset":0,"yOffset":3,"xAdvance":21,"rect":{"x":228,"y":92,"width":29,"height":38}},"57":{"xOffset":0,"yOffset":2,"xAdvance":20,"rect":{"x":290,"y":92,"width":29,"height":38}},"58":{"xOffset":0,"yOffset":11,"xAdvance":10,"rect":{"x":456,"y":171,"width":18,"height":30}},"59":{"xOffset":1,"yOffset":10,"xAdvance":11,"rect":{"x":480,"y":132,"width":18,"height":37}},"60":{"xOffset":0,"yOffset":10,"xAdvance":17,"rect":{"x":2,"y":208,"width":26,"height":27}},"61":{"xOffset":1,"yOffset":13,"xAdvance":19,"rect":{"x":103,"y":208,"width":26,"height":22}},"62":{"xOffset":0,"yOffset":11,"xAdvance":18,"rect":{"x":476,"y":171,"width":26,"height":28}},"63":{"xOffset":0,"yOffset":2,"xAdvance":17,"rect":{"x":381,"y":92,"width":25,"height":38}},"64":{"xOffset":0,"yOffset":3,"xAdvance":36,"rect":{"x":17,"y":2,"width":44,"height":46}},"65":{"xOffset":0,"yOffset":3,"xAdvance":26,"rect":{"x":427,"y":92,"width":35,"height":37}},"66":{"xOffset":1,"yOffset":3,"xAdvance":23,"rect":{"x":101,"y":132,"width":30,"height":37}},"67":{"xOffset":0,"yOffset":3,"xAdvance":23,"rect":{"x":2,"y":92,"width":32,"height":38}},"68":{"xOffset":1,"yOffset":3,"xAdvance":25,"rect":{"x":464,"y":92,"width":32,"height":37}},"69":{"xOffset":1,"yOffset":3,"xAdvance":21,"rect":{"x":260,"y":132,"width":28,"height":37}},"70":{"xOffset":1,"yOffset":3,"xAdvance":21,"rect":{"x":290,"y":132,"width":28,"height":37}},"71":{"xOffset":0,"yOffset":3,"xAdvance":25,"rect":{"x":312,"y":51,"width":33,"height":38}},"72":{"xOffset":1,"yOffset":3,"xAdvance":27,"rect":{"x":277,"y":51,"width":33,"height":38}},"73":{"xOffset":1,"yOffset":3,"xAdvance":11,"rect":{"x":408,"y":92,"width":17,"height":38}},"74":{"xOffset":-1,"yOffset":3,"xAdvance":17,"rect":{"x":407,"y":132,"width":26,"height":37}},"75":{"xOffset":1,"yOffset":3,"xAdvance":24,"rect":{"x":36,"y":92,"width":32,"height":38}},"76":{"xOffset":1,"yOffset":3,"xAdvance":19,"rect":{"x":320,"y":132,"width":27,"height":37}},"77":{"xOffset":0,"yOffset":3,"xAdvance":32,"rect":{"x":85,"y":51,"width":41,"height":38}},"78":{"xOffset":1,"yOffset":3,"xAdvance":27,"rect":{"x":417,"y":51,"width":33,"height":38}},"79":{"xOffset":0,"yOffset":3,"xAdvance":27,"rect":{"x":169,"y":51,"width":35,"height":38}},"80":{"xOffset":1,"yOffset":3,"xAdvance":23,"rect":{"x":165,"y":132,"width":30,"height":37}},"81":{"xOffset":0,"yOffset":3,"xAdvance":27,"rect":{"x":85,"y":2,"width":35,"height":45}},"82":{"xOffset":1,"yOffset":4,"xAdvance":24,"rect":{"x":2,"y":132,"width":31,"height":37}},"83":{"xOffset":0,"yOffset":3,"xAdvance":21,"rect":{"x":197,"y":132,"width":30,"height":37}},"84":{"xOffset":-1,"yOffset":3,"xAdvance":21,"rect":{"x":133,"y":132,"width":30,"height":37}},"85":{"xOffset":1,"yOffset":3,"xAdvance":26,"rect":{"x":452,"y":51,"width":32,"height":38}},"86":{"xOffset":-1,"yOffset":2,"xAdvance":24,"rect":{"x":206,"y":51,"width":34,"height":38}},"87":{"xOffset":0,"yOffset":3,"xAdvance":34,"rect":{"x":40,"y":51,"width":43,"height":38}},"88":{"xOffset":-1,"yOffset":3,"xAdvance":23,"rect":{"x":382,"y":51,"width":33,"height":38}},"89":{"xOffset":-1,"yOffset":3,"xAdvance":23,"rect":{"x":347,"y":51,"width":33,"height":38}},"90":{"xOffset":0,"yOffset":3,"xAdvance":21,"rect":{"x":229,"y":132,"width":29,"height":37}},"91":{"xOffset":1,"yOffset":3,"xAdvance":13,"rect":{"x":200,"y":2,"width":21,"height":43}},"92":{"xOffset":0,"yOffset":1,"xAdvance":16,"rect":{"x":387,"y":2,"width":25,"height":40}},"93":{"xOffset":0,"yOffset":3,"xAdvance":13,"rect":{"x":301,"y":2,"width":21,"height":42}},"94":{"xOffset":0,"yOffset":2,"xAdvance":17,"rect":{"x":75,"y":208,"width":26,"height":23}},"95":{"xOffset":1,"yOffset":30,"xAdvance":15,"rect":{"x":270,"y":208,"width":22,"height":15}},"96":{"xOffset":1,"yOffset":2,"xAdvance":14,"rect":{"x":173,"y":208,"width":21,"height":19}},"97":{"xOffset":0,"yOffset":10,"xAdvance":18,"rect":{"x":321,"y":171,"width":26,"height":30}},"98":{"xOffset":0,"yOffset":1,"xAdvance":21,"rect":{"x":324,"y":2,"width":30,"height":40}},"99":{"xOffset":0,"yOffset":11,"xAdvance":17,"rect":{"x":349,"y":171,"width":26,"height":30}},"100":{"xOffset":0,"yOffset":2,"xAdvance":22,"rect":{"x":414,"y":2,"width":30,"height":39}},"101":{"xOffset":0,"yOffset":10,"xAdvance":18,"rect":{"x":292,"y":171,"width":27,"height":30}},"102":{"xOffset":-1,"yOffset":2,"xAdvance":15,"rect":{"x":476,"y":2,"width":26,"height":39}},"103":{"xOffset":0,"yOffset":10,"xAdvance":22,"rect":{"x":102,"y":92,"width":30,"height":38}},"104":{"xOffset":1,"yOffset":1,"xAdvance":21,"rect":{"x":446,"y":2,"width":28,"height":39}},"105":{"xOffset":1,"yOffset":1,"xAdvance":10,"rect":{"x":2,"y":51,"width":17,"height":39}},"106":{"xOffset":-2,"yOffset":2,"xAdvance":10,"rect":{"x":63,"y":2,"width":20,"height":46}},"107":{"xOffset":0,"yOffset":1,"xAdvance":20,"rect":{"x":356,"y":2,"width":29,"height":40}},"108":{"xOffset":1,"yOffset":1,"xAdvance":9,"rect":{"x":21,"y":51,"width":17,"height":39}},"109":{"xOffset":1,"yOffset":10,"xAdvance":31,"rect":{"x":68,"y":171,"width":38,"height":30}},"110":{"xOffset":1,"yOffset":10,"xAdvance":21,"rect":{"x":202,"y":171,"width":28,"height":30}},"111":{"xOffset":0,"yOffset":10,"xAdvance":20,"rect":{"x":171,"y":171,"width":29,"height":30}},"112":{"xOffset":1,"yOffset":10,"xAdvance":22,"rect":{"x":70,"y":92,"width":30,"height":38}},"113":{"xOffset":0,"yOffset":11,"xAdvance":21,"rect":{"x":197,"y":92,"width":29,"height":38}},"114":{"xOffset":1,"yOffset":10,"xAdvance":14,"rect":{"x":431,"y":171,"width":23,"height":30}},"115":{"xOffset":0,"yOffset":11,"xAdvance":16,"rect":{"x":377,"y":171,"width":25,"height":30}},"116":{"xOffset":0,"yOffset":6,"xAdvance":15,"rect":{"x":2,"y":171,"width":24,"height":35}},"117":{"xOffset":1,"yOffset":11,"xAdvance":21,"rect":{"x":262,"y":171,"width":28,"height":30}},"118":{"xOffset":0,"yOffset":11,"xAdvance":20,"rect":{"x":108,"y":171,"width":30,"height":30}},"119":{"xOffset":0,"yOffset":11,"xAdvance":29,"rect":{"x":28,"y":171,"width":38,"height":30}},"120":{"xOffset":-1,"yOffset":11,"xAdvance":19,"rect":{"x":140,"y":171,"width":29,"height":30}},"121":{"xOffset":-1,"yOffset":10,"xAdvance":19,"rect":{"x":166,"y":92,"width":29,"height":38}},"122":{"xOffset":0,"yOffset":10,"xAdvance":16,"rect":{"x":404,"y":171,"width":25,"height":30}},"123":{"xOffset":-1,"yOffset":3,"xAdvance":12,"rect":{"x":154,"y":2,"width":21,"height":43}},"124":{"xOffset":1,"yOffset":1,"xAdvance":7,"rect":{"x":2,"y":2,"width":13,"height":47}},"125":{"xOffset":0,"yOffset":3,"xAdvance":12,"rect":{"x":177,"y":2,"width":21,"height":43}},"126":{"xOffset":0,"yOffset":14,"xAdvance":20,"rect":{"x":216,"y":208,"width":28,"height":18}}},"kerningDict":{}}]],0,0,[0],[1],[1]]]]