[1,["43okCDG6pBa4OWMM8FS7fI@6c48a"],["_textureSource"],["cc.SpriteFrame"],0,[{"name":"car110","rect":{"x":1,"y":23,"width":157,"height":118},"offset":{"x":-0.5,"y":-2},"originalSize":{"width":160,"height":160},"rotated":false,"capInsets":[0,0,0,0],"vertices":{"rawPosition":[-78.5,-59,0,78.5,-59,0,-78.5,59,0,78.5,59,0],"indexes":[0,1,2,2,1,3],"uv":[1,137,158,137,1,19,158,19],"nuv":[0.00625,0.11875,0.9875,0.11875,0.00625,0.85625,0.9875,0.85625],"minPos":{"x":-78.5,"y":-59,"z":0},"maxPos":{"x":78.5,"y":59,"z":0}},"packable":true,"pixelsToUnit":100,"pivot":{"x":0.5,"y":0.5},"meshType":0}],[0],0,[0],[0],[0]]
