[1,["d5G1uHEWZD3p5l6u7N4Iql","1brw/JvvpFnIvdrxpFCgMZ","04VXbotX1NQbUU9QiXiwrA@6c48a","51pp/hAiFA66/2nG77dhNs@050ef","51pp/hAiFA66/2nG77dhNs@801a3","51pp/hAiFA66/2nG77dhNs@8c383","51pp/hAiFA66/2nG77dhNs@4166c","51pp/hAiFA66/2nG77dhNs@6726b","51pp/hAiFA66/2nG77dhNs@14b6a","28OvcvllhHroo/r8V0XSKH","12Y9dMgWdJKJGmTiZyQR9H@2e76e","b2CHZXgV9LsLRfeKbBGIoj@6c48a"],["node","_mesh","mainTexture","_effectAsset","root","nodeGas","data"],[["cc.Node",["_name","_prefab","_parent","_components","_lpos","_lrot","_lscale","_euler","_children"],2,4,1,9,5,5,5,5,2],["cc.Material",["_name","_states","_defines","_techIdx","_props"],-1,12],["cc.MeshRenderer",["_shadowCastingMode","_name","node","__prefab","_materials","bakeSettings","_mesh"],1,1,4,3,4,6],["cc.Mesh",["_native","_hash","_struct"],1,11],["cc.Prefab",["_name"],2],["e6d4fVD3pxJ7Y1Khf8fRUoa",["_name","maxSpeed","minSpeed","node","__prefab","nodeGas"],0,1,4,1],["cc.CompPrefabInfo",["fileId"],2],["cc.BoxCollider",["_name","node","__prefab","_center","_size"],2,1,4,5,5],["cc.RigidBody",["_name","_mass","_linearDamping","_angularDamping","_useGravity","node","__prefab"],-2,1,4],["cc.PrefabInfo",["fileId","instance","targetOverrides","nestedPrefabInstanceRoots","root","asset"],-1,1,1],["cc.ModelBakeSettings",[],3]],[[6,0,2],[9,0,1,2,3,4,5,5],[3,0,1,2,3],[10,1],[2,0,2,3,4,5,6,2],[0,0,2,3,1,4,6,2],[1,0,3,1,2,4,5],[1,0,1,2,4,4],[4,0,2],[0,0,8,3,1,4,2],[0,0,2,8,1,2],[0,0,2,3,1,5,6,7,2],[0,0,2,3,1,4,5,6,7,2],[0,0,2,1,4,5,7,2],[5,0,1,2,3,4,5,4],[7,0,1,2,3,4,2],[8,0,1,2,3,4,5,6,6],[2,1,2,3,4,5,6,2]],[[[[2,".bin",3219909449,[{"primitives":[{"primitiveMode":7,"vertexBundelIndices":[0],"indexView":{"offset":6776,"length":2400,"count":600,"stride":4}}],"vertexBundles":[{"view":{"offset":0,"length":6776,"count":121,"stride":56},"attributes":[{"name":"a_position","format":32,"isNormalized":false},{"name":"a_normal","format":32,"isNormalized":false},{"name":"a_texCoord","format":21,"isNormalized":false},{"name":"a_tangent","format":44,"isNormalized":false},{"name":"a_texCoord1","format":21,"isNormalized":false}]}]},"minPosition",8,[1,-5,0,-5],"maxPosition",8,[1,5,0,5]]],-1],0,0,[],[],[]],[[[6,"light","1",[{"blendState":{"targets":[{}]},"depthStencilState":{},"rasterizerState":{}}],[{"USE_ALBEDO_MAP":true,"OCCLUSION_CHANNEL":"b","ROUGHNESS_CHANNEL":"r","METALLIC_CHANNEL":"g"}],[[[{"occlusion":0,"roughness":0.8,"metallic":0.6},"emissive",8,[4,4293261567],"mainColor",8,[4,2483027968],"mainTexture",6,0]],11]]],0,0,[0,0],[2,3],[2,1]],[[[2,".bin",2030054636,[{"primitives":[{"primitiveMode":7,"vertexBundelIndices":[0],"indexView":{"offset":174000,"length":21564,"count":5391,"stride":4}}],"vertexBundles":[{"view":{"offset":0,"length":174000,"count":3625,"stride":48},"attributes":[{"name":"a_position","format":32,"isNormalized":false},{"name":"a_normal","format":32,"isNormalized":false},{"name":"a_texCoord","format":21,"isNormalized":false},{"name":"a_tangent","format":44,"isNormalized":false}]}]},"minPosition",8,[1,-0.04926568269729614,-0.08842764794826508,0.012460358440876007],"maxPosition",8,[1,0.0470513254404068,0.08940321207046509,0.08373670279979706]]],-1],0,0,[],[],[]],[[[2,".bin",399031285,[{"primitives":[{"primitiveMode":7,"vertexBundelIndices":[0],"indexView":{"offset":3072,"length":384,"count":96,"stride":4}}],"vertexBundles":[{"view":{"offset":0,"length":3072,"count":64,"stride":48},"attributes":[{"name":"a_position","format":32,"isNormalized":false},{"name":"a_normal","format":32,"isNormalized":false},{"name":"a_texCoord","format":21,"isNormalized":false},{"name":"a_tangent","format":44,"isNormalized":false}]}]},"minPosition",8,[1,-0.04458998143672943,-0.006960892118513584,-0.004960276186466217],"maxPosition",8,[1,0.044579751789569855,0.006969614420086145,0.0049535175785422325]]],-1],0,0,[],[],[]],[[[2,".bin",1122804613,[{"primitives":[{"primitiveMode":7,"vertexBundelIndices":[0],"indexView":{"offset":5760,"length":480,"count":120,"stride":4}}],"vertexBundles":[{"view":{"offset":0,"length":5760,"count":120,"stride":48},"attributes":[{"name":"a_position","format":32,"isNormalized":false},{"name":"a_normal","format":32,"isNormalized":false},{"name":"a_texCoord","format":21,"isNormalized":false},{"name":"a_tangent","format":44,"isNormalized":false}]}]},"minPosition",8,[1,-0.007284767460078001,-0.013566398993134499,-0.013029412366449833],"maxPosition",8,[1,0.007245360407978296,0.013566367328166962,0.014388094656169415]]],-1],0,0,[],[],[]],[[[2,".bin",3827892100,[{"primitives":[{"primitiveMode":7,"vertexBundelIndices":[0],"indexView":{"offset":5760,"length":480,"count":120,"stride":4}}],"vertexBundles":[{"view":{"offset":0,"length":5760,"count":120,"stride":48},"attributes":[{"name":"a_position","format":32,"isNormalized":false},{"name":"a_normal","format":32,"isNormalized":false},{"name":"a_texCoord","format":21,"isNormalized":false},{"name":"a_tangent","format":44,"isNormalized":false}]}]},"minPosition",8,[1,-0.0050933752208948135,-0.01356639713048935,-0.012998306192457676],"maxPosition",8,[1,0.00941048376262188,0.013566357083618641,0.0144191924482584]]],-1],0,0,[],[],[]],[[[2,".bin",3370156485,[{"primitives":[{"primitiveMode":7,"vertexBundelIndices":[0],"indexView":{"offset":5760,"length":480,"count":120,"stride":4}}],"vertexBundles":[{"view":{"offset":0,"length":5760,"count":120,"stride":48},"attributes":[{"name":"a_position","format":32,"isNormalized":false},{"name":"a_normal","format":32,"isNormalized":false},{"name":"a_texCoord","format":21,"isNormalized":false},{"name":"a_tangent","format":44,"isNormalized":false}]}]},"minPosition",8,[1,-0.0072847106494009495,-0.013566391542553902,-0.0130294319242239],"maxPosition",8,[1,0.007245300803333521,0.01356638316065073,0.014388065785169601]]],-1],0,0,[],[],[]],[[[2,".bin",1225435729,[{"primitives":[{"primitiveMode":7,"vertexBundelIndices":[0],"indexView":{"offset":5760,"length":480,"count":120,"stride":4}}],"vertexBundles":[{"view":{"offset":0,"length":5760,"count":120,"stride":48},"attributes":[{"name":"a_position","format":32,"isNormalized":false},{"name":"a_normal","format":32,"isNormalized":false},{"name":"a_texCoord","format":21,"isNormalized":false},{"name":"a_tangent","format":44,"isNormalized":false}]}]},"minPosition",8,[1,-0.00509336544200778,-0.01356640923768282,-0.01299825869500637],"maxPosition",8,[1,0.009410417638719082,0.013566354289650917,0.01441924273967743]]],-1],0,0,[],[],[]],[[[8,"car101"],[9,"car101",[-6,-7,-8],[[14,"car<car>",0.2,0.02,-3,[0,"e64q/dxY1BvLv33jIQeA8r"],-2],[15,"car101<BoxCollider>",-4,[0,"32965DQepFJo0W4PgJQab3"],[1,0,0.3,0],[1,1,0.5,1]],[16,"car101<RigidBody>",10,0,0,false,-5,[0,"1aFflfu0lEkY1cIgb+EDcs"]]],[1,"33Uhs1dolM3a6GcJG6G6wf",null,null,null,-1,0],[1,-1,0,45]],[10,"RootNode",1,[-9,-10,-11,-12,-13,-14],[1,"Node.593",null,null,null,1,0]],[11,"chuzu02",2,[[4,1,-15,[0,"3f0pyrETpHx79EkJKZ/DY2"],[0],[3],1]],[1,"Node.594",null,null,null,1,0],[3,0.7009090756500369,-6.127542185364965e-8,-6.235434546696067e-8,0.7132506345397831],[1,-6.23844623565674,-6.23844623565674,-6.0649094581604],[1,88.99996969132904,-7.877938247119141e-13,-0.000010017912168977351]],[5,"tyre4",2,[[4,1,-16,[0,"9b24X6JCpNXb9Jch6JlpRr"],[2],[3],3]],[1,"Node.595",null,null,null,1,0],[1,0.237070500850677,0.08955068141222,-0.338036328554153],[1,-6.23844623565674,-6.23844623565674,-6.0649094581604]],[5,"tyre1",2,[[4,1,-17,[0,"1cVEULLgxEk5Lv4UOnUFuG"],[4],[3],5]],[1,"Node.596",null,null,null,1,0],[1,-0.237846583127975,0.0895507112145424,0.291596740484238],[1,-6.23844623565674,-6.23844623565674,-6.0649094581604]],[5,"tyre2",2,[[4,1,-18,[0,"24y9bzZ7NJ5psIZy8uLHp1"],[6],[3],7]],[1,"Node.597",null,null,null,1,0],[1,0.237070590257645,0.089550644159317,0.291596621274948],[1,-6.23844623565674,-6.23844623565674,-6.0649094581604]],[5,"tyre3",2,[[4,1,-19,[0,"cetcU4soxBs7vDPNJvA26h"],[8],[3],9]],[1,"Node.598",null,null,null,1,0],[1,-0.237846672534943,0.089550718665123,-0.338036239147186],[1,-6.23844623565674,-6.23844623565674,-6.0649094581604]],[12,"light1",2,[[4,1,-20,[0,"c9Q57fa9FAv4L1we0u6ghm"],[10],[3],11]],[1,"Node.599",null,null,null,1,0],[1,0.0064697596244514,0.227475345134735,0.500026047229767],[3,0.7009090756500369,-6.127541474822228e-8,-6.235435257238804e-8,0.7132506345397831],[1,-6.23844623565674,-6.23844623565674,-6.06491041183472],[1,88.99996969132904,3.636461224375672e-13,-0.000010017912179026118]],[5,"light",1,[[17,"Plane<MeshRenderer>",-21,[0,"7aWw0kMBtMtrYvwEVvd7+H"],[12],[3],13]],[1,"79o98KvXNNJJfeEU/xPK1d",null,null,null,1,0],[1,0,0.1,-1.0499999999999972],[1,0.08,0.1,0.1]],[13,"gas",1,[1,"c0OxLgHzBD+5szmpuTZ0cn",null,null,null,1,0],[1,-0.007,0.1,0.522],[3,1,0,0,6.123233995736766e-17],[1,180,0,0]]],0,[0,4,1,0,5,10,0,0,1,0,0,1,0,0,1,0,-1,2,0,-2,9,0,-3,10,0,-1,3,0,-2,4,0,-3,5,0,-4,6,0,-5,7,0,-6,8,0,0,3,0,0,4,0,0,5,0,0,6,0,0,7,0,0,8,0,0,9,0,6,1,21],[0,0,0,0,0,0,0,0,0,0,0,0,0,0],[-1,1,-1,1,-1,1,-1,1,-1,1,-1,1,-1,1],[0,3,0,4,0,5,0,6,0,7,0,8,9,10]],[[[7,"car",[{"rasterizerState":{},"depthStencilState":{},"blendState":{"targets":[{}]}},{},{}],[{"USE_ALBEDO_MAP":true},{},{}],[[[{"alphaThreshold":1,"roughness":0.70710676908493,"metallic":0.400000005960464},"albedoScale",8,[1,1,1,1],"mainTexture",6,0],{},{}],11,0,0]]],0,0,[0,0],[2,3],[11,1]]]]
