[1,["cdjduf6m9NTIrzB9fSaVNN@6c48a"],["_textureSource"],["cc.SpriteFrame"],0,[{"name":"car105Black","rect":{"x":3,"y":28,"width":152,"height":106},"offset":{"x":-1,"y":-1},"originalSize":{"width":160,"height":160},"rotated":false,"capInsets":[0,0,0,0],"vertices":{"rawPosition":[-76,-53,0,76,-53,0,-76,53,0,76,53,0],"indexes":[0,1,2,2,1,3],"uv":[3,132,155,132,3,26,155,26],"nuv":[0.01875,0.1625,0.96875,0.1625,0.01875,0.825,0.96875,0.825],"minPos":{"x":-76,"y":-53,"z":0},"maxPos":{"x":76,"y":53,"z":0}},"packable":true,"pixelsToUnit":100,"pivot":{"x":0.5,"y":0.5},"meshType":0}],[0],0,[0],[0],[0]]
