[1,["9aMIAcPydNRL0I44ZPN5er","1brw/JvvpFnIvdrxpFCgMZ","b1GUJCtA1Fl7UuDBVg2lUO@a96a6","c2H5zHbmZGjrCAhE0GNNOq@6c48a","b1GUJCtA1Fl7UuDBVg2lUO@a3120","b1GUJCtA1Fl7UuDBVg2lUO@4166c","b1GUJCtA1Fl7UuDBVg2lUO@801a3","b1GUJCtA1Fl7UuDBVg2lUO@8c383","b1GUJCtA1Fl7UuDBVg2lUO@6726b","11Mx/ilXtKGrtgCVEgJ3Q/","b1GUJCtA1Fl7UuDBVg2lUO@9b25d","28OvcvllhHroo/r8V0XSKH","12Y9dMgWdJKJGmTiZyQR9H@2e76e"],["node","_mesh","mainTexture","_effectAsset","root","nodeGas","data"],[["cc.Node",["_name","_prefab","_parent","_components","_lpos","_lscale","_lrot","_euler","_children"],2,4,1,9,5,5,5,5,2],["cc.MeshRenderer",["_name","node","__prefab","_materials","bakeSettings","_mesh"],2,1,4,3,4,6],["cc.Material",["_name","_states","_defines","_props"],0,12],["cc.Prefab",["_name"],2],["e6d4fVD3pxJ7Y1Khf8fRUoa",["_name","maxSpeed","minSpeed","node","__prefab","nodeGas"],0,1,4,1],["cc.CompPrefabInfo",["fileId"],2],["cc.BoxCollider",["node","__prefab","_center","_size"],3,1,4,5,5],["cc.RigidBody",["_mass","_linearDamping","_angularDamping","_useGravity","node","__prefab"],-1,1,4],["cc.PrefabInfo",["fileId","instance","targetOverrides","nestedPrefabInstanceRoots","root","asset"],-1,1,1],["cc.ModelBakeSettings",[],3],["cc.Mesh",["_native","_hash","_struct"],1,11]],[[5,0,2],[8,0,1,2,3,4,5,5],[9,1],[1,1,2,3,4,5,1],[10,0,1,2,3],[0,0,2,3,1,4,6,5,7,2],[2,0,1,2,3,4],[0,0,2,3,1,4,6,7,2],[3,0,2],[0,0,8,3,1,4,2],[0,0,2,8,1,5,2],[0,0,2,3,1,6,5,7,2],[0,0,2,3,1,4,5,2],[0,0,2,1,4,6,7,2],[4,0,1,2,3,4,5,4],[6,0,1,2,3,1],[7,0,1,2,3,4,5,5],[1,0,1,2,3,4,5,2]],[[[[6,"light1",[{"rasterizerState":{},"blendState":{"targets":[{"blend":true,"blendSrc":2,"blendDst":4,"blendDstAlpha":4}]},"depthStencilState":{"depthWrite":false}}],[{"USE_ALBEDO_MAP":true}],[[[{"metallic":0.400000005960464,"roughness":0.70710676908493},"albedoScale",8,[1,1,1,1],"mainTexture",6,0]],11]]],0,0,[0,0],[2,3],[2,1]],[[[6,"carPurple",[{"rasterizerState":{},"depthStencilState":{},"blendState":{"targets":[{}]}},{},{}],[{"USE_ALBEDO_MAP":true},{},{}],[[[{"alphaThreshold":1,"roughness":0.70710676908493,"metallic":0.400000005960464},"albedoScale",8,[1,1,1,1],"mainTexture",6,0],{},{}],11,0,0]]],0,0,[0,0],[2,3],[3,1]],[[[8,"car110"],[9,"car110",[-6,-7,-8],[[14,"car<car>",0.3,0.02,-3,[0,"9bKG28i2JLa7VRXqzOsiFJ"],-2],[15,-4,[0,"c3zi0vVA5OapJFz96zdkiu"],[1,0,0.3,0],[1,0.6,0.5,1.2]],[16,10,0,0,false,-5,[0,"56/nGlscZCnpCDqPMKn7ii"]]],[1,"33Uhs1dolM3a6GcJG6G6wf",null,null,null,-1,0],[1,-0.106,0,0]],[10,"RootNode",1,[-9,-10,-11,-12,-13,-14],[1,"11x2lv4r9S54APRaPVE/kb",null,null,null,1,0],[1,2.5,2.5,2.5]],[11,"taxi06",2,[[3,-15,[0,"59ccwAtJlaV5gpFx/rdKpi"],[0],[2],1]],[1,"e1rn+ONYpYoIuKhgkdxYlX",null,null,null,1,0],[3,1.3767877029817625e-7,0.707106781186534,0.707106781186534,-1.3767877029817625e-7],[1,50.5816116333008,50.5816116333008,50.5816116333008],[1,-89.99999999999999,-179.9999776882002,0]],[5,"tyre2",2,[[3,-16,[0,"748sm2f01eZIHwR0/j8pKg"],[2],[2],3]],[1,"3eXHxoZ6xQL7vERV2jY/+z",null,null,null,1,0],[1,0.0920587256550789,0.0410073399543762,0.134626850485802],[3,1.3767877029817625e-7,0.707106781186534,0.707106781186534,-1.3767877029817625e-7],[1,50.5816116333008,50.5816116333008,50.5816116333008],[1,-89.99999999999999,-179.9999776882002,0]],[5,"tyre4",2,[[3,-17,[0,"a60Q2yfGxYGaF+KGvmI578"],[4],[2],5]],[1,"8dgIJHtxRcu6go6Ad50GBG",null,null,null,1,0],[1,0.0920587331056595,0.0410073548555374,-0.157623410224915],[3,1.3767877029817625e-7,0.707106781186534,0.707106781186534,-1.3767877029817625e-7],[1,50.5816116333008,50.5816116333008,50.5816116333008],[1,-89.99999999999999,-179.9999776882002,0]],[7,"tyre1",2,[[3,-18,[0,"1dc2gdoKFTHpnHT+E/JDIG"],[6],[2],7]],[1,"60Tn6h541Xz4Zvos/iONUp",null,null,null,1,0],[1,-0.0917970240116119,0.0410073399543762,0.134626850485802],[3,-0.7071068407911906,0,0,0.7071067215818996],[1,-90.0000096593463,0,0]],[7,"tyre3",2,[[3,-19,[0,"9bJO3kdb9drrvL+TpGYYHP"],[8],[2],9]],[1,"d02u8EXxhbRJPf+jfhYdLS",null,null,null,1,0],[1,-0.0917970165610313,0.0410073548555374,-0.157632634043694],[3,-0.7071068407911906,0,0,0.7071067215818996],[1,-90.0000096593463,0,0]],[5,"light1-3",2,[[3,-20,[0,"13KHYyrKRR4pSCbQpWfrMI"],[10],[2],11]],[1,"80VPuaadZf2qg9XvTz+fIS",null,null,null,1,0],[1,9.22818514936807e-8,0.0550887957215309,0.215647056698799],[3,1.3767877029817625e-7,0.707106781186534,0.707106781186534,-1.3767877029817625e-7],[1,50.5816116333008,50.5816116333008,50.5816116333008],[1,-89.99999999999999,-179.9999776882002,0]],[12,"light",1,[[17,"Plane<MeshRenderer>",-21,[0,"50GVwthUpLIro8weAkNARZ"],[12],[2],13]],[1,"10F5cTK6RI+q7Hynq70NIc",null,null,null,1,0],[1,0,0.1,-1.093],[1,0.08,0.1,0.1]],[13,"gas",1,[1,"21uxfv+dNIKrj/NloG0GlU",null,null,null,1,0],[1,0,0.1,0.7],[3,1,0,0,6.123233995736766e-17],[1,180,0,0]]],0,[0,4,1,0,5,10,0,0,1,0,0,1,0,0,1,0,-1,2,0,-2,9,0,-3,10,0,-1,3,0,-2,4,0,-3,5,0,-4,6,0,-5,7,0,-6,8,0,0,3,0,0,4,0,0,5,0,0,6,0,0,7,0,0,8,0,0,9,0,6,1,21],[0,0,0,0,0,0,0,0,0,0,0,0,0,0],[-1,1,-1,1,-1,1,-1,1,-1,1,-1,1,-1,1],[0,4,0,5,0,6,0,7,0,8,9,10,11,12]],[[[4,".bin",2742387060,[{"primitives":[{"primitiveMode":7,"vertexBundelIndices":[0],"indexView":{"offset":20496,"length":1200,"count":600,"stride":2}}],"vertexBundles":[{"view":{"offset":0,"length":20496,"count":427,"stride":48},"attributes":[{"name":"a_position","format":32,"isNormalized":false},{"name":"a_normal","format":32,"isNormalized":false},{"name":"a_texCoord","format":21,"isNormalized":false},{"name":"a_tangent","format":44,"isNormalized":false}]}]},"minPosition",8,[1,-0.0002939049736596644,-0.0007358415168710053,-0.0007358408765867352],"maxPosition",8,[1,0.0002939054393209517,0.0007358422735705972,0.0007358409930020571]]],-1],0,0,[],[],[]],[[[4,".bin",1144649229,[{"primitives":[{"primitiveMode":7,"vertexBundelIndices":[0],"indexView":{"offset":24816,"length":1200,"count":600,"stride":2}}],"vertexBundles":[{"view":{"offset":0,"length":24816,"count":517,"stride":48},"attributes":[{"name":"a_position","format":32,"isNormalized":false},{"name":"a_normal","format":32,"isNormalized":false},{"name":"a_texCoord","format":21,"isNormalized":false},{"name":"a_tangent","format":44,"isNormalized":false}]}]},"minPosition",8,[1,-0.014866208657622337,-0.03722008690237999,-0.037220023572444916],"maxPosition",8,[1,0.014866222627460957,0.03722003847360611,0.03722001612186432]]],-1],0,0,[],[],[]],[[[4,".bin",2742387060,[{"primitives":[{"primitiveMode":7,"vertexBundelIndices":[0],"indexView":{"offset":20496,"length":1200,"count":600,"stride":2}}],"vertexBundles":[{"view":{"offset":0,"length":20496,"count":427,"stride":48},"attributes":[{"name":"a_position","format":32,"isNormalized":false},{"name":"a_normal","format":32,"isNormalized":false},{"name":"a_texCoord","format":21,"isNormalized":false},{"name":"a_tangent","format":44,"isNormalized":false}]}]},"minPosition",8,[1,-0.0002939049736596644,-0.0007358415168710053,-0.0007358408765867352],"maxPosition",8,[1,0.0002939054393209517,0.0007358422735705972,0.0007358409930020571]]],-1],0,0,[],[],[]],[[[4,".bin",1144649229,[{"primitives":[{"primitiveMode":7,"vertexBundelIndices":[0],"indexView":{"offset":24816,"length":1200,"count":600,"stride":2}}],"vertexBundles":[{"view":{"offset":0,"length":24816,"count":517,"stride":48},"attributes":[{"name":"a_position","format":32,"isNormalized":false},{"name":"a_normal","format":32,"isNormalized":false},{"name":"a_texCoord","format":21,"isNormalized":false},{"name":"a_tangent","format":44,"isNormalized":false}]}]},"minPosition",8,[1,-0.014866208657622337,-0.03722008690237999,-0.037220023572444916],"maxPosition",8,[1,0.014866222627460957,0.03722003847360611,0.03722001612186432]]],-1],0,0,[],[],[]],[[[4,".bin",2211584881,[{"primitives":[{"primitiveMode":7,"vertexBundelIndices":[0],"indexView":{"offset":3264,"length":192,"count":96,"stride":2}}],"vertexBundles":[{"view":{"offset":0,"length":3264,"count":68,"stride":48},"attributes":[{"name":"a_position","format":32,"isNormalized":false},{"name":"a_normal","format":32,"isNormalized":false},{"name":"a_texCoord","format":21,"isNormalized":false},{"name":"a_tangent","format":44,"isNormalized":false}]}]},"minPosition",8,[1,-0.0018249566201120615,-0.0002027872105827555,-0.0004228048783261329],"maxPosition",8,[1,0.0018249567365273833,0.0002027875161729753,0.0004228048783261329]]],-1],0,0,[],[],[]],[[[4,".bin",3980244478,[{"primitives":[{"primitiveMode":7,"vertexBundelIndices":[0],"indexView":{"offset":86208,"length":5856,"count":2928,"stride":2}}],"vertexBundles":[{"view":{"offset":0,"length":86208,"count":1796,"stride":48},"attributes":[{"name":"a_position","format":32,"isNormalized":false},{"name":"a_normal","format":32,"isNormalized":false},{"name":"a_texCoord","format":21,"isNormalized":false},{"name":"a_tangent","format":44,"isNormalized":false}]}]},"minPosition",8,[1,-0.0022984619718044996,-0.00469684274867177,0.0006535537540912628],"maxPosition",8,[1,0.0022984619718044996,0.004506838042289019,0.004238491412252188]]],-1],0,0,[],[],[]]]]
