[1,["34OZfnkKlAT6XQG5DqU0Ls","bcaqUX7ZlP7rOKnEW/5FwO@6c48a","1brw/JvvpFnIvdrxpFCgMZ","01FgTfTixMJ7gXKjDtPfki@f14ee","01FgTfTixMJ7gXKjDtPfki@14b6a","01FgTfTixMJ7gXKjDtPfki@8c383","01FgTfTixMJ7gXKjDtPfki@4166c","01FgTfTixMJ7gXKjDtPfki@6726b","01FgTfTixMJ7gXKjDtPfki@801a3","28OvcvllhHroo/r8V0XSKH","12Y9dMgWdJKJGmTiZyQR9H@2e76e"],["node","_mesh","mainTexture","_effectAsset","root","nodeGas","data"],[["cc.Node",["_name","_prefab","_lpos","_parent","_components","_children","_lrot","_lscale","_euler"],2,4,5,1,9,2,5,5,5],["cc.MeshRenderer",["_shadowCastingMode","_name","node","__prefab","_materials","bakeSettings","_mesh"],1,1,4,3,4,6],["cc.Mesh",["_native","_hash","_struct"],1,11],["cc.Material",["_name","_states","_defines","_props"],0,12],["cc.Prefab",["_name"],2],["e6d4fVD3pxJ7Y1Khf8fRUoa",["_name","maxSpeed","minSpeed","node","__prefab","nodeGas"],0,1,4,1],["cc.CompPrefabInfo",["fileId"],2],["cc.BoxCollider",["node","__prefab","_center","_size"],3,1,4,5,5],["cc.RigidBody",["_mass","_linearDamping","_angularDamping","_useGravity","node","__prefab"],-1,1,4],["cc.PrefabInfo",["fileId","instance","targetOverrides","nestedPrefabInstanceRoots","root","asset"],-1,1,1],["cc.ModelBakeSettings",[],3]],[[6,0,2],[9,0,1,2,3,4,5,5],[10,1],[2,0,1,2,3],[0,0,3,4,1,2,7,2],[1,0,2,3,4,5,6,2],[0,0,3,4,1,2,6,7,8,2],[3,0,1,2,3,4],[4,0,2],[0,0,5,4,1,2,2],[0,0,3,5,1,2],[0,0,3,1,2,6,8,2],[5,0,1,2,3,4,5,4],[7,0,1,2,3,1],[8,0,1,2,3,4,5,5],[1,1,0,2,3,4,5,6,3],[1,1,2,3,4,5,6,2]],[[[[3,".bin",3303262645,[{"primitives":[{"primitiveMode":7,"vertexBundelIndices":[0],"indexView":{"offset":704,"length":96,"count":48,"stride":2}}],"vertexBundles":[{"view":{"offset":0,"length":704,"count":22,"stride":32},"attributes":[{"name":"a_position","format":32,"isNormalized":false},{"name":"a_normal","format":32,"isNormalized":false},{"name":"a_texCoord","format":21,"isNormalized":false}]}]},"minPosition",8,[1,-0.0038482164964079857,-0.0003216904297005385,-0.0002208939113188535],"maxPosition",8,[1,0.0038510735612362623,0.00029586494201794267,0.0002208942169090733]]],-1],0,0,[],[],[]],[[[3,".bin",2847952687,[{"primitives":[{"primitiveMode":7,"vertexBundelIndices":[0],"indexView":{"offset":4544,"length":1200,"count":600,"stride":2}}],"vertexBundles":[{"view":{"offset":0,"length":4544,"count":142,"stride":32},"attributes":[{"name":"a_position","format":32,"isNormalized":false},{"name":"a_normal","format":32,"isNormalized":false},{"name":"a_texCoord","format":21,"isNormalized":false}]}]},"minPosition",8,[1,-0.0005961960414424539,-0.0016422881744801998,-0.0016422872431576252],"maxPosition",8,[1,0.0005961954593658447,0.0016422875924035907,0.0016422870103269815]]],-1],0,0,[],[],[]],[[[3,".bin",1977785573,[{"primitives":[{"primitiveMode":7,"vertexBundelIndices":[0],"indexView":{"offset":4544,"length":1200,"count":600,"stride":2}}],"vertexBundles":[{"view":{"offset":0,"length":4544,"count":142,"stride":32},"attributes":[{"name":"a_position","format":32,"isNormalized":false},{"name":"a_normal","format":32,"isNormalized":false},{"name":"a_texCoord","format":21,"isNormalized":false}]}]},"minPosition",8,[1,-0.0005961957504041493,-0.0016422881744801998,-0.0016422868939116597],"maxPosition",8,[1,0.0005961954593658447,0.0016422875924035907,0.0016422868939116597]]],-1],0,0,[],[],[]],[[[3,".bin",2095832624,[{"primitives":[{"primitiveMode":7,"vertexBundelIndices":[0],"indexView":{"offset":4544,"length":1200,"count":600,"stride":2}}],"vertexBundles":[{"view":{"offset":0,"length":4544,"count":142,"stride":32},"attributes":[{"name":"a_position","format":32,"isNormalized":false},{"name":"a_normal","format":32,"isNormalized":false},{"name":"a_texCoord","format":21,"isNormalized":false}]}]},"minPosition",8,[1,-0.0005961957504041493,-0.0016422885237261653,-0.0016422868939116597],"maxPosition",8,[1,0.0005961954593658447,0.001642287359572947,0.0016422868939116597]]],-1],0,0,[],[],[]],[[[3,".bin",491463137,[{"primitives":[{"primitiveMode":7,"vertexBundelIndices":[0],"indexView":{"offset":4544,"length":1200,"count":600,"stride":2}}],"vertexBundles":[{"view":{"offset":0,"length":4544,"count":142,"stride":32},"attributes":[{"name":"a_position","format":32,"isNormalized":false},{"name":"a_normal","format":32,"isNormalized":false},{"name":"a_texCoord","format":21,"isNormalized":false}]}]},"minPosition",8,[1,-0.0005961957504041493,-0.0016422879416495562,-0.0016422872431576252],"maxPosition",8,[1,0.0005961957504041493,0.0016422879416495562,0.0016422870103269815]]],-1],0,0,[],[],[]],[[[3,".bin",2687770194,[{"primitives":[{"primitiveMode":7,"vertexBundelIndices":[0],"indexView":{"offset":65504,"length":9612,"count":4806,"stride":2}}],"vertexBundles":[{"view":{"offset":0,"length":65504,"count":2047,"stride":32},"attributes":[{"name":"a_position","format":32,"isNormalized":false},{"name":"a_normal","format":32,"isNormalized":false},{"name":"a_texCoord","format":21,"isNormalized":false}]}]},"minPosition",8,[1,-0.004820297937840223,-0.009761273860931396,0.001296043861657381],"maxPosition",8,[1,0.004820297937840223,0.009761274792253971,0.009968132711946964]]],-1],0,0,[],[],[]],[[[7,"carOrange",[{"blendState":{"targets":[{}]},"depthStencilState":{},"rasterizerState":{}}],[{"USE_ALBEDO_MAP":true,"ROUGHNESS_CHANNEL":"g","METALLIC_CHANNEL":"b","OCCLUSION_CHANNEL":"r"}],[[[{"occlusion":0,"roughness":0.70710676908493,"metallic":0.400000005960464,"alphaThreshold":1,"normalStrenth":1,"normalStrength":1},"albedoScale",8,[1,1,1,1],"pbrScale",8,[2,1,0.70710676908493,0.400000005960464,1],"mainTexture",6,0]],11]]],0,0,[0,0],[2,3],[1,2]],[[[8,"car104"],[9,"car104",[-6,-7,-8],[[12,"car<car>",0.2,0.02,-3,[0,"7b/bzTN4JECLsnFhW/ip4y"],-2],[13,-4,[0,"75bFxPxR5JzbieqIOa2Sfz"],[1,0,0.3,0],[1,0.6,0.5,1]],[14,10,0,0,false,-5,[0,"0a0hUV9VtC2I/0px9yh/j+"]]],[1,"33Uhs1dolM3a6GcJG6G6wf",null,null,null,-1,0],[1,-1,0,45]],[10,"RootNode",1,[-9,-10,-11,-12,-13,-14],[1,"Node.779",null,null,null,1,0]],[6,"taxi03",2,[[5,1,-15,[0,"9dGKbhDS1LtatCV55vkt/u"],[0],[2],1]],[1,"Node.780",null,null,null,1,0],[1,0.00915951654314995,2.46519027371436e-34,-0.0337550267577171],[3,5.3385076829104055e-8,0.7071067811865455,0.7071067811865455,-5.3385076829104055e-8],[1,61.8082542419434,53.7873191833496,53.7873191833496],[1,-89.99999999999999,-179.99999134857796,0]],[6,"light1",2,[[5,1,-16,[0,"aawRrG2UBNjK8CdOPddEWy"],[2],[2],3]],[1,"Node.781",null,null,null,1,0],[1,0.00915959384292364,0.190721854567528,0.47151517868042],[3,5.3385076829104055e-8,0.7071067811865455,0.7071067811865455,-5.3385076829104055e-8],[1,61.8082542419434,53.7873191833496,53.7873191833496],[1,-89.99999999999999,-179.99999134857796,0]],[4,"tyre1",2,[[15,"tyre1<MeshRenderer>",1,-17,[0,"d8VAe9lhxFQYLj+Bf8VDeL"],[4],[2],5]],[1,"Node.782",null,null,null,1,0],[1,0.215133,0.09738489985466,0.215250968933105],[1,61.8082542419434,53.7873191833496,53.7873191833496]],[4,"tyre2",2,[[5,1,-18,[0,"eabMDZ1h5GOaIh5okmFwkQ"],[6],[2],7]],[1,"Node.783",null,null,null,1,0],[1,-0.233452,0.09738489985466,0.215250909328461],[1,61.8082542419434,53.7873191833496,53.7873191833496]],[4,"tyre3",2,[[5,1,-19,[0,"fePbl+CZ1PJLmmhygSc7Lw"],[8],[2],9]],[1,"Node.784",null,null,null,1,0],[1,0.215133,0.0973849147558212,-0.274055600166321],[1,61.8082542419434,53.7873191833496,53.7873191833496]],[4,"tyre4",2,[[5,1,-20,[0,"35cNjeXg1MXZdRP5/+M956"],[10],[2],11]],[1,"Node.785",null,null,null,1,0],[1,-0.233452,0.0973849147558212,-0.274055659770966],[1,61.8082542419434,53.7873191833496,53.7873191833496]],[11,"gas",1,[1,"b91lITCbpLQYIyNIxdKbIj",null,null,null,1,0],[1,0,0.1,0.7],[3,1,0,0,6.123233995736766e-17],[1,180,0,0]],[4,"light",1,[[16,"Plane<MeshRenderer>",-21,[0,"10LCHJf19AephT0oZpi1C3"],[12],[2],13]],[1,"b2mueAZqtDyIzRuuO6cyOT",null,null,null,1,0],[1,0,0.1,-1.05],[1,0.08,0.1,0.1]]],0,[0,4,1,0,5,9,0,0,1,0,0,1,0,0,1,0,-1,2,0,-2,9,0,-3,10,0,-1,3,0,-2,4,0,-3,5,0,-4,6,0,-5,7,0,-6,8,0,0,3,0,0,4,0,0,5,0,0,6,0,0,7,0,0,8,0,0,10,0,6,1,21],[0,0,0,0,0,0,0,0,0,0,0,0,0,0],[-1,1,-1,1,-1,1,-1,1,-1,1,-1,1,-1,1],[0,3,0,4,0,5,0,6,0,7,0,8,9,10]]]]
