[1,["ecpdLyjvZBwrvm+cedCcQy","97fP6bIcdJjrBgVBgAURqL","e97GVMl6JHh5Ml5qEDdSGa","f0BIwQ8D5Ml7nTNQbh1YlS","29FYIk+N1GYaeWH/q1NxQO","880rSqjVFG1qFrZcDVtPVi","71VhFCTINJM6/Ky3oX9nBT","10cciOBUFNA7mSdJ+uvoPQ","7fog772RdDp5iT93dE1OXR","f1pDlGDoZPz6VdvPjp4rxw","b32Km8qOFGZJLVXqTss2yX","1e4U8MlOpEcb0p89ENgfAJ","fa9YWusPNOXrEPC2ousUPH","b4P/PCArtIdIH38t6mlw8Y","e8Ueib+qJEhL6mXAHdnwbi","767se5UsZKr6kmIuzxL6tt"],["node","_N$file","_textureSetter","_N$target","_spriteFrame","target","_parent","_N$normalSprite","_N$pressedSprite","_N$hoverSprite","_N$disabledSprite","scene","maskBestCombo","maskBestScore","comboLabel","scoreLabel","compStart","circleItem","root","drawPlanet","centerNum","drawCtn","data"],[["cc.Node",["_name","_id","_opacity","_components","_contentSize","_parent","_trs","_children","_color","_prefab","_anchorPoint"],0,9,5,1,7,2,5,4,5],"cc.SpriteFrame",["cc.Widget",["_alignFlags","_top","_left","_originalWidth","_originalHeight","_bottom","_right","node"],-4,1],["cc.Label",["_string","_fontSize","_isSystemFontUsed","_N$verticalAlign","_N$horizontalAlign","_lineHeight","_N$overflow","_enableWrapText","node","_materials","_N$file"],-5,1,3,6],["cc.Node",["_name","_opacity","_components","_contentSize","_parent","_color","_trs","_anchorPoint"],1,12,5,1,5,7,5],["cc.Node",["_name","_parent","_components","_prefab","_contentSize"],2,1,2,4,5],["cc.Sprite",["_sizeMode","_type","node","_materials","_spriteFrame"],1,1,3,6],["cc.Button",["zoomScale","_N$transition","node","clickEvents","_N$target","_N$pressedColor","_N$disabledColor","_N$normalSprite","_N$pressedSprite","_N$hoverSprite","_N$disabledSprite","_N$normalColor"],1,1,9,1,5,5,6,6,6,6,5],["cc.Graphics",["_lineWidth","_lineJoin","node","_fillColor"],1,1,5],["cc.SceneAsset",["_name","asyncLoadAssets"],1],["cc.Canvas",["node","_designResolution"],3,1,5],["cc.ClickEvent",["component","handler","target"],1,1],["cc.Scene",["_name","_children","_anchorPoint","_trs"],2,2,5,7],["cc.Camera",["_clearFlags","_depth","node"],1,1],["07104eeqttE24KefBV7t9oC",["node","gameBg"],3,1,1],["276f4sGObpMdYwYbM0ENhmM",["node","gameMask","circleGroup"],3,1,1,1],["cc.Prefab",["_name"],2],["0aa524r4KVJToVOLcFtzwfb",["node","drawCtn","centerNum","drawPlanet"],3,1,1,1,1],["cc.BoxCollider",["node","_size"],3,1,5],["cc.PrefabInfo",["fileId","root"],2,1]],[[2,0,7,2],[19,0,1,2],[0,0,5,7,3,4,6,2],[2,0,1,7,3],[2,0,2,1,7,4],[6,0,2,3,4,2],[11,0,1,2,3],[0,0,5,7,3,4,2],[0,0,5,3,4,2],[0,0,5,3,9,4,2],[4,0,4,2,5,3,6,2],[6,1,0,2,3,3],[7,0,1,2,3,5,6,4,7,8,9,10,3],[3,0,1,2,4,3,8,9,6],[3,0,1,7,2,4,3,6,8,9,10,8],[9,0,1,3],[0,0,1,7,3,4,6,3],[0,0,5,3,4,6,2],[0,0,2,5,3,8,4,10,6,3],[0,0,5,3,6,2],[0,0,5,3,8,4,2],[0,0,7,3,9,4,2],[5,0,1,2,2],[5,0,1,2,3,4,2],[4,0,4,2,3,2],[4,0,1,4,2,5,3,7,6,3],[4,0,1,2,5,3,7,6,3],[10,0,1,1],[2,0,3,4,7,4],[2,0,2,5,7,4],[2,0,2,6,1,3,7,6],[7,0,1,2,3,11,4,3],[3,0,1,5,2,3,6,8,9,10,7],[3,0,1,2,8,9,4],[3,0,1,5,2,3,8,9,6],[3,0,1,2,4,3,8,6],[12,0,1,2,3,2],[13,0,1,2,3],[14,0,1,1],[15,0,1,2,1],[16,0,2],[17,0,1,2,3,1],[18,0,1,1],[8,0,1,2,3,3],[8,0,2,2]],[[[{"name":"ftc_bg","rect":[0,0,1,1],"offset":[0,0],"originalSize":[1,1],"capInsets":[0,0,0,0]}],[1],0,[0],[2],[5]],[[{"name":"default_btn_disabled","rect":[0,0,40,40],"offset":[0,0],"originalSize":[40,40],"capInsets":[12,12,12,12]}],[1],0,[0],[2],[6]],[[[15,"follow_the_circle",null],[16,"Canvas","e65Uk7mRVEXbuT50VAzJnC",[-3,-4,-5,-6,-7,-8,-9,-10],[[27,-1,[5,375,750]],[0,45,-2]],[5,375,750],[187.5,375,0,0,0,0,1,1,1,1]],[7,"ftcGameReadyMask",1,[-13,-14,-15,-16,-17],[[0,45,-11],[5,0,-12,[20],21]],[5,375,750]],[2,"gameBegainBtn",2,[-23],[[11,1,0,-18,[6]],[12,0.95,3,-21,[[6,"ftc_start","startGame",-20]],[4,4294967295],[4,4294967295],-19,7,8,9,10],[3,17,335,-22]],[5,100,40],[0,20,0,0,0,0,1,1,1,1]],[2,"btnBack",2,[-29],[[11,1,0,-24,[13]],[12,0.95,3,-27,[[6,"ftc_start","backList",-26]],[4,4294967295],[4,4294967295],-25,14,15,16,17],[3,17,400,-28]],[5,100,40],[0,-45,0,0,0,0,1,1,1,1]],[22,"start",1,[-30]],[17,"closeBtn",1,[[5,0,-31,[24],25],[4,9,4,4,-32],[31,0.95,3,-34,[[6,"ftc_start","tapCloseBtnToQuitThisGame",5]],[4,4292269782],-33]],[5,26,26],[-170.5,358,0,0,0,0,1,1,1,1]],[8,"ftcGameBg",1,[[5,0,-35,[0],1],[28,45,375,750,-36]],[5,375,750]],[7,"ftcGameComtainer",1,[-38],[[0,45,-37]],[5,375,750]],[24,"circleGroup",8,[[-39,[0,45,-40]],1,4],[5,375,750]],[10,"ftcBestScore",2,[[-41,[4,17,102.345,178.89,-42]],1,4],[4,4282964599],[5,178.44,40],[0,176.11,0,0,0,0,1,1,1,1]],[10,"ftcBestCombo",2,[[-43,[3,17,220,-44]],1,4],[4,4284966911],[5,155.22,40],[0,135,0,0,0,0,1,1,1,1]],[18,"Introduction",131,2,[[32,"Touch each ball according to the order in which the colors appear",10,20,false,1,3,-45,[18],19],[29,12,10,10,-46]],[4,4292927712],[5,250,40],[0,0,0.5],[-177.5,-345,0,0,0,0,1,1,1,1]],[25,"ftcScore",195,1,[[-47,[30,9,35,291,7,79.5,-48]],1,4],[4,4294958683],[5,81.5,40],[0,0,0.5],[-152.5,348,0,0,0,0,1,1,1,1]],[26,"comboNum",0,[[-49,[0,10,-50]],1,4],[4,4281628159],[5,24,90],[0,0,0.5],[-75,0,0,0,0,0,1,1,1,1]],[2,"combo",1,[14],[[4,9,10,39.065,-51]],[5,150,40],[-102.5,315.935,0,0,0,0,1,1,1,1]],[36,"New Node",[1],[0,0,0],[0,0,0,0,0,0,1,1,1,1]],[19,"Main Camera",1,[[37,7,-1,-52]],[0,0,530.0075471160765,0,0,0,1,1,1,1]],[38,9,7],[39,5,2,18],[13,"Best score: 10000",22,false,1,1,10,[2]],[13,"Best combo: 20",22,false,1,1,11,[3]],[8,"Label",3,[[14,"START",28,false,false,1,1,1,-53,[4],5]],[5,100,40]],[20,"Label",4,[[14,"BACK",28,false,false,1,1,1,-54,[11],12]],[4,4294835709],[5,100,40]],[33,"SCORE: 0",18,false,13,[22]],[34,"0",12,90,false,1,14,[23]]],0,[0,0,1,0,0,1,0,-1,17,0,-2,7,0,-3,8,0,-4,13,0,-5,15,0,-6,6,0,-7,2,0,-8,5,0,0,2,0,0,2,0,-1,10,0,-2,11,0,-3,3,0,-4,4,0,-5,12,0,0,3,0,3,3,0,5,5,0,0,3,0,0,3,0,-1,22,0,0,4,0,3,4,0,5,5,0,0,4,0,0,4,0,-1,23,0,-1,19,0,0,6,0,0,6,0,3,6,0,0,6,0,0,7,0,0,7,0,0,8,0,-1,9,0,-1,18,0,0,9,0,-1,20,0,0,10,0,-1,21,0,0,11,0,0,12,0,0,12,0,-1,24,0,0,13,0,-1,25,0,0,14,0,0,15,0,0,17,0,0,22,0,0,23,0,11,16,1,6,16,14,6,15,18,12,21,18,13,20,18,14,25,18,15,24,18,16,19,54],[0,0,0,0,0,0,0,0,0,0,0,0,0,0,0,0,0,0,0,0,0,0,0,0,0,0,20,21,18,24,25],[-1,4,-1,-1,-1,1,-1,7,8,9,10,-1,1,-1,7,8,9,10,-1,1,-1,4,-1,-1,-1,4,1,1,17,1,1],[0,7,0,0,0,1,0,3,2,2,4,0,1,0,3,2,2,4,0,1,0,8,0,0,0,9,1,1,10,1,11]],[[{"name":"ftc_mask_bg","rect":[0,0,1,1],"offset":[0,0],"originalSize":[1,1],"capInsets":[0,0,0,0]}],[1],0,[0],[2],[12]],[[[40,"circleItem"],[21,"circleItem",[-7,-8,-9],[[41,-5,-4,-3,-2],[42,-6,[5,64,64]]],[1,"25C+812w9JEYbfLSaXNWS0",-1],[5,60,60]],[9,"drawCtn",1,[[43,8,1,-10,[4,4278190080]],[0,45,-11]],[1,"3cyAADZ1JBw4UbvLPtE7pz",1],[5,60,60]],[9,"drawPlanet",1,[[44,1,-12],[0,45,-13]],[1,"dd2z7j6J9LD4qXrn44cqLk",1],[5,60,60]],[23,"tapTimes",1,[-14],[1,"a12csvKm5OYoNgcb55a9W+",1],[5,10.83,14.44]],[35,"0",13,false,1,1,4]],0,[0,18,1,0,19,3,0,20,5,0,21,2,0,0,1,0,0,1,0,-1,2,0,-2,4,0,-3,3,0,0,2,0,0,2,0,0,3,0,0,3,0,-1,5,0,22,1,14],[5],[1],[1]],[[{"name":"default_btn_pressed","rect":[0,0,40,40],"offset":[0,0],"originalSize":[40,40],"capInsets":[12,12,12,12]}],[1],0,[0],[2],[13]],[[{"name":"default_btn_normal","rect":[0,0,40,40],"offset":[0,0],"originalSize":[40,40],"capInsets":[12,12,12,12]}],[1],0,[0],[2],[14]],[[{"name":"close","rect":[0,3,47,46],"offset":[-1.5,-1],"originalSize":[50,50],"capInsets":[0,0,0,0]}],[1],0,[0],[2],[15]]]]