[1,["3czHYGF2BEaIkm/d/NuWv6","05hDPMaetGVIOs2JrTRRD0@6c48a","0a9dFcG55D2IwHBFgsPold@6c48a","abZ2PNYMBBj5q3itoY+azm@f9941","0a9dFcG55D2IwHBFgsPold@f9941","1fjDkkICtLWqRrkHLOZ8B3@6c48a","26TolE30JM+a12Vn9JQYUK@6c48a","2csuvBmetD0YWmCkNAMRn4@6c48a","6ak8WtH2lOUIvE7pyOh3Qa@6c48a","72wft2V/lKgpjDQrWNzeqP@6c48a","83RriQiuFPGLRBuznq8LYB@6c48a","abZ2PNYMBBj5q3itoY+azm@6c48a","b3TPwz9QRHvrRCO0Mwi03q@6c48a","c1zKdBGo1ALqDeLxLJKyov@6c48a","ebd2QcYj1L7YPP9+RSAZj0@6c48a","f2WzV9r25LeJ1pQMt7IcoV@6c48a"],["_textureSource","node","root","aniBoom","ndRewardParent","data","_spriteFrame","imgGold","_defaultClip"],["cc.SpriteFrame",["cc.Node",["_name","_layer","_components","_prefab","_children","_lpos","_parent"],1,9,4,2,5,1],["cc.UITransform",["_name","node","__prefab","_contentSize"],2,1,4,5],["cc.Prefab",["_name"],2],["cc.Node",["_name","_layer","_parent","_components","_prefab","_lscale"],1,1,12,4,5],["cc.CompPrefabInfo",["fileId"],2],["cc.Widget",["_alignFlags","_originalWidth","_originalHeight","_alignMode","node","__prefab"],-1,1,4],["d14d4EewSBFtIn6B/rRUvjM",["node","__prefab","ndRewardParent","aniBoom","imgGold"],3,1,4,1,1,6],["cc.PrefabInfo",["fileId","instance","targetOverrides","nestedPrefabInstanceRoots","root","asset"],-1,1,1],["cc.Sprite",["_name","_sizeMode","_isTrimmedMode","node","__prefab","_spriteFrame"],0,1,4,6],["cc.Animation",["_name","node","__prefab","_clips"],2,1,4,3]],[[5,0,2],[8,0,1,2,3,4,5,5],[2,1,2,3,1],[6,0,1,2,3,4,5,5],[3,0,2],[1,0,1,4,2,3,5,3],[1,0,1,6,2,3,3],[4,0,1,2,3,4,5,3],[2,0,1,2,3,2],[7,0,1,2,3,4,1],[9,0,1,2,3,4,5,4],[10,0,1,2,3,2]],[[[{"name":"00007","rect":{"x":64,"y":65,"width":127,"height":126},"offset":{"x":-0.5,"y":0},"originalSize":{"width":256,"height":256},"rotated":false,"capInsets":[0,0,0,0],"vertices":{"rawPosition":[-63.5,-63,0,63.5,-63,0,-63.5,63,0,63.5,63,0],"indexes":[0,1,2,2,1,3],"uv":[64,191,191,191,64,65,191,65],"nuv":[0.25,0.25390625,0.74609375,0.25390625,0.25,0.74609375,0.74609375,0.74609375],"minPos":{"x":-63.5,"y":-63,"z":0},"maxPos":{"x":63.5,"y":63,"z":0}},"packable":true,"pixelsToUnit":100,"pivot":{"x":0.5,"y":0.5},"meshType":0}],[0],0,[0],[0],[1]],[[{"name":"commonIconCoin","rect":{"x":0,"y":0,"width":42,"height":46},"offset":{"x":0,"y":0},"originalSize":{"width":42,"height":46},"rotated":false,"capInsets":[0,0,0,0],"vertices":{"rawPosition":[-21,-23,0,21,-23,0,-21,23,0,21,23,0],"indexes":[0,1,2,2,1,3],"uv":[0,46,42,46,0,0,42,0],"nuv":[0,0,1,0,0,1,1,1],"minPos":{"x":-21,"y":-23,"z":0},"maxPos":{"x":21,"y":23,"z":0}},"packable":true,"pixelsToUnit":100,"pivot":{"x":0.5,"y":0.5},"meshType":0}],[0],0,[0],[0],[2]],[[[4,"flyReward"],[5,"flyReward",1082130432,[-7,-8],[[2,-2,[0,"c77JZEu8ZMgpyV7WDsVffM"],[5,720,1280]],[3,45,100,100,1,-3,[0,"0bnmcxEt1JBb3AyL5nVrBk"]],[9,-6,[0,"a8EZLq9z1FVLtvclLLuf3J"],-5,-4,2]],[1,"68GD3vioNNYrFQrco8ZbO5",null,null,null,-1,0],[1,0,0,-1]],[7,"boom",1082130432,1,[[[8,"boom<UITransform>",-9,[0,"24N6Jw5jJKsLFIIwouCn7I"],[5,256,256]],[10,"boom<Sprite>",2,false,-10,[0,"54Vqps3PtL3Z0TbgUi5RPB"],0],-11],4,4,1],[1,"62+wdjfdBOPrZsOaSd9DHD",null,null,null,1,0],[1,3,3,3]],[6,"reward",1082130432,1,[[2,-12,[0,"61dgpa88BGAp4V0d09Htts"],[5,720,1280]],[3,45,100,100,1,-13,[0,"9dT7yClW9NBZv39qck2l0c"]]],[1,"a3sVIJ86VGkLpVSqXCwNaD",null,null,null,1,0]],[11,"boom<Animation>",2,[0,"956TJKo29Or40jG2WMyW1M"],[1]]],0,[0,2,1,0,1,1,0,1,1,0,3,4,0,4,3,0,1,1,0,-1,2,0,-2,3,0,1,2,0,1,2,0,-3,4,0,1,3,0,1,3,0,5,1,13],[0,0,0,4],[6,-1,7,8],[3,0,4,0]],[[{"name":"00006","rect":{"x":54,"y":54,"width":148,"height":148},"offset":{"x":0,"y":0},"originalSize":{"width":256,"height":256},"rotated":false,"capInsets":[0,0,0,0],"vertices":{"rawPosition":[-74,-74,0,74,-74,0,-74,74,0,74,74,0],"indexes":[0,1,2,2,1,3],"uv":[54,202,202,202,54,54,202,54],"nuv":[0.2109375,0.2109375,0.7890625,0.2109375,0.2109375,0.7890625,0.7890625,0.7890625],"minPos":{"x":-74,"y":-74,"z":0},"maxPos":{"x":74,"y":74,"z":0}},"packable":true,"pixelsToUnit":100,"pivot":{"x":0.5,"y":0.5},"meshType":0}],[0],0,[0],[0],[5]],[[{"name":"00009","rect":{"x":58,"y":59,"width":139,"height":139},"offset":{"x":-0.5,"y":-0.5},"originalSize":{"width":256,"height":256},"rotated":false,"capInsets":[0,0,0,0],"vertices":{"rawPosition":[-69.5,-69.5,0,69.5,-69.5,0,-69.5,69.5,0,69.5,69.5,0],"indexes":[0,1,2,2,1,3],"uv":[58,197,197,197,58,58,197,58],"nuv":[0.2265625,0.2265625,0.76953125,0.2265625,0.2265625,0.76953125,0.76953125,0.76953125],"minPos":{"x":-69.5,"y":-69.5,"z":0},"maxPos":{"x":69.5,"y":69.5,"z":0}},"packable":true,"pixelsToUnit":100,"pivot":{"x":0.5,"y":0.5},"meshType":0}],[0],0,[0],[0],[6]],[[{"name":"00002","rect":{"x":31,"y":30,"width":195,"height":196},"offset":{"x":0.5,"y":0},"originalSize":{"width":256,"height":256},"rotated":false,"capInsets":[0,0,0,0],"vertices":{"rawPosition":[-97.5,-98,0,97.5,-98,0,-97.5,98,0,97.5,98,0],"indexes":[0,1,2,2,1,3],"uv":[31,226,226,226,31,30,226,30],"nuv":[0.12109375,0.1171875,0.8828125,0.1171875,0.12109375,0.8828125,0.8828125,0.8828125],"minPos":{"x":-97.5,"y":-98,"z":0},"maxPos":{"x":97.5,"y":98,"z":0}},"packable":true,"pixelsToUnit":100,"pivot":{"x":0.5,"y":0.5},"meshType":0}],[0],0,[0],[0],[7]],[[{"name":"00011","rect":{"x":52,"y":52,"width":152,"height":152},"offset":{"x":0,"y":0},"originalSize":{"width":256,"height":256},"rotated":false,"capInsets":[0,0,0,0],"vertices":{"rawPosition":[-76,-76,0,76,-76,0,-76,76,0,76,76,0],"indexes":[0,1,2,2,1,3],"uv":[52,204,204,204,52,52,204,52],"nuv":[0.203125,0.203125,0.796875,0.203125,0.203125,0.796875,0.796875,0.796875],"minPos":{"x":-76,"y":-76,"z":0},"maxPos":{"x":76,"y":76,"z":0}},"packable":true,"pixelsToUnit":100,"pivot":{"x":0.5,"y":0.5},"meshType":0}],[0],0,[0],[0],[8]],[[{"name":"00008","rect":{"x":61,"y":62,"width":133,"height":132},"offset":{"x":-0.5,"y":0},"originalSize":{"width":256,"height":256},"rotated":false,"capInsets":[0,0,0,0],"vertices":{"rawPosition":[-66.5,-66,0,66.5,-66,0,-66.5,66,0,66.5,66,0],"indexes":[0,1,2,2,1,3],"uv":[61,194,194,194,61,62,194,62],"nuv":[0.23828125,0.2421875,0.7578125,0.2421875,0.23828125,0.7578125,0.7578125,0.7578125],"minPos":{"x":-66.5,"y":-66,"z":0},"maxPos":{"x":66.5,"y":66,"z":0}},"packable":true,"pixelsToUnit":100,"pivot":{"x":0.5,"y":0.5},"meshType":0}],[0],0,[0],[0],[9]],[[{"name":"00004","rect":{"x":0,"y":0,"width":256,"height":256},"offset":{"x":0,"y":0},"originalSize":{"width":256,"height":256},"rotated":false,"capInsets":[0,0,0,0],"vertices":{"rawPosition":[-128,-128,0,128,-128,0,-128,128,0,128,128,0],"indexes":[0,1,2,2,1,3],"uv":[0,256,256,256,0,0,256,0],"nuv":[0,0,1,0,0,1,1,1],"minPos":{"x":-128,"y":-128,"z":0},"maxPos":{"x":128,"y":128,"z":0}},"packable":true,"pixelsToUnit":100,"pivot":{"x":0.5,"y":0.5},"meshType":0}],[0],0,[0],[0],[10]],[[{"name":"00001","rect":{"x":64,"y":63,"width":129,"height":130},"offset":{"x":0.5,"y":0},"originalSize":{"width":256,"height":256},"rotated":false,"capInsets":[0,0,0,0],"vertices":{"rawPosition":[-64.5,-65,0,64.5,-65,0,-64.5,65,0,64.5,65,0],"indexes":[0,1,2,2,1,3],"uv":[64,193,193,193,64,63,193,63],"nuv":[0.25,0.24609375,0.75390625,0.24609375,0.25,0.75390625,0.75390625,0.75390625],"minPos":{"x":-64.5,"y":-65,"z":0},"maxPos":{"x":64.5,"y":65,"z":0}},"packable":true,"pixelsToUnit":100,"pivot":{"x":0.5,"y":0.5},"meshType":0}],[0],0,[0],[0],[11]],[[{"name":"00003","rect":{"x":0,"y":0,"width":256,"height":256},"offset":{"x":0,"y":0},"originalSize":{"width":256,"height":256},"rotated":false,"capInsets":[0,0,0,0],"vertices":{"rawPosition":[-128,-128,0,128,-128,0,-128,128,0,128,128,0],"indexes":[0,1,2,2,1,3],"uv":[0,256,256,256,0,0,256,0],"nuv":[0,0,1,0,0,1,1,1],"minPos":{"x":-128,"y":-128,"z":0},"maxPos":{"x":128,"y":128,"z":0}},"packable":true,"pixelsToUnit":100,"pivot":{"x":0.5,"y":0.5},"meshType":0}],[0],0,[0],[0],[12]],[[{"name":"00010","rect":{"x":57,"y":57,"width":142,"height":142},"offset":{"x":0,"y":0},"originalSize":{"width":256,"height":256},"rotated":false,"capInsets":[0,0,0,0],"vertices":{"rawPosition":[-71,-71,0,71,-71,0,-71,71,0,71,71,0],"indexes":[0,1,2,2,1,3],"uv":[57,199,199,199,57,57,199,57],"nuv":[0.22265625,0.22265625,0.77734375,0.22265625,0.22265625,0.77734375,0.77734375,0.77734375],"minPos":{"x":-71,"y":-71,"z":0},"maxPos":{"x":71,"y":71,"z":0}},"packable":true,"pixelsToUnit":100,"pivot":{"x":0.5,"y":0.5},"meshType":0}],[0],0,[0],[0],[13]],[[{"name":"00005","rect":{"x":0,"y":0,"width":256,"height":256},"offset":{"x":0,"y":0},"originalSize":{"width":256,"height":256},"rotated":false,"capInsets":[0,0,0,0],"vertices":{"rawPosition":[-128,-128,0,128,-128,0,-128,128,0,128,128,0],"indexes":[0,1,2,2,1,3],"uv":[0,256,256,256,0,0,256,0],"nuv":[0,0,1,0,0,1,1,1],"minPos":{"x":-128,"y":-128,"z":0},"maxPos":{"x":128,"y":128,"z":0}},"packable":true,"pixelsToUnit":100,"pivot":{"x":0.5,"y":0.5},"meshType":0}],[0],0,[0],[0],[14]],[[{"name":"00012","rect":{"x":49,"y":49,"width":158,"height":158},"offset":{"x":0,"y":0},"originalSize":{"width":256,"height":256},"rotated":false,"capInsets":[0,0,0,0],"vertices":{"rawPosition":[-79,-79,0,79,-79,0,-79,79,0,79,79,0],"indexes":[0,1,2,2,1,3],"uv":[49,207,207,207,49,49,207,49],"nuv":[0.19140625,0.19140625,0.80859375,0.19140625,0.19140625,0.80859375,0.80859375,0.80859375],"minPos":{"x":-79,"y":-79,"z":0},"maxPos":{"x":79,"y":79,"z":0}},"packable":true,"pixelsToUnit":100,"pivot":{"x":0.5,"y":0.5},"meshType":0}],[0],0,[0],[0],[15]]]]
